"crash_record_id","rd_no","crash_date_est_i","crash_date","posted_speed_limit","traffic_control_device","device_condition","weather_condition","lighting_condition","first_crash_type","trafficway_type","lane_cnt","alignment","roadway_surface_cond","road_defect","report_type","crash_type","intersection_related_i","private_property_i","hit_and_run_i","damage","date_police_notified","prim_contributory_cause","sec_contributory_cause","street_no","street_direction","street_name","beat_of_occurrence","photos_taken_i","statements_taken_i","dooring_i","work_zone_i","work_zone_type","workers_present_i","num_units","most_severe_injury","injuries_total","injuries_fatal","injuries_incapacitating","injuries_non_incapacitating","injuries_reported_not_evident","injuries_no_indication","injuries_unknown","crash_hour","crash_day_of_week","crash_month","latitude","longitude","location"
"75224392c2599d276dc4bfb5091921e08bfc033f084392dfb3cbed734b3f996914c122115dc5f3f09f222981414ab5db1fcb1ec6cb0ff078dda683a2d2adc551","JE493711",,"2021-12-30T23:45:00.000","30","STOP SIGN/FLASHER","FUNCTIONING PROPERLY","CLEAR","DARKNESS, LIGHTED ROAD","PARKED MOTOR VEHICLE","ONE-WAY",,"STRAIGHT AND LEVEL","DRY","NO DEFECTS","ON SCENE","NO INJURY / DRIVE AWAY","Y",,"Y","OVER $1,500","2021-12-31T09:00:00.000","UNABLE TO DETERMINE","NOT APPLICABLE","925","N","ROCKWELL ST","1211",,,,,,,"2","NO INDICATION OF INJURY","0","0","0","0","0","1","0","23","5","12","41.898378231","-87.691691192","POINT (-87.691691191965 41.89837823119)"
"6a45a5bcda41d615c47fbfe6fa3cf5b4ceeb189798724ffe5196cade131971587eb4f50d43361f111e8e5dcc7eb40b34d57cce56345c8aee638478b2aa42c8f0","JE493492",,"2021-12-30T23:40:00.000","5","NO CONTROLS","NO CONTROLS","CLEAR","DARKNESS","PARKED MOTOR VEHICLE","PARKING LOT",,"STRAIGHT AND LEVEL","DRY","NO DEFECTS","ON SCENE","NO INJURY / DRIVE AWAY",,,,"$501 - $1,500","2021-12-30T23:57:00.000","FAILING TO REDUCE SPEED TO AVOID CRASH","UNABLE TO DETERMINE","2120","S","JEFFERSON ST","1235",,,,,,,"2","NO INDICATION OF INJURY","0","0","0","0","0","1","0","23","5","12","41.853618799","-87.641879686","POINT (-87.641879686003 41.85361879914)"
"b9944f6ef5c3a5c0745fd2578f73c9749e60ec00f38d2e64e2483a7da26becebe0d0eda2112f1a16a3c0fb37ea9338d1ece1af6623bb7a18646c8552a7fc0e5f","JF101350",,"2021-12-30T23:38:00.000","30","NO CONTROLS","NO CONTROLS","CLEAR","DAYLIGHT","OTHER OBJECT","ALLEY",,"STRAIGHT AND LEVEL","DRY","NO DEFECTS","NOT ON SCENE (DESK REPORT)","NO INJURY / DRIVE AWAY",,,,"OVER $1,500","2022-01-02T15:45:00.000","ANIMAL","ANIMAL","7645","S","KINGSTON AVE","421",,,,,,,"1","NO INDICATION OF INJURY","0","0","0","0","0","1","0","23","5","12","41.755892395","-87.562526654","POINT (-87.562526653992 41.755892394541)"
"f0d3f241728d2cd757f1d9f6aa4c0722b23f8027ecabb7d518f15b0e3ef9711a6bcadd2dc0772cb915011bc4b04b1c032bed076df45bdf3bbfd5a0659ab19c2e","JE493467",,"2021-12-30T23:23:00.000","30","STOP SIGN/FLASHER","FUNCTIONING PROPERLY","CLEAR","DARKNESS, LIGHTED ROAD","ANGLE","FOUR WAY",,"STRAIGHT AND LEVEL","DRY","NO DEFECTS","ON SCENE","INJURY AND / OR TOW DUE TO CRASH","Y",,,"OVER $1,500","2021-12-30T23:40:00.000","FAILING TO YIELD RIGHT-OF-WAY","NOT APPLICABLE","400","S","ABERDEEN ST","1232",,,,,,,"5","NO INDICATION OF INJURY","0","0","0","0","0","4","0","23","5","12","41.876543223","-87.654678074","POINT (-87.654678074437 41.876543223048)"
"93885d4c6e257e66e5f17f088d82e926465616e05da26aebbe8e35492168c1a9a62d6352a08c1a639f9fdd56abf4262b1cc90e8f43dfffe8b4d6a31efc7ca38f","JE493469",,"2021-12-30T23:15:00.000","30","NO CONTROLS","NO CONTROLS","CLEAR","DARKNESS, LIGHTED ROAD","REAR END","DIVIDED - W/MEDIAN (NOT RAISED)",,"STRAIGHT AND LEVEL","WET","NO DEFECTS","NOT ON SCENE (DESK REPORT)","NO INJURY / DRIVE AWAY",,,"Y","OVER $1,500","2021-12-30T23:40:00.000","IMPROPER LANE USAGE","NOT APPLICABLE","3545","W","FULTON BLVD","1123",,,,,,,"2","NO INDICATION OF INJURY","0","0","0","0","0","3","0","23","5","12","41.886182997","-87.715397048","POINT (-87.71539704839 41.886182996624)"
"41db92eebe41c11061c8fe056ba7b80f1974320ad20374715e878374dd60353784907bfc8241439647040cab146abac4a608e386c3dd4e46d193ced63e169646","JE493450",,"2021-12-30T23:10:00.000","30","TRAFFIC SIGNAL","FUNCTIONING PROPERLY","CLEAR","DARKNESS, LIGHTED ROAD","FIXED OBJECT","T-INTERSECTION",,"STRAIGHT AND LEVEL","DRY","UNKNOWN","ON SCENE","INJURY AND / OR TOW DUE TO CRASH","Y",,,"OVER $1,500","2021-12-30T23:13:00.000","UNABLE TO DETERMINE","UNABLE TO DETERMINE","4000","W","76TH ST","833",,,,,,,"1","NO INDICATION OF INJURY","0","0","0","0","0","6","0","23","5","12","41.755193335","-87.722230431","POINT (-87.722230431257 41.755193334868)"
"e95669b125f131d767918554f5008a3179c604f0678b0ee6107345306833438a2ebd3ca736248b34216e35a82b55ed1fb633beace3d1ef6ef7e26ce8474e6046","JE493448",,"2021-12-30T23:01:00.000","40","NO CONTROLS","NO CONTROLS","CLEAR","DARKNESS, LIGHTED ROAD","SIDESWIPE SAME DIRECTION","DIVIDED - W/MEDIAN BARRIER",,"STRAIGHT AND LEVEL","DRY","UNKNOWN","ON SCENE","NO INJURY / DRIVE AWAY",,,,"$501 - $1,500","2021-12-30T23:01:00.000","UNABLE TO DETERMINE","UNABLE TO DETERMINE","5100","S","LAKE SHORE DR SB","234",,,,,,,"2","NO INDICATION OF INJURY","0","0","0","0","0","2","0","23","5","12","41.80247042","-87.581777928","POINT (-87.581777927646 41.802470420281)"
"f85d56563b36237d88bbbdce4d1fb2b90d87da084d2f0f8aec3e28792cc9e4c9dd491ef29b681a623810e06a58714d4e339cd712058062304e777e31785d5069","JE493460","Y","2021-12-30T22:59:00.000","30","NO CONTROLS","NO CONTROLS","CLEAR","DARKNESS, LIGHTED ROAD","SIDESWIPE SAME DIRECTION","DIVIDED - W/MEDIAN BARRIER",,"STRAIGHT ON HILLCREST","DRY","NO DEFECTS","ON SCENE","INJURY AND / OR TOW DUE TO CRASH",,,,"OVER $1,500","2021-12-30T23:18:00.000","UNABLE TO DETERMINE","NOT APPLICABLE","400","W","ROOSEVELT RD","124",,,,,,,"2","REPORTED, NOT EVIDENT","2","0","0","0","2","4","0","22","5","12","41.867379692","-87.637647042","POINT (-87.63764704188 41.867379692495)"
"629846065f2798a16a8e9091cd17f4acb82f422e3d0b799da2739480fea71db9871779f31c60b7785c6b11426a714d1aefe19fadc6a67b71d88445ff23026b95","JE493444",,"2021-12-30T22:22:00.000","30","UNKNOWN","UNKNOWN","CLEAR","UNKNOWN","HEAD ON","NOT DIVIDED",,"STRAIGHT AND LEVEL","UNKNOWN","UNKNOWN","NOT ON SCENE (DESK REPORT)","INJURY AND / OR TOW DUE TO CRASH",,,"Y","OVER $1,500","2021-12-30T22:23:00.000","UNDER THE INFLUENCE OF ALCOHOL/DRUGS (USE WHEN ARREST IS EFFECTED)","UNABLE TO DETERMINE","3630","W","ADDISON ST","1732",,,,,,,"2","NO INDICATION OF INJURY","0","0","0","0","0","2","0","22","5","12","41.946595045","-87.718997262","POINT (-87.718997262374 41.946595045163)"
"3d887ae602b85a8be3b9d0e52bb95cd9e868940ac69d9c74a7c6cd488563b7ae91bff1057bbebad926d3e03b4298d1b7ba549c5d1754db3c4a9bc25189bf0f19","JE493416",,"2021-12-30T21:57:00.000","30","TRAFFIC SIGNAL","FUNCTIONING PROPERLY","CLEAR","DARKNESS","HEAD ON","DIVIDED - W/MEDIAN (NOT RAISED)",,"STRAIGHT AND LEVEL","DRY","NO DEFECTS","ON SCENE","INJURY AND / OR TOW DUE TO CRASH","Y",,"Y","OVER $1,500","2021-12-30T21:59:00.000","FAILING TO YIELD RIGHT-OF-WAY","NOT APPLICABLE","7100","S","WESTERN AVE","832",,,,,,,"2","NO INDICATION OF INJURY","0","0","0","0","0","3","0","21","5","12","41.764608912","-87.683387053","POINT (-87.683387053281 41.764608912236)"
"8a7ee0ccd37a0e28999c0c40c4efb99ebe5b09594f56ba8d32a63c231b9d6e0dcd763cc8fc6236b8f8fd8c4eb036425d05aa6acc7f67477c1e6d161978eaeb51","JE493425",,"2021-12-30T21:50:00.000","35","NO CONTROLS","NO CONTROLS","UNKNOWN","DARKNESS, LIGHTED ROAD","SIDESWIPE SAME DIRECTION","DIVIDED - W/MEDIAN (NOT RAISED)",,"STRAIGHT AND LEVEL","DRY","NO DEFECTS","NOT ON SCENE (DESK REPORT)","NO INJURY / DRIVE AWAY",,,,"$501 - $1,500","2021-12-30T22:10:00.000","DISREGARDING ROAD MARKINGS","UNABLE TO DETERMINE","5500","S","KIMBARK AVE","235",,,,,,,"2","NO INDICATION OF INJURY","0","0","0","0","0","2","0","21","5","12","41.794993391","-87.59506829","POINT (-87.595068290161 41.794993391368)"
"ad65f355f3e29977454e43648e2dcfc70d23e4b87eadd2f82e40d4d384fc965cc14951c81c33ab21ed16c55c23816371d053d9a1dafafbfad90c1ac39e3704fe","JE493900",,"2021-12-30T21:30:00.000","30","TRAFFIC SIGNAL","FUNCTIONING PROPERLY","CLEAR","DARKNESS, LIGHTED ROAD","SIDESWIPE SAME DIRECTION","DIVIDED - W/MEDIAN BARRIER",,"STRAIGHT AND LEVEL","DRY","NO DEFECTS","NOT ON SCENE (DESK REPORT)","NO INJURY / DRIVE AWAY",,,"Y","OVER $1,500","2021-12-31T12:20:00.000","FAILING TO YIELD RIGHT-OF-WAY","FOLLOWING TOO CLOSELY","276","W","WACKER DR","122",,,,,,,"2","NO INDICATION OF INJURY","0","0","0","0","0","5","0","21","5","12","41.886978609","-87.635429642","POINT (-87.635429642384 41.886978609378)"
"49f93020e6143908ab9b7e81a9d56a17fbf2e07d3db675b64f0554d1cd941b46fb59926d0cb8ba603bec90a9683e4b0e821d9a81dd1750dfc9de2f65dc80ecd5","JE493410",,"2021-12-30T21:25:00.000","45","YIELD","OTHER","CLEAR","DARKNESS, LIGHTED ROAD","SIDESWIPE SAME DIRECTION","DIVIDED - W/MEDIAN BARRIER",,"STRAIGHT AND LEVEL","UNKNOWN","UNKNOWN","ON SCENE","NO INJURY / DRIVE AWAY",,,,"OVER $1,500","2021-12-30T21:29:00.000","NOT APPLICABLE","NOT APPLICABLE","2400","N","LAKE SHORE DR NB","1935",,,,,,,"2","NO INDICATION OF INJURY","0","0","0","0","0","3","0","21","5","12","41.92616072","-87.631514665","POINT (-87.631514664826 41.926160719812)"
"598f3d2743d6610b4df42a16063095f19945199508d8c206acb3f2ee1aee5a0c23b0e9c5bcdd984d0b38a1db0af586b6f7cdc56c8e9b6cd0b0b3ec2d394af7a2","JE493436",,"2021-12-30T21:22:00.000","30","NO CONTROLS","NO CONTROLS","CLEAR","DARKNESS, LIGHTED ROAD","PARKED MOTOR VEHICLE","NOT DIVIDED",,"STRAIGHT AND LEVEL","DRY","NO DEFECTS","NOT ON SCENE (DESK REPORT)","INJURY AND / OR TOW DUE TO CRASH",,,,"OVER $1,500","2021-12-30T22:22:00.000","CELL PHONE USE OTHER THAN TEXTING","FAILING TO REDUCE SPEED TO AVOID CRASH","9500","S","COLFAX AVE","431",,,,,,,"2","NONINCAPACITATING INJURY","1","0","0","1","0","1","0","21","5","12","41.722602779","-87.560867886","POINT (-87.56086788635 41.72260277893)"
"4c485fdacc68a780eaa5afd322a9f3930caa0ca00484d701f2967f2e16aba2e8944e9d89e145bc4ebd75c28bf1be2f615015c898cf70c6b0769e28bb298cd4fe","JE493404",,"2021-12-30T21:20:00.000","15","NO CONTROLS","NO CONTROLS","RAIN","DARKNESS, LIGHTED ROAD","PARKED MOTOR VEHICLE","OTHER",,"STRAIGHT AND LEVEL","DRY","NO DEFECTS","ON SCENE","NO INJURY / DRIVE AWAY",,,,"$501 - $1,500","2021-12-30T21:25:00.000","UNABLE TO DETERMINE","UNABLE TO DETERMINE","5941","S","CAMPBELL AVE","824",,,,,,,"2","NO INDICATION OF INJURY","0","0","0","0","0","3","0","21","5","12","41.785303243","-87.686100525","POINT (-87.686100524695 41.785303242923)"
"4da36913749e64360eb1ce8e7cdf39bf6300776ec9290e0eb48ccac029c094ab50850cfaa0aec7dfffd2df3c814c2fa3067c8cdd60d5ccf53a726a2e70aae2fa","JE493422",,"2021-12-30T21:18:00.000","30","STOP SIGN/FLASHER","FUNCTIONING PROPERLY","FREEZING RAIN/DRIZZLE","DARKNESS, LIGHTED ROAD","PARKED MOTOR VEHICLE","ONE-WAY",,"STRAIGHT AND LEVEL","WET","NO DEFECTS","ON SCENE","INJURY AND / OR TOW DUE TO CRASH",,,"Y","OVER $1,500","2021-12-30T22:00:00.000","UNABLE TO DETERMINE","NOT APPLICABLE","1708","W","89TH ST","2221",,,,,,,"2","NO INDICATION OF INJURY","0","0","0","0","0","1","0","21","5","12","41.732188898","-87.665815139","POINT (-87.665815139125 41.732188898014)"
"d6c6cb023850d2c183914a2aa6410a321b49bd0fb3bd106b7e5864fdbda371b716d07f1fe84f872a7fca7a90b12528eec54a6e1520f583d65b647b73a916e4a0","JE493388",,"2021-12-30T21:03:00.000","30","NO CONTROLS","NO CONTROLS","CLEAR","DARKNESS, LIGHTED ROAD","PARKED MOTOR VEHICLE","DIVIDED - W/MEDIAN (NOT RAISED)",,"STRAIGHT AND LEVEL","WET","NO DEFECTS","ON SCENE","INJURY AND / OR TOW DUE TO CRASH",,,"Y","OVER $1,500","2021-12-30T21:09:00.000","HAD BEEN DRINKING (USE WHEN ARREST IS NOT MADE)","UNABLE TO DETERMINE","1733","N","CALIFORNIA AVE","1421",,,,,,,"2","NO INDICATION OF INJURY","0","0","0","0","0","1","0","21","5","12","41.913067986","-87.696921892","POINT (-87.696921892192 41.913067986053)"
"85cb50ee4a616ea80685969d0dc9e228eb22ae3462c576079b197417c8325915257e16222e92a52a6e3edf2f3f57e47a40b70ab42509c4504ed5f7d7d76578ea","JE493379",,"2021-12-30T20:50:00.000","30","TRAFFIC SIGNAL","FUNCTIONING PROPERLY","RAIN","DARKNESS, LIGHTED ROAD","TURNING","FOUR WAY",,"STRAIGHT AND LEVEL","WET","UNKNOWN","ON SCENE","INJURY AND / OR TOW DUE TO CRASH","Y",,,"OVER $1,500","2021-12-30T20:51:00.000","IMPROPER OVERTAKING/PASSING","NOT APPLICABLE","3200","N","CALIFORNIA AVE","1733",,,,,,,"2","NONINCAPACITATING INJURY","1","0","0","1","0","2","0","20","5","12","41.939432591","-87.697971771","POINT (-87.697971770699 41.939432590672)"
"237bd85c49c064ab3443571f86de2524d27c9f684334a1d753ef38a2189e1d9d822113ff2f3b0bb0c2fec3bf36288e7dcd3f1a7b63b3838c74a5e8c8fe3317f9","JF100625",,"2021-12-30T20:49:00.000","45","NO CONTROLS","NO CONTROLS","UNKNOWN","DARKNESS, LIGHTED ROAD","REAR END","RAMP",,"STRAIGHT AND LEVEL","UNKNOWN","NO DEFECTS","NOT ON SCENE (DESK REPORT)","NO INJURY / DRIVE AWAY",,,"N","OVER $1,500","2022-01-01T14:30:00.000","FOLLOWING TOO CLOSELY","UNABLE TO DETERMINE","3551","N","LAKE SHORE DR","1925",,,,,,,"2","NO INDICATION OF INJURY","0","0","0","0","0","2","0","20","5","12","41.948216528","-87.643053327","POINT (-87.643053327453 41.948216528072)"
"dbdcba4e31377a632ed65b85c4a004ca75ab3138ee34926c0d1b6b0d93da31ebcf0290536b589fe4211a3a229c6037acdcd29b6fc012f3f2f45ec1a9e5346184","JE493372",,"2021-12-30T20:40:00.000","30","YIELD","FUNCTIONING PROPERLY","CLOUDY/OVERCAST","DARKNESS, LIGHTED ROAD","ANGLE","DIVIDED - W/MEDIAN (NOT RAISED)",,"STRAIGHT AND LEVEL","WET","NO DEFECTS","ON SCENE","INJURY AND / OR TOW DUE TO CRASH",,,"Y","OVER $1,500","2021-12-30T20:40:00.000","UNABLE TO DETERMINE","NOT APPLICABLE","7357","S","EXCHANGE AVE","334",,,,,,,"2","REPORTED, NOT EVIDENT","1","0","0","0","1","1","0","20","5","12","41.761505885","-87.562043326","POINT (-87.56204332573 41.761505885497)"
"2b6a3e5b1966dea44baac62478e30bedcd2a82ed5a18ef042f16dad95df8692af8af89fe2279c952ffaf7106fa5edcd6a469109f8b1d09df58c8cdbaf2997c9e","JF105366",,"2021-12-30T20:35:00.000","45","TRAFFIC SIGNAL","FUNCTIONING PROPERLY","CLEAR","DARKNESS, LIGHTED ROAD","SIDESWIPE SAME DIRECTION","DIVIDED - W/MEDIAN BARRIER",,"STRAIGHT AND LEVEL","DRY","NO DEFECTS","ON SCENE","INJURY AND / OR TOW DUE TO CRASH",,,"Y","OVER $1,500","2022-01-06T20:50:00.000","UNABLE TO DETERMINE","UNABLE TO DETERMINE","800","N","LAKE SHORE DR","1833",,,,,,,"3","NO INDICATION OF INJURY","0","0","0","0","0","4","0","20","5","12","41.896828045","-87.617207703","POINT (-87.617207703311 41.896828045009)"
"18242fd4aafa414575e9de0e89861bfef057675375cc040859c8aa745912527966e58ac90c87190fe5e851e7b23eed60575ea4614ec2c1a54ea6a676532ed923","JF102553",,"2021-12-30T20:30:00.000","30","UNKNOWN","UNKNOWN","UNKNOWN","DARKNESS","OTHER OBJECT","FOUR WAY",,"STRAIGHT AND LEVEL","UNKNOWN","UNKNOWN","NOT ON SCENE (DESK REPORT)","NO INJURY / DRIVE AWAY",,,"Y","OVER $1,500","2022-01-03T19:55:00.000","UNABLE TO DETERMINE","UNABLE TO DETERMINE","2700","E","95TH ST","423",,,,,,,"2","NO INDICATION OF INJURY","0","0","0","0","0","1","0","20","5","12","41.722792481","-87.557919624","POINT (-87.55791962436 41.722792481066)"
"42158557d83d10ecca2b65fd062778ab6e75e5dd78138cb0b5e15beb57fc8a826f40ef166817ed83fca097db64666333d83e1a94b74cd78ae5637855bd5a722e","JE493427",,"2021-12-30T20:15:00.000","20","NO CONTROLS","NO CONTROLS","CLOUDY/OVERCAST","DARKNESS, LIGHTED ROAD","OTHER OBJECT","ALLEY",,"STRAIGHT AND LEVEL","UNKNOWN","NO DEFECTS","ON SCENE","NO INJURY / DRIVE AWAY",,,,"OVER $1,500","2021-12-30T20:40:00.000","FAILING TO REDUCE SPEED TO AVOID CRASH","NOT APPLICABLE","11436","S","CHAMPLAIN AVE","531",,,,,,,"1","NO INDICATION OF INJURY","0","0","0","0","0","1","0","20","5","12","41.686255526","-87.607218892","POINT (-87.607218892344 41.686255526437)"
"e98dff0540c74045656c8a0451628b2de8b36dc6ca80c04eabb31c9739dbe940d1fa9ff8b17c8bad2f4527633a5911c4a23c015e0eff3a39a2f65e9aab7980a4","JE493370",,"2021-12-30T20:14:00.000","30","NO CONTROLS","NO CONTROLS","CLEAR","DARKNESS, LIGHTED ROAD","REAR TO FRONT","NOT DIVIDED",,"STRAIGHT AND LEVEL","DRY","NO DEFECTS","NOT ON SCENE (DESK REPORT)","NO INJURY / DRIVE AWAY",,,,"OVER $1,500","2021-12-30T20:35:00.000","DRIVING SKILLS/KNOWLEDGE/EXPERIENCE","NOT APPLICABLE","6314","W","RAVEN ST","1611",,,,,,,"2","NO INDICATION OF INJURY","0","0","0","0","0","2","0","20","5","12","41.994353131","-87.785700522","POINT (-87.785700521578 41.994353131172)"
"660f3dad33b0b4089cea11061bc25edb3220d0a587502eb20ef9182f1f03738f2bf0576b77f1df9f18310bc4fca7426c8106e217c1123bd1ce9cf94e62cc401e","JE493345",,"2021-12-30T20:07:00.000","30","STOP SIGN/FLASHER","FUNCTIONING PROPERLY","CLEAR","DARKNESS, LIGHTED ROAD","SIDESWIPE SAME DIRECTION","NOT DIVIDED",,"STRAIGHT AND LEVEL","DRY","NO DEFECTS","ON SCENE","INJURY AND / OR TOW DUE TO CRASH","Y",,"Y","$501 - $1,500","2021-12-30T20:07:00.000","IMPROPER OVERTAKING/PASSING","DISREGARDING STOP SIGN","3098","S","SPAULDING AVE","1032",,,,,,,"2","REPORTED, NOT EVIDENT","1","0","0","0","1","1","0","20","5","12","41.837218875","-87.707424136","POINT (-87.707424136265 41.837218874676)"
"5e99f23fc26e43bc60a7c874d07ee27d4d905db0e92bc329e5c117a3d9eec3f4883bb1d44d563541c9ce86ce58ea1256c60a31dcd1d91b923949aae484b4d9c3","JE493362",,"2021-12-30T20:06:00.000","35","TRAFFIC SIGNAL","FUNCTIONING PROPERLY","CLEAR","DARKNESS, LIGHTED ROAD","TURNING","FOUR WAY",,"STRAIGHT AND LEVEL","WET","NO DEFECTS","ON SCENE","INJURY AND / OR TOW DUE TO CRASH","Y",,,"OVER $1,500","2021-12-30T20:06:00.000","DISREGARDING TRAFFIC SIGNALS","UNABLE TO DETERMINE","9500","S","STONY ISLAND AVE","511",,,,,,,"3","INCAPACITATING INJURY","5","0","2","2","1","0","0","20","5","12","41.722257273","-87.585275565","POINT (-87.585275565077 41.722257273006)"
"b2d6acc029aa167909b8d10b840b3e3a90348def671b912c641811bd09ceaa3bd760b924a6a45b40a7ed49f3865c367d0d83419ea03a038bb235db13b2c35526","JE493407",,"2021-12-30T19:50:00.000","30","TRAFFIC SIGNAL","FUNCTIONING PROPERLY","CLEAR","DARKNESS, LIGHTED ROAD","TURNING","NOT DIVIDED",,"STRAIGHT AND LEVEL","DRY","NO DEFECTS","NOT ON SCENE (DESK REPORT)","NO INJURY / DRIVE AWAY",,,"Y","OVER $1,500","2021-12-30T21:50:00.000","UNABLE TO DETERMINE","NOT APPLICABLE","1402","N","WESTERN AVE","1423",,,,,,,"2","NO INDICATION OF INJURY","0","0","0","0","0","2","0","19","5","12","41.906812332","-87.687274134","POINT (-87.687274133766 41.906812332201)"
"3ccf751b152316b0099b918ea704de78110dc9dcf00b81f5d9f9999f04c16aaaec4f5577b4338ccd9418c3412ce97904b9bff18ecf07aa9523121a2a53fa1be4","JE493337",,"2021-12-30T19:50:00.000","30","STOP SIGN/FLASHER","FUNCTIONING PROPERLY","RAIN","DUSK","REAR END","FOUR WAY",,"STRAIGHT AND LEVEL","WET","NO DEFECTS","ON SCENE","INJURY AND / OR TOW DUE TO CRASH","Y",,,"OVER $1,500","2021-12-30T19:50:00.000","PHYSICAL CONDITION OF DRIVER","UNABLE TO DETERMINE","2099","W","MARQUETTE RD","726",,,,,,,"2","NO INDICATION OF INJURY","0","0","0","0","0","3","0","19","5","12","41.771937589","-87.676084905","POINT (-87.676084904991 41.771937588948)"
"f1e08f7e5f5813c9fc51037bc1a3fe56981d53a5e540139cc4861bb6a5644b4c05ea219d603a80bc0213a3f2a6b98c1f9627e10628b3e048511172563704b91a","JE493361",,"2021-12-30T19:45:00.000","30","NO CONTROLS","NO CONTROLS","CLEAR","DARKNESS, LIGHTED ROAD","SIDESWIPE SAME DIRECTION","NOT DIVIDED",,"STRAIGHT AND LEVEL","DRY","NO DEFECTS","NOT ON SCENE (DESK REPORT)","NO INJURY / DRIVE AWAY",,,,"OVER $1,500","2021-12-30T20:15:00.000","IMPROPER OVERTAKING/PASSING","IMPROPER LANE USAGE","2400","E","130TH ST","434",,,,,,,"2","NO INDICATION OF INJURY","0","0","0","0","0","3","0","19","5","12","41.659286039","-87.565517863","POINT (-87.565517863218 41.659286039143)"
"a602b07157b0024dedc0d584b8a182220122f0d3ab686cfcbb7d792adad3d11d0e4eaf57f479d64dfc085c2f591c8d3d0fadcdc4ab81d99e2b79652f0a3f243c","JE493344",,"2021-12-30T19:45:00.000","10","NO CONTROLS","NO CONTROLS","UNKNOWN","DARKNESS","REAR END","PARKING LOT",,"STRAIGHT AND LEVEL","UNKNOWN","UNKNOWN","ON SCENE","NO INJURY / DRIVE AWAY",,"N",,"OVER $1,500","2021-12-30T19:53:00.000","UNABLE TO DETERMINE","NOT APPLICABLE","58","W","79TH ST","623",,,,,,,"2","NO INDICATION OF INJURY","0","0","0","0","0","3","0","19","5","12","41.751022503","-87.626980294","POINT (-87.626980293637 41.751022502989)"
"ca2107567bf31d485313b836e6bc56ed19b72aa85745846a70346fb75994db71d7fbe159120822378f7ff1a9d4b25dfe01a1b77d60c3fe82115c3c503d614fdb","JF101196","Y","2021-12-30T19:30:00.000","30","UNKNOWN","UNKNOWN","UNKNOWN","UNKNOWN","PARKED MOTOR VEHICLE","DIVIDED - W/MEDIAN (NOT RAISED)",,"STRAIGHT AND LEVEL","UNKNOWN","UNKNOWN","NOT ON SCENE (DESK REPORT)","NO INJURY / DRIVE AWAY",,,"Y","OVER $1,500","2022-01-02T12:09:00.000","UNABLE TO DETERMINE","NOT APPLICABLE","741","N","BISHOP ST","1215",,,,,,,"2","NO INDICATION OF INJURY","0","0","0","0","0","1","0","19","5","12","41.89554963","-87.663869973","POINT (-87.663869972947 41.895549630261)"
"e6cb76b7335fe82e9ea0761778412e476610b730f476081cbeba4c9f1245def1a0dd21a72764af806caf8a8d295c7e8a7cc91f04b29352a2be2687ddd2b22a60","JE493354",,"2021-12-30T19:30:00.000","30","NO CONTROLS","NO CONTROLS","CLEAR","DARKNESS","TURNING","FOUR WAY",,"STRAIGHT AND LEVEL","DRY","NO DEFECTS","NOT ON SCENE (DESK REPORT)","NO INJURY / DRIVE AWAY","Y",,,"OVER $1,500","2021-12-30T20:20:00.000","UNABLE TO DETERMINE","UNABLE TO DETERMINE","3654","W","ADDISON ST","1732",,,,,,,"2","NO INDICATION OF INJURY","0","0","0","0","0","2","0","19","5","12","41.946584483","-87.719785093","POINT (-87.719785092596 41.946584483302)"
"884a7f6b9de190109c1034ece200c8d595a6392fa0216474b7d40f67ef94de1abc98a31075a46730e2ea573a9b6c4e854b2b528d7dc7ba0c67a733cc5c948f7b","JF101533",,"2021-12-30T19:20:00.000","10","NO CONTROLS","NO CONTROLS","CLEAR","DARKNESS","PARKED MOTOR VEHICLE","PARKING LOT",,"STRAIGHT AND LEVEL","UNKNOWN","UNKNOWN","NOT ON SCENE (DESK REPORT)","NO INJURY / DRIVE AWAY",,,"Y","$501 - $1,500","2022-01-02T19:00:00.000","UNABLE TO DETERMINE","UNABLE TO DETERMINE","5233","N","LINCOLN AVE","2011",,,,,,,"2","NO INDICATION OF INJURY","0","0","0","0","0","1","0","19","5","12","41.976895098","-87.692279668","POINT (-87.692279667764 41.976895098405)"
"33d2bb1538f5ea59f28e14f3e76b4c758124993598e8139ee8ef6ef90b199755fe3946651989c72e3cef489569ebf1e7b9f3f9e004831e4408e44fdf1d9734cf","JE493320",,"2021-12-30T19:20:00.000","30","NO CONTROLS","NO CONTROLS","RAIN","DUSK","SIDESWIPE SAME DIRECTION","DIVIDED - W/MEDIAN BARRIER",,"STRAIGHT AND LEVEL","WET","NO DEFECTS","NOT ON SCENE (DESK REPORT)","NO INJURY / DRIVE AWAY",,,"Y","OVER $1,500","2021-12-30T19:43:00.000","IMPROPER LANE USAGE","NOT APPLICABLE","1001","N","LAKE SHORE DR","1824",,,,,,,"2","NO INDICATION OF INJURY","0","0","0","0","0","7","0","19","5","12","41.900907671","-87.624026501","POINT (-87.624026501262 41.900907670855)"