"crash_record_id","rd_no","crash_date_est_i","crash_date","posted_speed_limit","traffic_control_device","device_condition","weather_condition","lighting_condition","first_crash_type","trafficway_type","lane_cnt","alignment","roadway_surface_cond","road_defect","report_type","crash_type","intersection_related_i","private_property_i","hit_and_run_i","damage","date_police_notified","prim_contributory_cause","sec_contributory_cause","street_no","street_direction","street_name","beat_of_occurrence","photos_taken_i","statements_taken_i","dooring_i","work_zone_i","work_zone_type","workers_present_i","num_units","most_severe_injury","injuries_total","injuries_fatal","injuries_incapacitating","injuries_non_incapacitating","injuries_reported_not_evident","injuries_no_indication","injuries_unknown","crash_hour","crash_day_of_week","crash_month","latitude","longitude","location"
"57823b997b95604627352bb84ade3a6b6919c56820ac53308218fba4f5d51135b4c20140c8603d50c956653704c308a4d74dbd8eed5571f2eccee47bdd06a5a9","JE493189",,"2021-12-30T16:53:00.000","30","TRAFFIC SIGNAL","FUNCTIONING PROPERLY","CLOUDY/OVERCAST","DARKNESS","TURNING","DIVIDED - W/MEDIAN BARRIER",,"STRAIGHT AND LEVEL","DRY","NO DEFECTS","ON SCENE","NO INJURY / DRIVE AWAY",,,"Y","$501 - $1,500","2021-12-30T16:57:00.000","DISREGARDING TRAFFIC SIGNALS","UNABLE TO DETERMINE","4700","S","WESTERN BLVD","922",,,,,,,"2","NO INDICATION OF INJURY","0","0","0","0","0","3","0","16","5","12","41.808369549","-87.684019397","POINT (-87.684019396719 41.808369548854)"
"4c473c6c4f3f1c452800869e4050a7ea9e58e1daf14035807458f6cf93d86b2133d8b916b3cd61cc9524c928ac9f917ea0f55f4b134b56f8884a53552817c318","JE493166",,"2021-12-30T16:50:00.000","30","NO CONTROLS","NO CONTROLS","CLEAR","DAYLIGHT","FIXED OBJECT","OTHER",,"STRAIGHT AND LEVEL","DRY","NO DEFECTS","NOT ON SCENE (DESK REPORT)","NO INJURY / DRIVE AWAY",,,,"OVER $1,500","2021-12-30T16:50:00.000","IMPROPER TURNING/NO SIGNAL","IMPROPER OVERTAKING/PASSING","10100","S","STONY ISLAND AVE","511",,,,,,,"1","NO INDICATION OF INJURY","0","0","0","0","0","1","0","16","5","12","41.711183365","-87.585018149","POINT (-87.585018149031 41.711183364554)"
"197331e94d70703079a5ea8b02f5f3ff41711c83ff79e11118ee728b0b9bfb5c2dacd8f366ad59f0bbc056eecbb109aefa6b787733b58e9b0a435f6fe1af33b7","JE493218",,"2021-12-30T16:45:00.000","40","NO CONTROLS","NO CONTROLS","RAIN","DARKNESS, LIGHTED ROAD","REAR END","DIVIDED - W/MEDIAN BARRIER",,"CURVE, LEVEL","UNKNOWN","UNKNOWN","ON SCENE","NO INJURY / DRIVE AWAY",,,,"OVER $1,500","2021-12-30T16:53:00.000","FOLLOWING TOO CLOSELY","FAILING TO REDUCE SPEED TO AVOID CRASH","530","N","LAKE SHORE DR NB","1834",,,,,,,"2","NO INDICATION OF INJURY","0","0","0","0","0","2","0","16","5","12","41.891948278","-87.614363497","POINT (-87.614363497175 41.891948277674)"
"0f13063a8394f1f59d0f3d4ab979d91b285c08691f92a3afb4357df1cd4e031088e500c9d093f3ca55406761968fdc93a225309c0813d80023e1d054420c9856","JE493157",,"2021-12-30T16:36:00.000","30","STOP SIGN/FLASHER","FUNCTIONING PROPERLY","CLEAR","DARKNESS, LIGHTED ROAD","TURNING","T-INTERSECTION",,"STRAIGHT AND LEVEL","DRY","NO DEFECTS","ON SCENE","INJURY AND / OR TOW DUE TO CRASH","Y",,,"OVER $1,500","2021-12-30T16:36:00.000","IMPROPER TURNING/NO SIGNAL","UNABLE TO DETERMINE","3200","W","78TH ST","835",,,,,,,"2","NO INDICATION OF INJURY","0","0","0","0","0","2","0","16","5","12","41.751740107","-87.702510781","POINT (-87.7025107807 41.751740107487)"
"38459767b9b1a9bc1faed4a942998a04b6e29aa369541f7cc27fba81178a834f577b2f18367317d30ef00e792b76291e53130aef6ec107948fd2569e90dc82af","JE493188",,"2021-12-30T16:30:00.000","30","UNKNOWN","UNKNOWN","CLEAR","UNKNOWN","PEDALCYCLIST","NOT DIVIDED",,"STRAIGHT AND LEVEL","UNKNOWN","UNKNOWN","ON SCENE","INJURY AND / OR TOW DUE TO CRASH",,,"Y","OVER $1,500","2021-12-30T16:59:00.000","UNABLE TO DETERMINE","UNABLE TO DETERMINE","908","W","MONTROSE AVE","1914",,,,,,,"2","REPORTED, NOT EVIDENT","1","0","0","0","1","1","0","16","5","12","41.96191447","-87.652751335","POINT (-87.652751334785 41.961914469645)"
"12adc31e00b37765ab31f6934d39a890e2d7e618f683dfaaca971feda620ecf023563942ce577ce2bcb13a83a6a77632750469e11cd650c6733a93fa18f088bc","JE493146",,"2021-12-30T16:25:00.000","25","TRAFFIC SIGNAL","FUNCTIONING PROPERLY","CLEAR","DARKNESS, LIGHTED ROAD","REAR END","NOT DIVIDED",,"STRAIGHT AND LEVEL","DRY","UNKNOWN","NOT ON SCENE (DESK REPORT)","NO INJURY / DRIVE AWAY",,,,"$501 - $1,500","2021-12-30T16:30:00.000","UNABLE TO DETERMINE","UNABLE TO DETERMINE","3204","S","HALSTED ST","913",,,,,,,"2","NO INDICATION OF INJURY","0","0","0","0","0","2","0","16","5","12","41.836229133","-87.646380851","POINT (-87.646380850854 41.836229133117)"
"470f7d513be240bce3ee2e646c86c7f4624fe9ea408f629a7487f64b9cc1ddbf67ee02d0e18e919977ceb3b5154e7debe4ce92202a0b2e1c905384c756d8c33b","JE493144",,"2021-12-30T16:25:00.000","30","TRAFFIC SIGNAL","FUNCTIONING PROPERLY","CLEAR","DAYLIGHT","REAR END","NOT DIVIDED",,"STRAIGHT AND LEVEL","DRY","NO DEFECTS","ON SCENE","NO INJURY / DRIVE AWAY","Y",,,"OVER $1,500","2021-12-30T16:28:00.000","FAILING TO REDUCE SPEED TO AVOID CRASH","NOT APPLICABLE","7599","W","TALCOTT AVE","1612",,,,,,,"2","NO INDICATION OF INJURY","0","0","0","0","0","2","0","16","5","12","41.990562569","-87.816892783","POINT (-87.816892782555 41.990562569222)"
"bf5ba7e826f843d4803a3b080d88e5cdab2e643620a95ca062248af52ea50843c48b68f8c7e911d5d31bd9d619c26d286e6ba9e9a538afb9c55984d798393428","JE493195",,"2021-12-30T16:10:00.000","30","TRAFFIC SIGNAL","FUNCTIONING PROPERLY","CLEAR","DAYLIGHT","SIDESWIPE SAME DIRECTION","NOT DIVIDED",,"STRAIGHT AND LEVEL","DRY","NO DEFECTS","NOT ON SCENE (DESK REPORT)","NO INJURY / DRIVE AWAY","Y",,,"OVER $1,500","2021-12-30T17:15:00.000","UNABLE TO DETERMINE","UNABLE TO DETERMINE","630","W","TAYLOR ST","124",,,,,,,"2","NO INDICATION OF INJURY","0","0","0","0","0","5","0","16","5","12","41.869809306","-87.643514643","POINT (-87.643514642669 41.869809306463)"
"7896153627d134c820a9ab26866c910e9b4f30dc1f6970ffd8ae036e62ff5f584c528a0f5b6afc2e782c68b78563f5f06845c5a2909eb125ab056647ed323837","JE493137",,"2021-12-30T16:10:00.000","35","NO CONTROLS","NO CONTROLS","CLEAR","DUSK","TURNING","NOT DIVIDED",,"STRAIGHT AND LEVEL","DRY","UNKNOWN",,"INJURY AND / OR TOW DUE TO CRASH",,,,"OVER $1,500","2021-12-30T16:16:00.000","FAILING TO YIELD RIGHT-OF-WAY","FAILING TO REDUCE SPEED TO AVOID CRASH","4700","S","KEDZIE AVE","821",,,,,,,"2","NO INDICATION OF INJURY","0","0","0","0","0","2","0","16","5","12","41.808047272","-87.704118822","POINT (-87.704118822299 41.80804727165)"
"80793921af42cca1d0c12b22414df5e31efc9cba00423fb24f1f423b9f6ffb50a6afd6c1283094a857198966a9cde227c6ea05d5f756b249c450bfecf65c1dca","JE493260",,"2021-12-30T16:08:00.000","30","TRAFFIC SIGNAL","FUNCTIONING PROPERLY","CLEAR","DARKNESS","REAR END","NOT DIVIDED",,"STRAIGHT AND LEVEL","DRY","UNKNOWN","ON SCENE","INJURY AND / OR TOW DUE TO CRASH",,,"Y","OVER $1,500","2021-12-30T16:10:00.000","FAILING TO REDUCE SPEED TO AVOID CRASH","NOT APPLICABLE","8650","S","COMMERCIAL AVE","423",,,,,,,"2","NO INDICATION OF INJURY","0","0","0","0","0","6","0","16","5","12","41.737693777","-87.551584067","POINT (-87.551584066664 41.737693777253)"
"85491385d14d17cc944a7c594420e24d61b18727a8d80e7ada64be6c6e6e950fd745cbf542cee7d885f170e8c3eb05ea5e1409c4ff3303247cd2aea5a9790369","JE493136",,"2021-12-30T16:08:00.000","30","NO CONTROLS","NO CONTROLS","CLEAR","DAYLIGHT","PARKED MOTOR VEHICLE","NOT DIVIDED",,"STRAIGHT AND LEVEL","DRY","NO DEFECTS","ON SCENE","INJURY AND / OR TOW DUE TO CRASH",,,,"OVER $1,500","2021-12-30T16:08:00.000","FAILING TO REDUCE SPEED TO AVOID CRASH","NOT APPLICABLE","4832","W","JACKSON BLVD","1533",,,,,,,"3","NO INDICATION OF INJURY","0","0","0","0","0","1","0","16","5","12","41.876878445","-87.746392901","POINT (-87.746392900728 41.876878445024)"
"991c56156b76f82ab92044acba2c300c80d758e58ae86c83050848a9243917a02202f27c632f60d018a87e99904558c5690cb2128b5c47234433b329284961b3","JE493127",,"2021-12-30T16:05:00.000","30","NO CONTROLS","NO CONTROLS","CLEAR","DAYLIGHT","FIXED OBJECT","DIVIDED - W/MEDIAN (NOT RAISED)",,"STRAIGHT AND LEVEL","DRY","NO DEFECTS","ON SCENE","INJURY AND / OR TOW DUE TO CRASH",,,,"OVER $1,500","2021-12-30T16:05:00.000","UNABLE TO DETERMINE","UNABLE TO DETERMINE","5441","S","HALSTED ST","935",,,,,,,"1","INCAPACITATING INJURY","3","0","3","0","0","0","0","16","5","12","41.794952037","-87.645029106","POINT (-87.645029106468 41.794952037415)"
"292d5256cbebc3f14f2e4b95048e40f707366d76d8788b780addfc36e7e7e9b29c4c1eb3c53649e9f67901d4f37b23b6c72901c52954e2d4fb1578136dd9202c","JE493196",,"2021-12-30T16:02:00.000","30","NO CONTROLS","NO CONTROLS","CLEAR","DAYLIGHT","PARKED MOTOR VEHICLE","ONE-WAY",,"STRAIGHT AND LEVEL","DRY","NO DEFECTS","ON SCENE","NO INJURY / DRIVE AWAY",,,,"$501 - $1,500","2021-12-30T16:03:00.000","UNABLE TO DETERMINE","UNABLE TO DETERMINE","2922","W","38TH PL","911",,,,,,,"2","NO INDICATION OF INJURY","0","0","0","0","0","1","0","16","5","12","41.823740341","-87.698043288","POINT (-87.698043287631 41.823740341427)"
"996aeabc85f014e615dafbc6191d3d980d95f751e47238d95ba5253eaa60d7e0e9ea1a420975a1f630f3e6427458197e5ddf99a84dd46f889f20e7da0d8030f3","JE493182","Y","2021-12-30T16:00:00.000","30","NO CONTROLS","NO CONTROLS","CLEAR","DARKNESS","PARKED MOTOR VEHICLE","DIVIDED - W/MEDIAN (NOT RAISED)",,"STRAIGHT AND LEVEL","DRY","NO DEFECTS","NOT ON SCENE (DESK REPORT)","NO INJURY / DRIVE AWAY",,,,"OVER $1,500","2021-12-30T17:17:00.000","UNABLE TO DETERMINE","NOT APPLICABLE","1638","S","PRAIRIE AVE","132",,,,,,,"2","NO INDICATION OF INJURY","0","0","0","0","0","1","0","16","5","12","41.859451052","-87.620950222","POINT (-87.620950221865 41.859451052342)"
"5f9ba1305a258d0978753df4fe407ef770a5c3fbd6d57b250f4347ac045756e1cdfe2116829923205d392d2caed8a2d62c270a07e20420c96a15b256433da401","JE493169",,"2021-12-30T16:00:00.000","30","NO CONTROLS","NO CONTROLS","CLEAR","DAYLIGHT","REAR END","NOT DIVIDED",,"STRAIGHT AND LEVEL","DRY","NO DEFECTS","NOT ON SCENE (DESK REPORT)","NO INJURY / DRIVE AWAY",,,,"OVER $1,500","2021-12-30T17:01:00.000","FAILING TO REDUCE SPEED TO AVOID CRASH","DRIVING SKILLS/KNOWLEDGE/EXPERIENCE","3400","W","COLUMBUS AVE","834",,,,,,,"2","NO INDICATION OF INJURY","0","0","0","0","0","2","0","16","5","12","41.746936315","-87.707360889","POINT (-87.707360889192 41.746936314855)"
"fd3eaedbcf3dea14f7624bec842324762e63a5b57978b3deb0903511a44797681107853e0338a8ac9d33e7e8f448f085184cdf9cec4d9842c635eb7234bc3d21","JE493131",,"2021-12-30T16:00:00.000","30","NO CONTROLS","NO CONTROLS","CLEAR","DUSK","PARKED MOTOR VEHICLE","OTHER",,"STRAIGHT AND LEVEL","DRY","NO DEFECTS","NOT ON SCENE (DESK REPORT)","NO INJURY / DRIVE AWAY",,,,"OVER $1,500","2021-12-30T16:29:00.000","DRIVING SKILLS/KNOWLEDGE/EXPERIENCE","NOT APPLICABLE","3900","W","63RD ST","823",,,,,,,"2","NO INDICATION OF INJURY","0","0","0","0","0","1","0","16","5","12","41.778803528","-87.720432985","POINT (-87.720432984625 41.778803528412)"
"4194401fe48f587c87cca42c8655d61f55d79e9df1eadc51668f4ba81579ccd6af8037c9c8e9c48da1908ffe16c6c57bdf35b5d14161dc98c5a5fa84fb56cff9","JE493116",,"2021-12-30T16:00:00.000","30","TRAFFIC SIGNAL","FUNCTIONING PROPERLY","CLEAR","DARKNESS, LIGHTED ROAD","REAR END","DIVIDED - W/MEDIAN (NOT RAISED)",,"STRAIGHT AND LEVEL","DRY","NO DEFECTS","ON SCENE","NO INJURY / DRIVE AWAY",,,"Y","$501 - $1,500","2021-12-30T16:00:00.000","IMPROPER OVERTAKING/PASSING","FOLLOWING TOO CLOSELY","604","S","FINANCIAL PL","123",,,,,,,"2","NO INDICATION OF INJURY","0","0","0","0","0","3","0","16","5","12","41.874361059","-87.632762533","POINT (-87.632762532585 41.874361059052)"
"5b3c9d66a2d5a542d41b05e0bae88f9e07e2616612d485adb243e63d45b6b213e56a4f4383dfa4335bc0c7d1b16e71c3b06206ea0d7f882a129feaa179e1c9d3","JE493133",,"2021-12-30T15:55:00.000","30","NO CONTROLS","NO CONTROLS","CLEAR","DAYLIGHT","SIDESWIPE SAME DIRECTION","NOT DIVIDED",,"STRAIGHT AND LEVEL","DRY","NO DEFECTS","ON SCENE","INJURY AND / OR TOW DUE TO CRASH","N",,,"$501 - $1,500","2021-12-30T15:55:00.000","FAILING TO YIELD RIGHT-OF-WAY","IMPROPER LANE USAGE","3206","N","HALSTED ST","1924",,,,,,,"2","NO INDICATION OF INJURY","0","0","0","0","0","2","0","15","5","12","41.94018707","-87.649419808","POINT (-87.649419807521 41.940187069579)"
"89fa9e126e841ca312fb117c5220ab58ce85d2069d685edaef6a1d1c5033b759b5712c08b502e59da3ac78c095c7e096a5f6ba42a3dd0bb0bdd6bcc7e81ff059","JE493284",,"2021-12-30T15:53:00.000","30","STOP SIGN/FLASHER","FUNCTIONING PROPERLY","CLEAR","DAYLIGHT","ANGLE","FOUR WAY",,"STRAIGHT AND LEVEL","DRY","NO DEFECTS","NOT ON SCENE (DESK REPORT)","NO INJURY / DRIVE AWAY",,,,"OVER $1,500","2021-12-30T18:55:00.000","DISREGARDING STOP SIGN","NOT APPLICABLE","7800","S","BENNETT AVE","414",,,,,,,"2","NO INDICATION OF INJURY","0","0","0","0","0","2","0","15","5","12","41.753300614","-87.578612665","POINT (-87.578612665332 41.753300613835)"
"5e009f0dd083660d1c37f9df2be86bd2b8b4dfca19bb5ee9a21e16f363551c49be182a19f13e20fdec4a21b167ae0f5d567aba0af3c87293cac71281d011e2f7","JE493117",,"2021-12-30T15:50:00.000","30","UNKNOWN","UNKNOWN","CLEAR","DAYLIGHT","SIDESWIPE SAME DIRECTION","OTHER",,"STRAIGHT AND LEVEL","DRY","UNKNOWN","ON SCENE","INJURY AND / OR TOW DUE TO CRASH",,,,"OVER $1,500","2021-12-30T15:52:00.000","NOT APPLICABLE","NOT APPLICABLE","2699","W","CONGRESS PKWY","1135",,,,,,,"2","NONINCAPACITATING INJURY","2","0","0","2","0","2","0","15","5","12","41.874804465","-87.693605434","POINT (-87.693605433702 41.87480446482)"
"982aeda9f75a0c75383b4a493964d0d52c90b58b9da60b9e72968b585929cf0db4484b8e38acc46d64aaf285522629ee290cddc7dc9e863d91406ae709ffb0d2","JE493183",,"2021-12-30T15:45:00.000","30","TRAFFIC SIGNAL","FUNCTIONING PROPERLY","CLEAR","DUSK","REAR END","FOUR WAY",,"STRAIGHT AND LEVEL","DRY","NO DEFECTS","NOT ON SCENE (DESK REPORT)","NO INJURY / DRIVE AWAY","Y",,,"$500 OR LESS","2021-12-30T17:00:00.000","FOLLOWING TOO CLOSELY","NOT APPLICABLE","6800","W","GRAND AVE","2512",,,,,,,"2","NO INDICATION OF INJURY","0","0","0","0","0","2","0","15","5","12","41.923708193","-87.795300781","POINT (-87.795300781231 41.92370819286)"
"7de915eb6c5cabee4b0c0cedb5fa3bb5ad1199ea099e27e4f2301ff5bc8e5d11511fe1678dd6b6140a38b7204802d5de38902a3c5e297e838cbe692d8e61a456","JE493167",,"2021-12-30T15:45:00.000","30","NO CONTROLS","NO CONTROLS","CLOUDY/OVERCAST","DAYLIGHT","ANGLE","NOT DIVIDED",,"STRAIGHT AND LEVEL","DRY","NO DEFECTS","NOT ON SCENE (DESK REPORT)","NO INJURY / DRIVE AWAY",,,"Y","$501 - $1,500","2021-12-30T16:20:00.000","IMPROPER LANE USAGE","NOT APPLICABLE","6156","N","BROADWAY","2433",,,,,,,"2","NO INDICATION OF INJURY","0","0","0","0","0","2","0","15","5","12","41.993926326","-87.660535281","POINT (-87.660535281092 41.993926325953)"
"e80df739de2d30a024a8c3b506acac79b2849998e65bb7c57564adad5992da6b26d300cafd160c40a577ee2dd25ee7cffaf25644b9a7548efea70d6e240bf9bc","JF102186",,"2021-12-30T15:40:00.000","30","NO CONTROLS","NO CONTROLS","CLEAR","DAYLIGHT","SIDESWIPE OPPOSITE DIRECTION","ONE-WAY",,"STRAIGHT AND LEVEL","UNKNOWN","UNKNOWN","NOT ON SCENE (DESK REPORT)","NO INJURY / DRIVE AWAY",,,,"$501 - $1,500","2022-01-03T13:46:00.000","IMPROPER OVERTAKING/PASSING","IMPROPER LANE USAGE","1633","W","BARRY AVE","1931",,,,,,,"2","NO INDICATION OF INJURY","0","0","0","0","0","4","0","15","5","12","41.937744512","-87.669922706","POINT (-87.669922706135 41.937744512339)"
"ccf5c9067b804d2caff5ce38ebf20ee22ebae7545ab30e34166555f9d4f94c5c03700b23bf28b189d681d8aafa700b67c9ebf9799bf66ed62acba155a1711364","JE493147",,"2021-12-30T15:40:00.000","30","NO CONTROLS","NO CONTROLS","CLEAR","DAYLIGHT","FIXED OBJECT","DIVIDED - W/MEDIAN (NOT RAISED)",,"STRAIGHT AND LEVEL","DRY","NO DEFECTS","ON SCENE","INJURY AND / OR TOW DUE TO CRASH",,,,"OVER $1,500","2021-12-30T16:23:00.000","DISREGARDING OTHER TRAFFIC SIGNS","NOT APPLICABLE","1800","N","KOSTNER AVE","2533",,,,,,,"1","NO INDICATION OF INJURY","0","0","0","0","0","1","0","15","5","12","41.913556245","-87.736372157","POINT (-87.736372157479 41.913556245383)"
"13f34de2b592215115ac85716f58eaa561b3476158be7806f8307ba39f4e90bb84931d8a81fe0e1c14bb9fdbe9f3fe90e4e6253c6c63bc3077f1f6355111d8a0","JE493111",,"2021-12-30T15:40:00.000","30","TRAFFIC SIGNAL","FUNCTIONING PROPERLY","CLEAR","DAYLIGHT","REAR END","NOT DIVIDED",,"STRAIGHT AND LEVEL","DRY","NO DEFECTS","NOT ON SCENE (DESK REPORT)","NO INJURY / DRIVE AWAY",,,,"OVER $1,500","2021-12-30T16:02:00.000","FOLLOWING TOO CLOSELY","NOT APPLICABLE","2","N","HALSTED ST","1224",,,,,,,"2","NO INDICATION OF INJURY","0","0","0","0","0","2","0","15","5","12","41.881808682","-87.647508335","POINT (-87.647508335359 41.881808681646)"
"449651f829ff02294a1c3ffb2758872bc6ddb938b1e7be413cc88f1400b23455c0a6630988ef572d1a5cc240c8e7584b53f4cb8e8de5221845aa20cc984013a5","JE493099",,"2021-12-30T15:35:00.000","30","TRAFFIC SIGNAL","FUNCTIONING PROPERLY","CLEAR","DAYLIGHT","REAR END","DIVIDED - W/MEDIAN (NOT RAISED)",,"STRAIGHT AND LEVEL","DRY","UNKNOWN","NOT ON SCENE (DESK REPORT)","NO INJURY / DRIVE AWAY",,,,"$501 - $1,500","2021-12-30T16:00:00.000","UNABLE TO DETERMINE","NOT APPLICABLE","17","N","CLARK ST","112",,,,,,,"2","NO INDICATION OF INJURY","0","0","0","0","0","2","0","15","5","12","41.882401425","-87.630739366","POINT (-87.630739365978 41.88240142538)"
"ee4ca9e42d58950dadb8c6fac9274a9ba47ca56d83c7fa8a5c9ba5749172965262f96fb98f2aafe546e7f232dcd64d0d3d63a1ed3e2d6e635010e1a180dc83c9","JE493162",,"2021-12-30T15:30:00.000","30","NO CONTROLS","NO CONTROLS","CLEAR","DAYLIGHT","PARKED MOTOR VEHICLE","PARKING LOT",,"STRAIGHT AND LEVEL","DRY","NO DEFECTS","NOT ON SCENE (DESK REPORT)","NO INJURY / DRIVE AWAY",,,,"$501 - $1,500","2021-12-30T16:50:00.000","UNABLE TO DETERMINE","NOT APPLICABLE","2348","W","59TH ST","824",,,,,,,"2","NO INDICATION OF INJURY","0","0","0","0","0","1","0","15","5","12","41.786626861","-87.683047717","POINT (-87.683047717477 41.786626860986)"
"b0febed355c88f6bfafc604589be5f354fab81468a0fd96bffa2ef21be969a10075cafdb2a3e3bf9a7aa99dd343adb2ec48204c54b75a5abc4e0336ce2a70bf5","JE493119",,"2021-12-30T15:30:00.000","25","TRAFFIC SIGNAL","FUNCTIONING PROPERLY","CLEAR","DAYLIGHT","REAR END","T-INTERSECTION",,"STRAIGHT AND LEVEL","DRY","NO DEFECTS","NOT ON SCENE (DESK REPORT)","NO INJURY / DRIVE AWAY","Y",,,"$501 - $1,500","2021-12-30T16:05:00.000","FOLLOWING TOO CLOSELY","DRIVING SKILLS/KNOWLEDGE/EXPERIENCE","6552","N","SHERIDAN RD","2432",,,,,,,"2","NO INDICATION OF INJURY","0","0","0","0","0","2","0","15","5","12","42.001668115","-87.660896871","POINT (-87.66089687098 42.001668115243)"
"7fb88c2237f9c01ec4e352a84256716cf5a212009af736a14e9cb4e1a56ba9710869896c6cfd834ba0a0de27c8265d51b63a7ab04850bedd47d807010182af5e","JE493109",,"2021-12-30T15:20:00.000","30","NO CONTROLS","NO CONTROLS","CLEAR","DAYLIGHT","TURNING","DIVIDED - W/MEDIAN (NOT RAISED)",,"STRAIGHT AND LEVEL","WET","NO DEFECTS","ON SCENE","INJURY AND / OR TOW DUE TO CRASH",,"N",,"OVER $1,500","2021-12-30T15:28:00.000","FOLLOWING TOO CLOSELY","NOT APPLICABLE","5115","W","63RD ST","813",,,,,,,"2","NO INDICATION OF INJURY","0","0","0","0","0","4","0","15","5","12","41.778165162","-87.750264456","POINT (-87.750264456164 41.778165162179)"
"180fdac61c69703f0f1463a165f687bded50b4f39a9f0eb3ee2a1917bccb0ad4a6aa1f076663a3a6bffb43608e985c2fe6301cf55177cdb17100e2a43fb280fb","JF102573",,"2021-12-30T15:19:00.000","30","NO CONTROLS","NO CONTROLS","CLEAR","DAYLIGHT","ANGLE","FOUR WAY",,"STRAIGHT AND LEVEL","DRY","UNKNOWN","NOT ON SCENE (DESK REPORT)","NO INJURY / DRIVE AWAY","Y",,,"OVER $1,500","2022-01-03T20:00:00.000","FAILING TO YIELD RIGHT-OF-WAY","NOT APPLICABLE","3215","N","RIDGEWAY AVE","1732",,,,,,,"2","NO INDICATION OF INJURY","0","0","0","0","0","2","0","15","5","12","41.939657931","-87.720937943","POINT (-87.720937943198 41.939657931295)"
"b9859b734764371abc988a130d35014a917904300741ac4948bb56626e8d3d3a29091d65a48d9ce86ed987dcaf38a1e4db300cc31f1fb6f9d5c0abf3b482ceca","JE493079",,"2021-12-30T15:18:00.000","30","TRAFFIC SIGNAL","FUNCTIONING PROPERLY","CLEAR","DUSK","TURNING","NOT DIVIDED",,"STRAIGHT AND LEVEL","DRY","UNKNOWN","ON SCENE","NO INJURY / DRIVE AWAY","Y",,,"$500 OR LESS","2021-12-30T15:24:00.000","UNABLE TO DETERMINE","NOT APPLICABLE","7201","N","WESTERN AVE","2411",,,,,,,"2","NO INDICATION OF INJURY","0","0","0","0","0","2","0","15","5","12","42.012371185","-87.69009955","POINT (-87.690099550427 42.012371185289)"
"36cb67c434a14b824ab00a13d2aed103f47bb939c2b775dfe419ec6004d49d95f4cceda273943dd3be389b720777b25c2d82c3cda69893a7b9666800f72fcb97","JE493203",,"2021-12-30T15:15:00.000","30","STOP SIGN/FLASHER","FUNCTIONING PROPERLY","CLEAR","DAYLIGHT","REAR TO FRONT","NOT DIVIDED",,"STRAIGHT AND LEVEL","DRY","NO DEFECTS","NOT ON SCENE (DESK REPORT)","NO INJURY / DRIVE AWAY","Y",,,"$501 - $1,500","2021-12-30T17:30:00.000","NOT APPLICABLE","NOT APPLICABLE","1601","W","CULLOM AVE","1912",,,,,,,"2","NO INDICATION OF INJURY","0","0","0","0","0","2","0","15","5","12","41.959658327","-87.669282341","POINT (-87.669282340951 41.959658326624)"
"b44095861715e59c9c1e5b8a2ff53afb5685f3564e8c7220e1ce20671caf471104fa975d7489aa80b4f4bf379836f5313d6e1a606d9dbaaddd8547b4d8d17ed3","JF104089",,"2021-12-30T15:06:00.000","30","TRAFFIC SIGNAL","FUNCTIONING PROPERLY","CLEAR","DAYLIGHT","REAR END","FOUR WAY",,"STRAIGHT AND LEVEL","DRY","NO DEFECTS","NOT ON SCENE (DESK REPORT)","NO INJURY / DRIVE AWAY","Y",,"Y","OVER $1,500","2022-01-05T14:05:00.000","FOLLOWING TOO CLOSELY","NOT APPLICABLE","1332","W","DIVISION ST","1433",,,,,,,"2","NO INDICATION OF INJURY","0","0","0","0","0","2","0","15","5","12","41.903536788","-87.661859583","POINT (-87.661859582959 41.903536788031)"
"e2ba262e938b60a961a27caba2b10af128edd8c432cff5fd7e995720df4f5c29f0692496d73d395f2600f774134b65c20a06b44829e80441a873212c898b3e8c","JE493121",,"2021-12-30T15:00:00.000","30","NO CONTROLS","NO CONTROLS","CLEAR","DAWN","PARKED MOTOR VEHICLE","PARKING LOT",,"STRAIGHT AND LEVEL","DRY","UNKNOWN","NOT ON SCENE (DESK REPORT)","NO INJURY / DRIVE AWAY",,,"Y","$501 - $1,500","2021-12-30T16:15:00.000","UNABLE TO DETERMINE","NOT APPLICABLE","6504","S","WESTERN AVE","832",,,,,,,"2","NO INDICATION OF INJURY","0","0","0","0","0","1","0","15","5","12","41.77539331","-87.683687706","POINT (-87.683687706188 41.775393310144)"
"184e74e0ba49d48315f3d83bdc2e5d49e16e94b1b654125097b299823c78555d5e5a2c9e9221929c0b833500bf3d951ae9977863fec02508b947573251deb676","JE493051",,"2021-12-30T14:51:00.000","40","NO CONTROLS","NO CONTROLS","CLOUDY/OVERCAST","DAYLIGHT","REAR END","DIVIDED - W/MEDIAN BARRIER",,"STRAIGHT AND LEVEL","DRY","NO DEFECTS","ON SCENE","INJURY AND / OR TOW DUE TO CRASH",,,,"OVER $1,500","2021-12-30T14:51:00.000","FAILING TO REDUCE SPEED TO AVOID CRASH","FAILING TO REDUCE SPEED TO AVOID CRASH","4861","N","LAKE SHORE DR NB","2024",,,,,,,"2","NO INDICATION OF INJURY","0","0","0","0","0","3","0","14","5","12","41.971284058","-87.648153667","POINT (-87.648153666761 41.971284057932)"