"crash_record_id","rd_no","crash_date_est_i","crash_date","posted_speed_limit","traffic_control_device","device_condition","weather_condition","lighting_condition","first_crash_type","trafficway_type","lane_cnt","alignment","roadway_surface_cond","road_defect","report_type","crash_type","intersection_related_i","private_property_i","hit_and_run_i","damage","date_police_notified","prim_contributory_cause","sec_contributory_cause","street_no","street_direction","street_name","beat_of_occurrence","photos_taken_i","statements_taken_i","dooring_i","work_zone_i","work_zone_type","workers_present_i","num_units","most_severe_injury","injuries_total","injuries_fatal","injuries_incapacitating","injuries_non_incapacitating","injuries_reported_not_evident","injuries_no_indication","injuries_unknown","crash_hour","crash_day_of_week","crash_month","latitude","longitude","location"
"e5e9b519b7d911f0c3e4826dd12f75e0d4a6809c835c80bce1d785cf5e6f12c631e65a3aa0f1e81068320be85f8d9585b31674afe04475b9696bd471b485c93a","JE493198",,"2021-12-30T14:45:00.000","30","NO CONTROLS","NO CONTROLS","CLEAR","DAYLIGHT","SIDESWIPE SAME DIRECTION","DIVIDED - W/MEDIAN (NOT RAISED)",,"STRAIGHT AND LEVEL","DRY","NO DEFECTS","NOT ON SCENE (DESK REPORT)","NO INJURY / DRIVE AWAY","Y",,,"$501 - $1,500","2021-12-30T17:30:00.000","FAILING TO REDUCE SPEED TO AVOID CRASH","NOT APPLICABLE","6240","W","NORTH AVE","2513",,,,,,,"2","NO INDICATION OF INJURY","0","0","0","0","0","3","0","14","5","12","41.909287305","-87.781671078","POINT (-87.781671078353 41.90928730487)"
"1f3386813c4d4b0a4a9bf63150f1a99b5be54a7686269c09770e17de5bf393b246f00304752acc4b5390da61df21148a97621655fb9be119de09e372c8453cc7","JE493067",,"2021-12-30T14:45:00.000","30","NO CONTROLS","NO CONTROLS","CLEAR","DAYLIGHT","SIDESWIPE SAME DIRECTION","NOT DIVIDED",,"STRAIGHT AND LEVEL","DRY","NO DEFECTS","ON SCENE","INJURY AND / OR TOW DUE TO CRASH",,,,"OVER $1,500","2021-12-30T14:45:00.000","IMPROPER OVERTAKING/PASSING","IMPROPER TURNING/NO SIGNAL","6925","S","HALSTED ST","732",,,,,,,"2","NO INDICATION OF INJURY","0","0","0","0","0","2","0","14","5","12","41.76807001","-87.644340683","POINT (-87.644340683114 41.768070009779)"
"8bc860ee70379f71463a180061126f59f85c821602b059e39079ea4419ba5571dfdf7121631a80208016774af72bf1cb5f5e893ebe658f36b02f571b778fdf97","JE493021",,"2021-12-30T14:30:00.000","30","NO CONTROLS","NO CONTROLS","CLEAR","DAYLIGHT","PARKED MOTOR VEHICLE","NOT DIVIDED",,"STRAIGHT AND LEVEL","DRY","NO DEFECTS","NOT ON SCENE (DESK REPORT)","NO INJURY / DRIVE AWAY",,"Y",,"OVER $1,500","2021-12-30T15:01:00.000","IMPROPER BACKING","DRIVING SKILLS/KNOWLEDGE/EXPERIENCE","4700","S","PULASKI RD","815",,,,,,,"2",,,,,,,,,"14","5","12","41.807788769","-87.723730332","POINT (-87.72373033158 41.807788769095)"
"5ef4164b98d014aeec33191387e938cff3692e4a3b1f2adefe8b07aca98e23e571aa6f244391ae6639a6389d9cf977bc7ada04bb6befeec0c51dadc7eb8cb9d9","JE493014","Y","2021-12-30T14:30:00.000","30","STOP SIGN/FLASHER","FUNCTIONING PROPERLY","CLEAR","DAYLIGHT","ANGLE","FOUR WAY",,"STRAIGHT AND LEVEL","DRY","NO DEFECTS","ON SCENE","INJURY AND / OR TOW DUE TO CRASH","Y",,,"OVER $1,500","2021-12-30T14:32:00.000","FAILING TO YIELD RIGHT-OF-WAY","FAILING TO YIELD RIGHT-OF-WAY","3062","N","CENTRAL AVE","2514",,,,,,,"2","NONINCAPACITATING INJURY","1","0","0","1","0","1","0","14","5","12","41.936658548","-87.766578767","POINT (-87.766578766928 41.936658548134)"
"8475fc0426a2e02d9723a791827792fe47cbba3a9edf25aeba8f35d2603ec8199c755884733e329158544a402a11bbeb4368b0911a925155ec8965f2e57b2098","JE493197",,"2021-12-30T14:25:00.000","35","TRAFFIC SIGNAL","FUNCTIONING PROPERLY","CLEAR","DUSK","PARKED MOTOR VEHICLE","DIVIDED - W/MEDIAN BARRIER",,"STRAIGHT AND LEVEL","DRY","UNKNOWN","NOT ON SCENE (DESK REPORT)","NO INJURY / DRIVE AWAY",,,"N","$501 - $1,500","2021-12-30T17:00:00.000","UNABLE TO DETERMINE","NOT APPLICABLE","7102","S","JEFFERY BLVD","333",,,,,,,"2","NO INDICATION OF INJURY","0","0","0","0","0","2","0","14","5","12","41.765974098","-87.576441686","POINT (-87.57644168577 41.765974097973)"
"d3accda38e6e653844fec0aeaca60e7565b7d7ca351d69a5b5c9552ad82f5394d53f56851c6539092e711aff1b7d5daef712ed32eea10710e2f481e3b68044c5","JE493011",,"2021-12-30T14:20:00.000","30","NO CONTROLS","NO CONTROLS","CLEAR","DAYLIGHT","TURNING","NOT DIVIDED",,"STRAIGHT AND LEVEL","DRY","NO DEFECTS","NOT ON SCENE (DESK REPORT)","NO INJURY / DRIVE AWAY","Y",,"N","OVER $1,500","2021-12-30T14:50:00.000","FAILING TO REDUCE SPEED TO AVOID CRASH","DRIVING SKILLS/KNOWLEDGE/EXPERIENCE","6200","S","SACRAMENTO AVE","823",,,,,,,"2","NO INDICATION OF INJURY","0","0","0","0","0","2","0","14","5","12","41.780770943","-87.698460944","POINT (-87.698460944225 41.780770943394)"
"74008b9635334aab0531f29e946deda9a75baedd9c3724b4e1675eb1bdfb69af49da2faf4e51b07728a5d83f8afe7c2b0a796de999dc45f163f80e93546ccf30","JE493269",,"2021-12-30T14:00:00.000","25","NO CONTROLS","NO CONTROLS","CLEAR","DAYLIGHT","TURNING","T-INTERSECTION",,"STRAIGHT AND LEVEL","DRY","NO DEFECTS",,"NO INJURY / DRIVE AWAY",,,,"OVER $1,500","2021-12-30T18:45:00.000","FAILING TO YIELD RIGHT-OF-WAY","NOT APPLICABLE","8700","S","DANTE AVE","412",,,,,,,"2","NO INDICATION OF INJURY","0","0","0","0","0","2","0","14","5","12","41.736771201","-87.589490771","POINT (-87.589490771055 41.73677120098)"
"0edbe853b412c84f68e74ae66fa8da88cdb3b0c14774d3f57376612411c8e7f95e1346bd1e8cc5fced2f13c4437b0bc119397ad548b530ec141434033840575f","JE493163",,"2021-12-30T14:00:00.000","30","NO CONTROLS","NO CONTROLS","CLEAR","DAYLIGHT","PARKED MOTOR VEHICLE","NOT DIVIDED",,"STRAIGHT AND LEVEL","DRY","NO DEFECTS","NOT ON SCENE (DESK REPORT)","NO INJURY / DRIVE AWAY",,,"Y","OVER $1,500","2021-12-30T16:50:00.000","FAILING TO REDUCE SPEED TO AVOID CRASH","DRIVING SKILLS/KNOWLEDGE/EXPERIENCE","3737","W","69TH ST","833",,,,,,,"2","NO INDICATION OF INJURY","0","0","0","0","0","1","0","14","5","12","41.767710356","-87.716623379","POINT (-87.716623378748 41.76771035601)"
"fb81c16dc79781ba60104f0895f4e2c8a21aa6e393eba34e1fc1dc69f6a572fbf0b492483e3ea878b7c1e025bcf301af694843c912a22254ae1e8060695a5072","JE493084",,"2021-12-30T14:00:00.000","30","OTHER","OTHER","CLEAR","DAYLIGHT","ANGLE","OTHER",,"STRAIGHT AND LEVEL","DRY","NO DEFECTS","ON SCENE","INJURY AND / OR TOW DUE TO CRASH","Y",,,"OVER $1,500","2021-12-30T15:27:00.000","FAILING TO YIELD RIGHT-OF-WAY","NOT APPLICABLE","4800","S","MICHIGAN AVE","224",,,,,,,"3","REPORTED, NOT EVIDENT","1","0","0","0","1","2","0","14","5","12","41.807373002","-87.622930555","POINT (-87.622930554709 41.807373001937)"
"3a45b18d31470425dbb45d1ba590199c56b54498e014ec4d96d7b399122f0b59bc362a5b2b9c8ffc2db327f26fda60f3558693f42ed42fcdfd8e639a93ab55b8","JE493026",,"2021-12-30T14:00:00.000","25","NO CONTROLS","NO CONTROLS","CLEAR","UNKNOWN","PARKED MOTOR VEHICLE","NOT DIVIDED",,"STRAIGHT AND LEVEL","UNKNOWN","UNKNOWN","NOT ON SCENE (DESK REPORT)","NO INJURY / DRIVE AWAY",,,"Y","OVER $1,500","2021-12-30T15:00:00.000","OPERATING VEHICLE IN ERRATIC, RECKLESS, CARELESS, NEGLIGENT OR AGGRESSIVE MANNER","UNABLE TO DETERMINE","11455","S","AVENUE G","433",,,,,,,"2","NO INDICATION OF INJURY","0","0","0","0","0","1","0","14","5","12","41.686586747","-87.531509742","POINT (-87.531509742499 41.686586747137)"
"0897a3ecc55cdfd759cacb25ffe92342e6d2a65a36912169cca4e01815da68e2c3fc7978a0d3f4d69e4db6e39c7a88d4da478c269e2fd71d1030bbaeecd1120b","JF102001",,"2021-12-30T13:45:00.000","30","NO CONTROLS","NO CONTROLS","CLEAR","DAYLIGHT","SIDESWIPE SAME DIRECTION","NOT DIVIDED",,"STRAIGHT AND LEVEL","DRY","NO DEFECTS","NOT ON SCENE (DESK REPORT)","NO INJURY / DRIVE AWAY",,,,"OVER $1,500","2022-01-03T11:15:00.000","UNABLE TO DETERMINE","UNABLE TO DETERMINE","6700","W","GRAND AVE","2512",,,,,,,"2","NO INDICATION OF INJURY","0","0","0","0","0","2","0","13","5","12","41.923727862","-87.792846825","POINT (-87.792846824949 41.923727861862)"
"397dafac8379700ccd15ef721acdf53b679b0ac2b3e065fdd2dfb6bd743f5728daab671ec8e36a17f4700b4f38489315d9fd61ea8dca7fa90f7192080e86a0cf","JE493077",,"2021-12-30T13:45:00.000","30","STOP SIGN/FLASHER","NO CONTROLS","CLOUDY/OVERCAST","DAYLIGHT","TURNING","NOT DIVIDED",,"STRAIGHT AND LEVEL","DRY","NO DEFECTS","NOT ON SCENE (DESK REPORT)","NO INJURY / DRIVE AWAY","Y",,,"OVER $1,500","2021-12-30T14:40:00.000","FAILING TO YIELD RIGHT-OF-WAY","NOT APPLICABLE","2500","W","PETERSON AVE","2413",,,,,,,"2","NO INDICATION OF INJURY","0","0","0","0","0","2","0","13","5","12","41.990593214","-87.692161963","POINT (-87.692161962657 41.99059321365)"
"54dc712b174ecba796ef2cf0749c88dd37861a252da99a78f9fbde2d709c65537a468be4249faf0c1fa9f0bd3a52c5723005a0b762f7f7b983af422fe1519829","JE493025",,"2021-12-30T13:45:00.000","30","NO CONTROLS","NO CONTROLS","CLEAR","DAYLIGHT","FIXED OBJECT","PARKING LOT",,"STRAIGHT AND LEVEL","DRY","NO DEFECTS","ON SCENE","NO INJURY / DRIVE AWAY",,"Y",,"OVER $1,500","2021-12-30T14:39:00.000","UNABLE TO DETERMINE","UNABLE TO DETERMINE","2333","W","JACKSON BLVD","1225","Y","Y",,,,,"1","NO INDICATION OF INJURY","0","0","0","0","0","2","0","13","5","12","41.877452898","-87.685140887","POINT (-87.685140887208 41.877452898243)"
"f90745899c40f7ffee48a3acdbd7fd93c254df5d0be41f58de3fcaf6504b6450ff2ed62f026bd35f75606997016f448b61a78048c785ca819badebaece2b679b","JE492991",,"2021-12-30T13:35:00.000","30","TRAFFIC SIGNAL","FUNCTIONING PROPERLY","CLOUDY/OVERCAST","DAYLIGHT","REAR END","FOUR WAY",,"STRAIGHT AND LEVEL","DRY","NO DEFECTS","NOT ON SCENE (DESK REPORT)","NO INJURY / DRIVE AWAY","Y",,"Y","OVER $1,500","2021-12-30T14:20:00.000","FOLLOWING TOO CLOSELY","NOT APPLICABLE","1000","W","HOLLYWOOD AVE","2022",,,,,,,"2","NO INDICATION OF INJURY","0","0","0","0","0","2","0","13","5","12","41.985649799","-87.655335807","POINT (-87.655335806551 41.985649798593)"
"8faec7bd1361889896f940c0af98cc9c74d827a782eb86dba0fb2f7545ccf862a3f38ac5e5210f187da59a2ecee9a04d9270438186b3e6bfc5d236065e05046c","JE492987",,"2021-12-30T13:30:00.000","30","NO CONTROLS","NO CONTROLS","CLOUDY/OVERCAST","DAYLIGHT","SIDESWIPE SAME DIRECTION","NOT DIVIDED",,"STRAIGHT AND LEVEL","DRY","NO DEFECTS","NOT ON SCENE (DESK REPORT)","NO INJURY / DRIVE AWAY",,,,"$501 - $1,500","2021-12-30T13:45:00.000","FAILING TO YIELD RIGHT-OF-WAY","NOT APPLICABLE","8954","S","COMMERCIAL AVE","423",,,,,,,"2","NO INDICATION OF INJURY","0","0","0","0","0","2","0","13","5","12","41.732104776","-87.551447801","POINT (-87.551447800696 41.732104775513)"
"4fe6abc2507d44d5ee4a35ddd7d8d052d17dc882cca59084d147e1d6d0eacfc62e3d2897fc6e5c5ac1a7af2b9e7ca61531db4b326421376d452921669b01fada","JF105903",,"2021-12-30T13:25:00.000","30","NO CONTROLS","NO CONTROLS","UNKNOWN","UNKNOWN","REAR END","NOT DIVIDED",,"STRAIGHT AND LEVEL","UNKNOWN","UNKNOWN","NOT ON SCENE (DESK REPORT)","NO INJURY / DRIVE AWAY",,,"Y","$501 - $1,500","2022-01-07T13:30:00.000","FOLLOWING TOO CLOSELY","FOLLOWING TOO CLOSELY","3113","W","FOSTER AVE","1713",,,,,,,"2","NO INDICATION OF INJURY","0","0","0","0","0","3","0","13","5","12","41.975652465","-87.706804344","POINT (-87.706804343822 41.9756524649)"
"9a72c74aad8aa30f3c7718373b60c3a1bafc87e0872c4398b96fec4c0bfabaa232489427c985bcb249a24ad4e772904827116d472379191324410348c5669f8f","JE492970",,"2021-12-30T13:20:00.000","30","NO CONTROLS","NO CONTROLS","CLEAR","DAYLIGHT","SIDESWIPE SAME DIRECTION","NOT DIVIDED",,"STRAIGHT AND LEVEL","DRY","NO DEFECTS","NOT ON SCENE (DESK REPORT)","NO INJURY / DRIVE AWAY",,,,"OVER $1,500","2021-12-30T13:57:00.000","FAILING TO YIELD RIGHT-OF-WAY","NOT APPLICABLE","1840","S","ASHLAND AVE","1234",,,,,,,"2","NO INDICATION OF INJURY","0","0","0","0","0","2","0","13","5","12","41.85658487","-87.666262493","POINT (-87.666262492846 41.856584869985)"
"46dfa97ade2d813b54ffb368f405361b1b04b2305b966ec20a964b9dacd8b705238930fe28ee6d344bd08d9b405cffe94b8ac9f89729dc85a1e8b0603800fed9","JE492958",,"2021-12-30T13:16:00.000","15","STOP SIGN/FLASHER","FUNCTIONING PROPERLY","CLEAR","DAYLIGHT","TURNING","NOT DIVIDED",,"STRAIGHT AND LEVEL","WET","NO DEFECTS","NOT ON SCENE (DESK REPORT)","NO INJURY / DRIVE AWAY",,,,"$500 OR LESS","2021-12-30T14:00:00.000","UNABLE TO DETERMINE","NOT APPLICABLE","3200","N","MOBILE AVE","1633",,,,,,,"2","NO INDICATION OF INJURY","0","0","0","0","0","3","0","13","5","12","41.938397196","-87.783654168","POINT (-87.783654167757 41.938397196012)"
"5b0a89c702723d7a602c1bc38b5d8782d2f75d1bed3791a59792b378a17a44c6a97c580abbd32e7da559053c25dbef8805ea6fe039de6d469e3a7b9be8b5a9ad","JE493106",,"2021-12-30T13:15:00.000","30","NO CONTROLS","NO CONTROLS","CLOUDY/OVERCAST","DAYLIGHT","PARKED MOTOR VEHICLE","NOT DIVIDED",,"STRAIGHT AND LEVEL","DRY","NO DEFECTS","ON SCENE","INJURY AND / OR TOW DUE TO CRASH",,,,"OVER $1,500","2021-12-30T16:04:00.000","UNABLE TO DETERMINE","UNABLE TO DETERMINE","954","W","MONROE ST","1232",,,,,,,"2","NO INDICATION OF INJURY","0","0","0","0","0","1","0","13","5","12","41.880522171","-87.651854463","POINT (-87.651854462979 41.880522170644)"
"6ba17f063fd0fcd4dcbf0f7e8a1978c987a896ea6f0ff6a8d70b49bbf99e8781ce416c69f3be5790df8efd69eb73703b39c61fe63e87412e783a1b5bdc46ccb1","JE493135",,"2021-12-30T13:10:00.000","30","TRAFFIC SIGNAL","NO CONTROLS","CLEAR","DAYLIGHT","TURNING","DIVIDED - W/MEDIAN BARRIER",,"STRAIGHT AND LEVEL","DRY","NO DEFECTS","NOT ON SCENE (DESK REPORT)","NO INJURY / DRIVE AWAY",,,,"OVER $1,500","2021-12-30T16:35:00.000","IMPROPER TURNING/NO SIGNAL","NOT APPLICABLE","29","N","WACKER DR","122",,,,,,,"2","NO INDICATION OF INJURY","0","0","0","0","0","2","0","13","5","12","41.883091006","-87.636645928","POINT (-87.636645928326 41.883091005891)"
"d48662d7045d75337b146547053bd68bb0f1ab42f5e13948ef8a538280b1611fcbcbab9cb7d6bc68dffc18fa69000aabbd94920a86df3cd6269198a74a9a79e4","JE493758",,"2021-12-30T13:00:00.000","30","NO CONTROLS","NO CONTROLS","CLEAR","DAYLIGHT","SIDESWIPE SAME DIRECTION","NOT DIVIDED",,"STRAIGHT AND LEVEL","DRY","NO DEFECTS","NOT ON SCENE (DESK REPORT)","NO INJURY / DRIVE AWAY",,,,"$501 - $1,500","2021-12-31T10:12:00.000","DRIVING SKILLS/KNOWLEDGE/EXPERIENCE","DRIVING SKILLS/KNOWLEDGE/EXPERIENCE","10421","S","WESTERN AVE","2212",,,,,,,"2","NO INDICATION OF INJURY","0","0","0","0","0","2","0","13","5","12","41.703900879","-87.681396498","POINT (-87.681396497608 41.703900878938)"
"8a57bfc4485e14b37f169d68637f997e893d76a163e9580b5313e917ad83fe0d6753b7a9088ddc4e5a16dacd9a6c099e006613953e8d627e52b41e870f9d711a","JE493020",,"2021-12-30T13:00:00.000","30","UNKNOWN","UNKNOWN","UNKNOWN","UNKNOWN","TURNING","UNKNOWN",,"STRAIGHT AND LEVEL","UNKNOWN","UNKNOWN","NOT ON SCENE (DESK REPORT)","INJURY AND / OR TOW DUE TO CRASH",,,,"OVER $1,500","2021-12-30T15:00:00.000","UNABLE TO DETERMINE","NOT APPLICABLE","4907","W","FOSTER AVE","1621",,,,,,,"2","NO INDICATION OF INJURY","0","0","0","0","0","2","0","13","5","12","41.975184981","-87.750876711","POINT (-87.750876711119 41.975184980751)"
"38a25283b7ff7d12edece6a2fce63cc3517bacb10b8a66c122ddd6a7c09da838b0a079720c480519ad66f5dd0cd663451e8ee55246fa90420fa3849aa8d96941","JE492922",,"2021-12-30T13:00:00.000","20","NO CONTROLS","NO CONTROLS","CLEAR","DAYLIGHT","ANGLE","FOUR WAY",,"STRAIGHT AND LEVEL","DRY","NO DEFECTS","ON SCENE","NO INJURY / DRIVE AWAY","Y",,,"OVER $1,500","2021-12-30T13:05:00.000","EQUIPMENT - VEHICLE CONDITION","DRIVING SKILLS/KNOWLEDGE/EXPERIENCE","200","E","70TH ST","322",,,,,,,"2","NO INDICATION OF INJURY","0","0","0","0","0","2","0","13","5","12","41.767547015","-87.620087618","POINT (-87.620087618086 41.76754701527)"
"d2eb03c3a136d669ddfcfd6d056200e73307c6dde6dcab293e7957a7e56e09032f8ad724af25aea6db1be245f8f9775c5736ebbbfd99e238ba921b59b679bdb5","JE492929",,"2021-12-30T12:50:00.000","30","NO CONTROLS","NO CONTROLS","CLOUDY/OVERCAST","DAYLIGHT","TURNING","DIVIDED - W/MEDIAN (NOT RAISED)",,"STRAIGHT AND LEVEL","DRY","NO DEFECTS","NOT ON SCENE (DESK REPORT)","NO INJURY / DRIVE AWAY","Y",,,"$501 - $1,500","2021-12-30T13:10:00.000","UNABLE TO DETERMINE","NOT APPLICABLE","701","N","CICERO AVE","1111",,,,,,,"2","NO INDICATION OF INJURY","0","0","0","0","0","2","0","12","5","12","41.893210708","-87.745601225","POINT (-87.745601225006 41.893210707831)"
"11b634d161679dc57190117dc4d4d0def4369e6671c5ebe48b46ec750dc9595944c79b729eefe0d689456033216710ec88a7be320cad123698fef5e4e3b71049","JE492941",,"2021-12-30T12:45:00.000","30","TRAFFIC SIGNAL","FUNCTIONING PROPERLY","CLEAR","DAYLIGHT","ANGLE","FOUR WAY",,"STRAIGHT AND LEVEL","DRY","NO DEFECTS","ON SCENE","NO INJURY / DRIVE AWAY","Y",,,"$501 - $1,500","2021-12-30T12:48:00.000","DISREGARDING TRAFFIC SIGNALS","NOT APPLICABLE","100","E","103RD ST","511",,,,,,,"2","NO INDICATION OF INJURY","0","0","0","0","0","3","0","12","5","12","41.707325932","-87.620133867","POINT (-87.620133867078 41.707325931756)"
"be58aa5759c4f3b8b49b19d2abdedeb7cac0e2596a0459e5d2e35bab796bfa065487b54da55a4d912ee71d863958f0ca1487953f80caad409d4b2890121e7919","JE492912",,"2021-12-30T12:30:00.000","30","TRAFFIC SIGNAL","FUNCTIONING PROPERLY","CLOUDY/OVERCAST","DAYLIGHT","REAR END","DIVIDED - W/MEDIAN (NOT RAISED)",,"STRAIGHT AND LEVEL","DRY","NO DEFECTS","NOT ON SCENE (DESK REPORT)","NO INJURY / DRIVE AWAY","Y",,,"OVER $1,500","2021-12-30T12:55:00.000","FAILING TO REDUCE SPEED TO AVOID CRASH","UNABLE TO DETERMINE","7600","S","HALSTED ST","621",,,,,,,"2","NO INDICATION OF INJURY","0","0","0","0","0","2","0","12","5","12","41.75599579","-87.644328239","POINT (-87.644328238864 41.755995790481)"
"f7a4c2ccfc68f10bc9bd3508c8c0021f1c9ef7c0ee9d58f6554d23a0d9bc481364dd1c557782fc3def2ce13d58e512f06c3d39c202fda4b48e28de4eef826d8d","JE492890",,"2021-12-30T12:15:00.000","30","NO CONTROLS","NO CONTROLS","CLEAR","DAYLIGHT","FIXED OBJECT","NOT DIVIDED",,"STRAIGHT AND LEVEL","DRY","NO DEFECTS","ON SCENE","INJURY AND / OR TOW DUE TO CRASH",,"Y",,"OVER $1,500","2021-12-30T12:21:00.000","UNABLE TO DETERMINE","NOT APPLICABLE","845","E","55TH ST","235",,,,,,,"1","REPORTED, NOT EVIDENT","1","0","0","0","1","0","0","12","5","12","41.79487126","-87.604410971","POINT (-87.6044109709 41.794871259806)"
"99af7b56a5ef2067f543893f8fd14c3c8a900ce80b836aab7ae73793224d585738fa07a5b1212633ec051352923f7103124b5af7d0c17acb22770888ef5ad209","JE492873",,"2021-12-30T12:15:00.000","30","TRAFFIC SIGNAL","NO CONTROLS","CLEAR","DAYLIGHT","REAR END","NOT DIVIDED",,"STRAIGHT AND LEVEL","DRY","NO DEFECTS","NOT ON SCENE (DESK REPORT)","NO INJURY / DRIVE AWAY",,,,"OVER $1,500","2021-12-30T12:30:00.000","FOLLOWING TOO CLOSELY","WEATHER","6301","S","PULASKI RD","823",,,,,,,"2","NO INDICATION OF INJURY","0","0","0","0","0","2","0","12","5","12","41.778639504","-87.722613087","POINT (-87.722613087091 41.778639504347)"
"933f06d710f4fe0a51e896b1edd55ea10b3266f182a48b3e050825e80245ab1fdcf3125e995010d20ab418492a1defd00985de6a95a79a460276fae50cb4841d","JE492867",,"2021-12-30T12:15:00.000","35","NO CONTROLS","NO CONTROLS","CLEAR","DAYLIGHT","SIDESWIPE SAME DIRECTION","OTHER",,"STRAIGHT AND LEVEL","DRY","UNKNOWN","NOT ON SCENE (DESK REPORT)","NO INJURY / DRIVE AWAY",,,,"$501 - $1,500","2021-12-30T12:30:00.000","UNABLE TO DETERMINE","UNABLE TO DETERMINE","4006","S","DR MARTIN LUTHER KING JR DR","213",,,,,,,"2","NO INDICATION OF INJURY","0","0","0","0","0","2","0","12","5","12","41.821794785","-87.617087825","POINT (-87.617087825252 41.821794785015)"
"ecc4d6bd73f72a069efe18a756edf786d527d305b3d42bdac5eac2fc46d3a7c695bac3d9739c4f43d1434fc3464d69cc7eba287f8f5b6189ceed3765d57ae947","JE492869",,"2021-12-30T12:02:00.000","30","STOP SIGN/FLASHER","FUNCTIONING PROPERLY","CLEAR","DAYLIGHT","TURNING","FOUR WAY",,"STRAIGHT AND LEVEL","DRY","NO DEFECTS","ON SCENE","INJURY AND / OR TOW DUE TO CRASH","Y",,"Y","OVER $1,500","2021-12-30T12:04:00.000","DISREGARDING STOP SIGN","DISREGARDING STOP SIGN","5300","W","HARRISON ST","1522",,,,,,,"3","REPORTED, NOT EVIDENT","1","0","0","0","1","1","0","12","5","12","41.873023631","-87.757523175","POINT (-87.757523174925 41.873023631427)"
"49cf13d4e49a9b65e4adcfb54a4f0ebd2da40274152ae28f011a5b20e758334ef4e621e903387a7c230930d1113c876caafa464adc6667ef384983d9b65d64c6","JE492915","N","2021-12-30T12:00:00.000","30","NO CONTROLS","NO CONTROLS","CLEAR","DAYLIGHT","PARKED MOTOR VEHICLE","NOT DIVIDED",,"STRAIGHT AND LEVEL","DRY","NO DEFECTS","ON SCENE","NO INJURY / DRIVE AWAY",,,"Y","$501 - $1,500","2021-12-30T12:55:00.000","UNABLE TO DETERMINE","UNABLE TO DETERMINE","1448","W","DEVON AVE","2432",,,,,,,"2","NO INDICATION OF INJURY","0","0","0","0","0","1","0","12","5","12","41.998225328","-87.667404796","POINT (-87.667404796021 41.998225328299)"
"1b3c9f6897e3c0aa428a16e3bdc1c5ded551f5a5d0982d104b3737ef8ecefd03fadc77451562757c9771e8a59fc5abdd8f2c5eb0ecd31b8ddc16941eaf7f198c","JE492908",,"2021-12-30T12:00:00.000","30","TRAFFIC SIGNAL","FUNCTIONING PROPERLY","CLEAR","DAYLIGHT","FIXED OBJECT","NOT DIVIDED",,"STRAIGHT AND LEVEL","DRY","NO DEFECTS","NOT ON SCENE (DESK REPORT)","NO INJURY / DRIVE AWAY",,,,"$500 OR LESS","2021-12-30T12:55:00.000","IMPROPER TURNING/NO SIGNAL","NOT APPLICABLE","3101","S","KEDZIE AVE","1033",,,,,,,"1","NO INDICATION OF INJURY","0","0","0","0","0","1","0","12","5","12","41.837136851","-87.704673605","POINT (-87.704673604958 41.83713685068)"
"542a46a38427c4e8501817c28de1382641ce8a483ecbc4de7ae9e172c47c1d6819e34536005b9dc03e1c56ce1fd94d059eeee021ece0331491861e5723694a02","JE492881",,"2021-12-30T11:59:00.000","30","TRAFFIC SIGNAL","FUNCTIONING PROPERLY","CLOUDY/OVERCAST","DAYLIGHT","REAR END","FOUR WAY",,"STRAIGHT AND LEVEL","WET","NO DEFECTS","NOT ON SCENE (DESK REPORT)","NO INJURY / DRIVE AWAY","Y",,,"OVER $1,500","2021-12-30T12:30:00.000","FOLLOWING TOO CLOSELY","NOT APPLICABLE","1540","W","71ST ST","734",,,,,,,"2","NO INDICATION OF INJURY","0","0","0","0","0","3","0","11","5","12","41.765029234","-87.662995984","POINT (-87.662995983708 41.765029233647)"
"dd33b461c4b41a1863bdadf620535de2e5fe77e8493355ceb094b2a8c44f0711163c501f1a584f7b2586238d7c43003a4b13ee4e4cb1a96233b1b670f2e55186","JE492957",,"2021-12-30T11:55:00.000","30","NO CONTROLS","NO CONTROLS","CLEAR","DAYLIGHT","PARKED MOTOR VEHICLE","NOT DIVIDED",,"STRAIGHT AND LEVEL","DRY","NO DEFECTS","NOT ON SCENE (DESK REPORT)","INJURY AND / OR TOW DUE TO CRASH",,,"Y","OVER $1,500","2021-12-30T11:55:00.000","OPERATING VEHICLE IN ERRATIC, RECKLESS, CARELESS, NEGLIGENT OR AGGRESSIVE MANNER","NOT APPLICABLE","4247","W","MADISON ST","1115",,,,,,,"3","NONINCAPACITATING INJURY","1","0","0","1","0","1","0","11","5","12","41.880535997","-87.732443549","POINT (-87.732443548856 41.880535996805)"