"crash_record_id","rd_no","crash_date_est_i","crash_date","posted_speed_limit","traffic_control_device","device_condition","weather_condition","lighting_condition","first_crash_type","trafficway_type","lane_cnt","alignment","roadway_surface_cond","road_defect","report_type","crash_type","intersection_related_i","private_property_i","hit_and_run_i","damage","date_police_notified","prim_contributory_cause","sec_contributory_cause","street_no","street_direction","street_name","beat_of_occurrence","photos_taken_i","statements_taken_i","dooring_i","work_zone_i","work_zone_type","workers_present_i","num_units","most_severe_injury","injuries_total","injuries_fatal","injuries_incapacitating","injuries_non_incapacitating","injuries_reported_not_evident","injuries_no_indication","injuries_unknown","crash_hour","crash_day_of_week","crash_month","latitude","longitude","location"
"ab714341c39cd5a2d8b11a6792d40476ee4d6c0a33552a250ae8d25e2cef5b605eb962b0a84b9cd041eae86c40c995a6f8efdb438711e2f2039762dea0d268fd","JE492825","Y","2021-12-30T11:28:00.000","30","STOP SIGN/FLASHER","OTHER","CLEAR","DAYLIGHT","ANGLE","NOT DIVIDED",,"STRAIGHT AND LEVEL","DRY","NO DEFECTS","ON SCENE","INJURY AND / OR TOW DUE TO CRASH",,,"Y","OVER $1,500","2021-12-30T11:29:00.000","FAILING TO YIELD RIGHT-OF-WAY","NOT APPLICABLE","4900","W","WASHINGTON BLVD","1532",,,,,,,"2","NO INDICATION OF INJURY","0","0","0","0","0","4","0","11","5","12","41.881892309","-87.747898417","POINT (-87.747898416744 41.881892308511)"
"64912b5947be62ced685438626b318d77778340aaa9f553d5e685fbaaea53c55dba8751befbbb9d2c9ea73c35fd17a62f7d9a9cad776f1861a39c957fd48af97","JE492884",,"2021-12-30T11:26:00.000","30","NO CONTROLS","NO CONTROLS","CLEAR","DAYLIGHT","REAR END","NOT DIVIDED",,"STRAIGHT AND LEVEL","DRY","NO DEFECTS","NOT ON SCENE (DESK REPORT)","NO INJURY / DRIVE AWAY","Y",,,"$501 - $1,500","2021-12-30T12:15:00.000","UNABLE TO DETERMINE","UNABLE TO DETERMINE","3945","N","SHERIDAN RD","1923",,,,,,,"2","NO INDICATION OF INJURY","0","0","0","0","0","4","0","11","5","12","41.954005508","-87.654384517","POINT (-87.654384517367 41.954005508499)"
"6801f5d8127a4ff41878e3c9b1745371673bd25b2237e478a47c6c13fbac0ea715d538fb390505574e134c5e9ae79e1eaa5f78727bdbd9d38da07ac283d56d4e","JE492877",,"2021-12-30T11:26:00.000","30","STOP SIGN/FLASHER","FUNCTIONING PROPERLY","CLEAR","DAYLIGHT","ANGLE","NOT DIVIDED",,"STRAIGHT AND LEVEL","DRY","UNKNOWN","ON SCENE","INJURY AND / OR TOW DUE TO CRASH",,,,"$501 - $1,500","2021-12-30T11:27:00.000","DRIVING SKILLS/KNOWLEDGE/EXPERIENCE","DRIVING SKILLS/KNOWLEDGE/EXPERIENCE","300","E","76TH ST","623",,,,,,,"2","NO INDICATION OF INJURY","0","0","0","0","0","2","0","11","5","12","41.756638465","-87.618198768","POINT (-87.618198767514 41.756638464579)"
"65768e068f2d4457be3bc559658be007232f610e2c68632d090ef399d4730f35278b2b10b7bc8a14c33a8219539b5b4c93ae211454697cd1aa01b599a70d84bf","JE492770",,"2021-12-30T11:19:00.000","5","NO CONTROLS","NO CONTROLS","CLEAR","DARKNESS","PARKED MOTOR VEHICLE","OTHER",,"STRAIGHT AND LEVEL","UNKNOWN","NO DEFECTS","ON SCENE","NO INJURY / DRIVE AWAY",,"Y","Y","OVER $1,500","2021-12-30T11:19:00.000","UNABLE TO DETERMINE","UNABLE TO DETERMINE","48","E","GARFIELD BLVD","225",,,,,,,"2","NO INDICATION OF INJURY","0","0","0","0","0","1","0","11","5","12","41.794777233","-87.623919354","POINT (-87.623919353854 41.794777232849)"
"bbf56e2aa20dfde77b255a410dd5e96081bd29a0c783c68c429f492bc3655cab9d45b176cb3e72ee4b8ef178786031e70dc416f21c3261df59836023896307b1","JE492811",,"2021-12-30T11:14:00.000","30","TRAFFIC SIGNAL","FUNCTIONING PROPERLY","CLEAR","DAYLIGHT","REAR END","NOT DIVIDED",,"STRAIGHT AND LEVEL","WET","NO DEFECTS","ON SCENE","INJURY AND / OR TOW DUE TO CRASH",,,,"$500 OR LESS","2021-12-30T11:23:00.000","FOLLOWING TOO CLOSELY","FAILING TO REDUCE SPEED TO AVOID CRASH","6458","S","COTTAGE GROVE AVE","312",,,,,,,"2","NONINCAPACITATING INJURY","1","0","0","1","0","1","0","11","5","12","41.776866322","-87.605998248","POINT (-87.605998248145 41.776866321838)"
"3da4542436785edfd00b7f4116baa329dab8520775fedb63522ad113bb1b3a1e7d07b0205ab80a52aba018c7c7f5ceb89e08e270a9e24386b34fca4959e49e8b","JE492841",,"2021-12-30T11:10:00.000","30","NO CONTROLS","NO CONTROLS","CLEAR","DAYLIGHT","REAR END","DIVIDED - W/MEDIAN (NOT RAISED)",,"STRAIGHT AND LEVEL","DRY","NO DEFECTS","ON SCENE","INJURY AND / OR TOW DUE TO CRASH",,,,"OVER $1,500","2021-12-30T11:10:00.000","FAILING TO REDUCE SPEED TO AVOID CRASH","OPERATING VEHICLE IN ERRATIC, RECKLESS, CARELESS, NEGLIGENT OR AGGRESSIVE MANNER","1528","W","69TH ST","725",,,,,,,"3","NONINCAPACITATING INJURY","1","0","0","1","0","2","0","11","5","12","41.768679246","-87.662648442","POINT (-87.662648441935 41.768679245511)"
"bb773e5b4ee04356da3df1f35532757db4621ce40a79475ad5799ca4fdd6af79e092eb0861cd9422844d564fff7b0ec16c6ba694ee220349b17c6e573c949960","JE492477",,"2021-12-30T11:10:00.000","30","UNKNOWN","UNKNOWN","CLEAR","DAYLIGHT","FIXED OBJECT","NOT DIVIDED",,"STRAIGHT AND LEVEL","DRY","UNKNOWN","NOT ON SCENE (DESK REPORT)","NO INJURY / DRIVE AWAY",,,,"$500 OR LESS","2021-12-30T13:35:00.000","UNABLE TO DETERMINE","NOT APPLICABLE","6100","S","STONY ISLAND AVE","314",,,,,,,"1","NO INDICATION OF INJURY","0","0","0","0","0","1","0","11","5","12","41.783788815","-87.586684498","POINT (-87.586684497509 41.783788814982)"
"0e43eaf2d991aa8b7dc5f41d95c80180da2ea675e2a48e74f8fb4becf94c9e5e6c0c4564962ce23264b074b67b22f9150fa10afdd678795941e6fc966e316ea8","JE492804",,"2021-12-30T11:05:00.000","30","NO CONTROLS","NO CONTROLS","CLEAR","DAYLIGHT","REAR END","ONE-WAY",,"STRAIGHT AND LEVEL","DRY","NO DEFECTS","ON SCENE","NO INJURY / DRIVE AWAY",,,,"$501 - $1,500","2021-12-30T11:05:00.000","FOLLOWING TOO CLOSELY","NOT APPLICABLE","844","E","PERSHING RD","212",,,,,,,"2","NO INDICATION OF INJURY","0","0","0","0","0","2","0","11","5","12","41.8243967","-87.605290305","POINT (-87.605290305363 41.824396700021)"
"887396ae19e3f342d73f512d76a5ad1e15070b4b27600a6fa7695f676ec1b6e97738d3f8e967a6f1ebc0f7be73b3e212b965165fe9d7565d77101f143be757c5","JE493060",,"2021-12-30T11:00:00.000","30","UNKNOWN","UNKNOWN","UNKNOWN","UNKNOWN","PARKED MOTOR VEHICLE","UNKNOWN",,"STRAIGHT AND LEVEL","OTHER","OTHER","NOT ON SCENE (DESK REPORT)","NO INJURY / DRIVE AWAY",,,"Y","OVER $1,500","2021-12-30T15:30:00.000","UNABLE TO DETERMINE","NOT APPLICABLE","5410","W","MONTROSE AVE","1623",,,,,,,"2","NO INDICATION OF INJURY","0","0","0","0","0","1","0","11","5","12","41.960645871","-87.762823386","POINT (-87.76282338618 41.960645871338)"
"0a1db044ae0e5391e2a3528fbc81a8a51c48089bba89f0198e825a6e69433fbe0aeba7e8feb3c94d1be5fea48601ce2492acd2ac6596eeb3984108d3951fe10d","JE492903",,"2021-12-30T11:00:00.000","15","NO CONTROLS","NO CONTROLS","CLEAR","DAYLIGHT","REAR TO REAR","PARKING LOT",,"STRAIGHT AND LEVEL","DRY","NO DEFECTS","NOT ON SCENE (DESK REPORT)","NO INJURY / DRIVE AWAY",,,,"OVER $1,500","2021-12-30T12:00:00.000","UNABLE TO DETERMINE","UNABLE TO DETERMINE","87","W","87TH ST","634",,,,,,,"2","NO INDICATION OF INJURY","0","0","0","0","0","2","0","11","5","12","41.736145128","-87.626917844","POINT (-87.626917843973 41.736145128237)"
"ae3e8e45b39676a4d49831678225fecc02021286b097e2fe4d3b4c702eb57fa0d81de61d5c945182c7c467cfd5f6fa6db2291ac4e0ea489e6b217360dd01902b","JE492829",,"2021-12-30T11:00:00.000","30","NO CONTROLS","NO CONTROLS","CLEAR","DAYLIGHT","SIDESWIPE SAME DIRECTION","NOT DIVIDED",,"STRAIGHT AND LEVEL","DRY","NO DEFECTS","NOT ON SCENE (DESK REPORT)","NO INJURY / DRIVE AWAY",,,,"OVER $1,500","2021-12-30T11:30:00.000","UNABLE TO DETERMINE","NOT APPLICABLE","1551","W","SUPERIOR ST","1215",,,,,,,"2","NO INDICATION OF INJURY","0","0","0","0","0","2","0","11","5","12","41.89504789","-87.667181273","POINT (-87.667181273096 41.895047890235)"
"2629b5d294d8a63fa404f41ca025afd832c36fdf1b654322fd1df0cbcdd1f10ccf3275ec776c69886dfed2169518964b7f011081753fe99a56ccb7092be7d29d","JE492817",,"2021-12-30T10:56:00.000","30","TRAFFIC SIGNAL","FUNCTIONING PROPERLY","CLOUDY/OVERCAST","DAYLIGHT","TURNING","FOUR WAY",,"STRAIGHT AND LEVEL","DRY","NO DEFECTS","ON SCENE","INJURY AND / OR TOW DUE TO CRASH","Y",,,"OVER $1,500","2021-12-30T11:06:00.000","UNABLE TO DETERMINE","UNABLE TO DETERMINE","5933","N","CICERO AVE","1711",,,,,,,"3","REPORTED, NOT EVIDENT","1","0","0","0","1","2","0","10","5","12","41.989727546","-87.748178979","POINT (-87.748178979 41.989727545973)"
"0420398ed44c54180dc1c6a36131b0b64be67c1377511f74bb71f3bb9a3304868f1f3cd77d4a425681cd3a6977f318569eaeed6699092b0213903134030d0fb4","JE492863",,"2021-12-30T10:50:00.000","30","NO CONTROLS","NO CONTROLS","CLEAR","DAYLIGHT","REAR END","NOT DIVIDED",,"STRAIGHT AND LEVEL","DRY","NO DEFECTS","NOT ON SCENE (DESK REPORT)","NO INJURY / DRIVE AWAY",,,,"$501 - $1,500","2021-12-30T12:25:00.000","IMPROPER BACKING","UNABLE TO DETERMINE","10211","S","CALUMET AVE","511",,,,,,,"2","NO INDICATION OF INJURY","0","0","0","0","0","2","0","10","5","12","41.708746085","-87.614876497","POINT (-87.614876496642 41.708746084663)"
"a130bc502e1f0f2afeaa83e340a9f8f07b92c02dbdd549cf455a6292be2990d0e6ecda785ce864e9c6133d0b00855296e9052d983b6964f100ddc65d4473f8f7","JE492837",,"2021-12-30T10:50:00.000","30","NO CONTROLS","NO CONTROLS","CLEAR","DAYLIGHT","PEDESTRIAN","NOT DIVIDED",,"STRAIGHT AND LEVEL","DRY","NO DEFECTS","ON SCENE","INJURY AND / OR TOW DUE TO CRASH",,,"Y","$500 OR LESS","2021-12-30T10:50:00.000","UNABLE TO DETERMINE","FAILING TO YIELD RIGHT-OF-WAY","313","W","59TH ST","711",,,,,,,"2","NONINCAPACITATING INJURY","1","0","0","1","0","2","0","10","5","12","41.787108408","-87.633332196","POINT (-87.633332195884 41.787108407595)"
"cac9ccaba9539fd60579c601335c90a83a72ab9ab7705cd4198da582485c699bbdfe4a91f760b53b8989a1403c58b940329f2f3bc3bf28d29bd671a2a57212b1","JE492797",,"2021-12-30T10:45:00.000","30","TRAFFIC SIGNAL","FUNCTIONING PROPERLY","CLEAR","DAYLIGHT","REAR END","NOT DIVIDED",,"STRAIGHT AND LEVEL","DRY","NO DEFECTS","ON SCENE","INJURY AND / OR TOW DUE TO CRASH",,,"Y","OVER $1,500","2021-12-30T11:03:00.000","IMPROPER OVERTAKING/PASSING","OPERATING VEHICLE IN ERRATIC, RECKLESS, CARELESS, NEGLIGENT OR AGGRESSIVE MANNER","3851","S","ASHLAND AVE","912",,,,,,,"2","NO INDICATION OF INJURY","0","0","0","0","0","3","0","10","5","12","41.823469235","-87.665183745","POINT (-87.665183744602 41.823469235455)"
"2c5bd8a1823601cc3472ba242ea6143f2c407b50f9f30358cac7fc77eddf84cf0fb535ffc3f47f5eb26f4e4f694542299c60c9f0933cbedc29295a71ad21ba2a","JE493112",,"2021-12-30T10:35:00.000","30","TRAFFIC SIGNAL","FUNCTIONING PROPERLY","CLOUDY/OVERCAST","DAYLIGHT","REAR END","DIVIDED - W/MEDIAN (NOT RAISED)",,"STRAIGHT AND LEVEL","DRY","NO DEFECTS","NOT ON SCENE (DESK REPORT)","NO INJURY / DRIVE AWAY","Y",,,"$501 - $1,500","2021-12-30T16:00:00.000","DRIVING SKILLS/KNOWLEDGE/EXPERIENCE","NOT APPLICABLE","6300","S","CALIFORNIA AVE","823",,,,,,,"2","NO INDICATION OF INJURY","0","0","0","0","0","2","0","10","5","12","41.77901991","-87.693535482","POINT (-87.69353548242 41.779019909594)"
"6bebb64076105a85a81c322fe656d195f7661d4b700af726b7e2c388ee95580c2d94ec9c92700dcc1e10589b901d918b8cb0568e0ee7be9e6026f61bbf977b02","JF101277",,"2021-12-30T10:30:00.000","30","NO CONTROLS","NO CONTROLS","CLEAR","DAYLIGHT","REAR END","ONE-WAY",,"STRAIGHT AND LEVEL","UNKNOWN","UNKNOWN","NOT ON SCENE (DESK REPORT)","NO INJURY / DRIVE AWAY",,,,"OVER $1,500","2022-01-02T13:55:00.000","UNABLE TO DETERMINE","UNABLE TO DETERMINE","1300","W","GARFIELD BLVD","934",,,,,,,"2","NO INDICATION OF INJURY","0","0","0","0","0","2","0","10","5","12","41.794247951","-87.657426403","POINT (-87.657426403179 41.794247951307)"
"927a6ea19cc20bee5ba194b3f795344d5326b7dc90dba3c06494106c645879f6b2eb44c150ff0ec535399def9e1c7fd8633ea7c4d8431cdb4d6dfa50834cc75f","JE492780",,"2021-12-30T10:30:00.000","30","TRAFFIC SIGNAL","UNKNOWN","CLEAR","DAYLIGHT","SIDESWIPE SAME DIRECTION","ONE-WAY",,"STRAIGHT AND LEVEL","DRY","NO DEFECTS","ON SCENE","NO INJURY / DRIVE AWAY",,,,"$501 - $1,500","2021-12-30T10:32:00.000","UNABLE TO DETERMINE","UNABLE TO DETERMINE","99","W","ILLINOIS ST","1831",,,,,,,"2","NO INDICATION OF INJURY","0","0","0","0","0","2","0","10","5","12","41.890714869","-87.631029251","POINT (-87.631029251419 41.89071486914)"
"a65ca8e4f57ce4d21c95a3a02ff57d2e8283345aaa1a7d6980a707d53f1b48087ffa4feff10966b0ec012eda46d53ad9518408819705eb2c8bd237c9634072ec","JE492775",,"2021-12-30T10:30:00.000","30","TRAFFIC SIGNAL","FUNCTIONING PROPERLY","CLOUDY/OVERCAST","DAYLIGHT","ANGLE","ONE-WAY",,"STRAIGHT AND LEVEL","DRY","NO DEFECTS","ON SCENE","INJURY AND / OR TOW DUE TO CRASH","Y",,,"OVER $1,500","2021-12-30T10:32:00.000","DISREGARDING TRAFFIC SIGNALS","FAILING TO REDUCE SPEED TO AVOID CRASH","1000","S","UNION AVE","1232",,,,,,,"2","NONINCAPACITATING INJURY","1","0","0","1","0","1","0","10","5","12","41.869643027","-87.645520292","POINT (-87.645520292114 41.869643027489)"
"edf43093e857b31983beab22908a26bdf3e2459bc4aa2952d9ea2bed257abc1cd8b8eb789e8bc408b80d1b75625483444009b2d02e4f7a58dac79df906ad8af7","JE492834",,"2021-12-30T10:10:00.000","5","NO CONTROLS","NO CONTROLS","CLEAR","DAYLIGHT","OTHER OBJECT","ALLEY",,"STRAIGHT ON GRADE","SAND, MUD, DIRT","OTHER","ON SCENE","NO INJURY / DRIVE AWAY",,"N",,"OVER $1,500","2021-12-30T11:07:00.000","UNABLE TO DETERMINE","UNABLE TO DETERMINE","6226","S","PAULINA ST","714",,,,,,,"1","NO INDICATION OF INJURY","0","0","0","0","0","1","0","10","5","12","41.780422482","-87.66681269","POINT (-87.666812689603 41.780422481999)"
"1c64d3e3e64a9fbcbeea9307a774b975e5b5cd8165db17412186e4463a0805a95bc053129eaa752e77b0c73afe78abf7bae21461f821bdc57a6a2eae63c42725","JE492789","N","2021-12-30T10:00:00.000","30","NO CONTROLS","NO CONTROLS","CLEAR","DAYLIGHT","PARKED MOTOR VEHICLE","NOT DIVIDED",,"STRAIGHT AND LEVEL","DRY","NO DEFECTS","ON SCENE","NO INJURY / DRIVE AWAY",,,,"OVER $1,500","2021-12-30T10:56:00.000","UNABLE TO DETERMINE","NOT APPLICABLE","2025","N","PULASKI RD","2525",,,,,,,"2","NO INDICATION OF INJURY","0","0","0","0","0","1","0","10","5","12","41.917918497","-87.726437534","POINT (-87.726437533832 41.91791849733)"
"64b4a2f3476f38b5aeaa743987f9335b3971579ce7dece6475c295682240a99ee299631446ee7c80d6af39fba47d121a404b1b033313d3d883252c1d44b1614d","JE492725",,"2021-12-30T09:49:00.000","30","TRAFFIC SIGNAL","FUNCTIONING PROPERLY","CLEAR","DAYLIGHT","REAR END","NOT DIVIDED",,"STRAIGHT AND LEVEL","DRY","NO DEFECTS","ON SCENE","NO INJURY / DRIVE AWAY",,,,"OVER $1,500","2021-12-30T10:00:00.000","FOLLOWING TOO CLOSELY","UNABLE TO DETERMINE","5050","S","ARCHER AVE","815",,,,,,,"2","NO INDICATION OF INJURY","0","0","0","0","0","2","0","9","5","12","41.801349673","-87.726372767","POINT (-87.726372767347 41.801349673091)"
"e330f1042c4cc9225a838ef3191b3c53afe5af817d1c64ff306dd30e395c255d132d2cede922dbb69bda49de7014053007184328354d9c371b5661d7b2bd2abd","JE492732",,"2021-12-30T09:34:00.000","25","TRAFFIC SIGNAL","FUNCTIONING PROPERLY","CLEAR","DAYLIGHT","ANGLE","NOT DIVIDED",,"STRAIGHT AND LEVEL","DRY","NO DEFECTS","ON SCENE","INJURY AND / OR TOW DUE TO CRASH","Y",,"Y","OVER $1,500","2021-12-30T09:34:00.000","UNABLE TO DETERMINE","NOT APPLICABLE","7200","N","RIDGE BLVD","2411",,,,,,,"2","NONINCAPACITATING INJURY","1","0","0","1","0","3","0","9","5","12","42.012383192","-87.68325708","POINT (-87.683257079712 42.012383191822)"
"d6b4a7aeefa5e2b4c766f357498be498e9d81d13ae552bcb0d3d6bdb573ce394d69396b27239f0c2b35d404ca6b900a52c124ebb29043869ac618a003d1bb410","JE492887","Y","2021-12-30T09:10:00.000","10","NO CONTROLS","NO CONTROLS","CLEAR","DAYLIGHT","PARKED MOTOR VEHICLE","PARKING LOT",,"STRAIGHT AND LEVEL","DRY","NO DEFECTS","NOT ON SCENE (DESK REPORT)","NO INJURY / DRIVE AWAY",,"Y","Y","$501 - $1,500","2021-12-30T09:30:00.000","UNABLE TO DETERMINE","UNABLE TO DETERMINE","3340","W","FILLMORE ST","1134",,,,,,,"2","NO INDICATION OF INJURY","0","0","0","0","0","1","0","9","5","12","41.868285397","-87.709799858","POINT (-87.709799857895 41.86828539742)"
"86d0aff142b0846bc9289182e369359c5fb071b53ffea9d43d2d82e4af429a1a83a1234818109c0a117278a718df3204385366be067c095229e08d31fda5c697","JE492680",,"2021-12-30T09:00:00.000","15","NO CONTROLS","NO CONTROLS","CLOUDY/OVERCAST","DAYLIGHT","REAR END","PARKING LOT",,"STRAIGHT AND LEVEL","DRY","NO DEFECTS","NOT ON SCENE (DESK REPORT)","NO INJURY / DRIVE AWAY",,"Y",,"$501 - $1,500","2021-12-30T09:15:00.000","FOLLOWING TOO CLOSELY","NOT APPLICABLE","5302","S","PULASKI RD","815",,,,,,,"2","NO INDICATION OF INJURY","0","0","0","0","0","2","0","9","5","12","41.796698503","-87.723407562","POINT (-87.723407561962 41.796698503006)"
"4637551ed2e465a0a7e38bfb96cd23caacc7952c834bf16571b343692081c03bbed5bf0146dd891ed26b8e622675d8fca23ca79b96afa5e178fdb9fa7b09be55","JE493222",,"2021-12-30T08:48:00.000","30","STOP SIGN/FLASHER","FUNCTIONING PROPERLY","CLEAR","DAYLIGHT","SIDESWIPE SAME DIRECTION","DIVIDED - W/MEDIAN (NOT RAISED)",,"STRAIGHT AND LEVEL","DRY","NO DEFECTS","NOT ON SCENE (DESK REPORT)","NO INJURY / DRIVE AWAY",,,,"$501 - $1,500","2021-12-30T17:55:00.000","IMPROPER TURNING/NO SIGNAL","IMPROPER OVERTAKING/PASSING","5990","N","RIDGE AVE","2012",,,,,,,"2","NO INDICATION OF INJURY","0","0","0","0","0","2","0","8","5","12","41.990523338","-87.671912673","POINT (-87.671912673255 41.990523338073)"
"a38dbdb11285e1508b3626c0d1144c88fa1de2c18fbd41a8e71672a712af8f42989460679669a7a24c877a9edbadc99f981b9772a174153d0e63cf32d29cf27f","JF101354",,"2021-12-30T08:35:00.000","30","NO CONTROLS","NO CONTROLS","CLEAR","DAYLIGHT","TURNING","NOT DIVIDED",,"STRAIGHT AND LEVEL","WET","NO DEFECTS","NOT ON SCENE (DESK REPORT)","NO INJURY / DRIVE AWAY",,,,"OVER $1,500","2022-01-02T15:49:00.000","IMPROPER TURNING/NO SIGNAL","NOT APPLICABLE","300","W","63RD ST","711",,,,,,,"2","NO INDICATION OF INJURY","0","0","0","0","0","2","0","8","5","12","41.78006125","-87.63266783","POINT (-87.632667829857 41.780061250462)"
"487fd090699c28c9b60c913bc4ae8fa5299b403e75092009d3ddfb248b2c7849bdb40a614259c7c4d22961311bbf8e0ed7fe22aacd2f631704b371095c53804f","JE492672",,"2021-12-30T08:28:00.000","30","TRAFFIC SIGNAL","FUNCTIONING PROPERLY","CLEAR","DAYLIGHT","SIDESWIPE SAME DIRECTION","DIVIDED - W/MEDIAN (NOT RAISED)",,"STRAIGHT AND LEVEL","WET","NO DEFECTS","NOT ON SCENE (DESK REPORT)","NO INJURY / DRIVE AWAY","Y",,,"OVER $1,500","2021-12-30T09:35:00.000","UNABLE TO DETERMINE","NOT APPLICABLE","2740","W","PETERSON AVE","2413",,,,,,,"2","NO INDICATION OF INJURY","0","0","0","0","0","2","0","8","5","12","41.990557145","-87.698635855","POINT (-87.698635854536 41.990557145215)"
"61198811b363c4877a65d6de334800c1350fbb9a8fa6c628a36d416d995d5048afd65518b290697a63f1e150527b1d50f6fadc0f5c7de0949619c5c474e1bf9c","JE492648",,"2021-12-30T08:20:00.000","30","TRAFFIC SIGNAL","FUNCTIONING PROPERLY","CLOUDY/OVERCAST","DAYLIGHT","TURNING","ONE-WAY",,"STRAIGHT AND LEVEL","DRY","NO DEFECTS","NOT ON SCENE (DESK REPORT)","NO INJURY / DRIVE AWAY",,,,"OVER $1,500","2021-12-30T08:40:00.000","IMPROPER OVERTAKING/PASSING","UNABLE TO DETERMINE","601","S","INDEPENDENCE BLVD","1133",,,,,,,"2","NO INDICATION OF INJURY","0","0","0","0","0","2","0","8","5","12","41.873479221","-87.719608896","POINT (-87.719608895659 41.873479220546)"
"ddb3a1038b5576a65450fab978638e8502cb65c895db742708103f3f113be544a93ff8477c92971f11192b9ad4f2616f209bfc3388e276a9e6f0995e5bd6262b","JE492681",,"2021-12-30T08:15:00.000","30","TRAFFIC SIGNAL","FUNCTIONING PROPERLY","CLOUDY/OVERCAST","DAYLIGHT","ANGLE","DIVIDED - W/MEDIAN (NOT RAISED)",,"STRAIGHT AND LEVEL","WET","UNKNOWN","ON SCENE","INJURY AND / OR TOW DUE TO CRASH","Y",,,"OVER $1,500","2021-12-30T08:23:00.000","DISREGARDING TRAFFIC SIGNALS","UNABLE TO DETERMINE","2400","W","WARREN BLVD","1222",,,,,,,"2","NO INDICATION OF INJURY","0","0","0","0","0","2","0","8","5","12","41.882194854","-87.686560378","POINT (-87.686560378124 41.882194853778)"
"953d42dfe6a8aeb1805de137b04ba9a36840c3db7eafa44d1a24371f3cfc94223a5c43ab3b07fe515f2aad0a8288a420c891be9460bfaa4c94f0cc6149059fdd","JE492741","Y","2021-12-30T08:00:00.000","30","UNKNOWN","UNKNOWN","UNKNOWN","UNKNOWN","PARKED MOTOR VEHICLE","ONE-WAY",,"STRAIGHT AND LEVEL","UNKNOWN","UNKNOWN","NOT ON SCENE (DESK REPORT)","NO INJURY / DRIVE AWAY",,,"Y","$500 OR LESS","2021-12-30T10:28:00.000","UNABLE TO DETERMINE","UNABLE TO DETERMINE","6837","S","INDIANA AVE","322",,,,,,,"2","NO INDICATION OF INJURY","0","0","0","0","0","1","0","8","5","12","41.769960624","-87.620083646","POINT (-87.620083646138 41.769960624022)"
"30b3d998820ef31252cf6df92df102481a1be6057acc46b09276560ade340e9ba077294a3fe25c6483c0d4c1001e21201412034f5c46fd7f61dc83972c7be41c","JE492627",,"2021-12-30T08:00:00.000","40","NO CONTROLS","NO CONTROLS","CLOUDY/OVERCAST","DAYLIGHT","FIXED OBJECT","DIVIDED - W/MEDIAN BARRIER",,"STRAIGHT ON GRADE","WET","NO DEFECTS","ON SCENE","INJURY AND / OR TOW DUE TO CRASH",,,,"OVER $1,500","2021-12-30T08:10:00.000","NOT APPLICABLE","NOT APPLICABLE","500","N","LAKE SHORE DR SB","1834",,,,,,,"1","NO INDICATION OF INJURY","0","0","0","0","0","4","0","8","5","12","41.891147072","-87.614375057","POINT (-87.61437505723 41.89114707171)"
"b781be120e6ab754708cdcdb52b41c9964a316490fc3e169943423833bb1013807f3c7f887b63f3e72cc9acc84ab1a5e903a44ce445c4693808facd8c686e34b","JE492626",,"2021-12-30T07:56:00.000","25","NO CONTROLS","NO CONTROLS","CLEAR","DAYLIGHT","ANGLE","NOT DIVIDED",,"STRAIGHT AND LEVEL","DRY","NO DEFECTS","ON SCENE","INJURY AND / OR TOW DUE TO CRASH",,,,"OVER $1,500","2021-12-30T07:56:00.000","FAILING TO YIELD RIGHT-OF-WAY","NOT APPLICABLE","2611","W","GRANVILLE AVE","2413",,,,,,,"2","NONINCAPACITATING INJURY","1","0","0","1","0","1","0","7","5","12","41.99391894","-87.695161198","POINT (-87.695161197711 41.993918939889)"
"46ca1ba9b7aee7aba521d189e17ca95b21bfeaf18948b3eabb53755860da4777f4cd6e8465038fd3d054c3a210ec69dd14b8ecf72e8d43a3f7915c6de97aa961","JE492639",,"2021-12-30T07:46:00.000","35","NO CONTROLS","NO CONTROLS","CLEAR","DAYLIGHT","REAR END","ONE-WAY",,"STRAIGHT AND LEVEL","DRY","NO DEFECTS","ON SCENE","NO INJURY / DRIVE AWAY",,"Y",,"OVER $1,500","2021-12-30T07:49:00.000","DRIVING ON WRONG SIDE/WRONG WAY","IMPROPER BACKING","7112","W","NORTH AVE","2513",,,,,,,"2","NO INDICATION OF INJURY","0","0","0","0","0","1","0","7","5","12","41.909040116","-87.802621962","POINT (-87.802621961579 41.909040115995)"
"ef4d100832491def72d9de072e36d654f692f274c491002cac858eaf86e7ae568b8048dfb083a1d952270125baa28abc43089a7d6fa127e9e301bc7b4e731c3a","JE493737",,"2021-12-30T07:45:00.000","30","STOP SIGN/FLASHER","UNKNOWN","UNKNOWN","UNKNOWN","REAR END","UNKNOWN INTERSECTION TYPE",,"STRAIGHT AND LEVEL","UNKNOWN","UNKNOWN","NOT ON SCENE (DESK REPORT)","NO INJURY / DRIVE AWAY","Y",,"Y","OVER $1,500","2021-12-31T09:50:00.000","UNABLE TO DETERMINE","UNABLE TO DETERMINE","2500","N","MAPLEWOOD AVE","1431",,,,,,,"2","NO INDICATION OF INJURY","0","0","0","0","0","2","0","7","5","12","41.926759296","-87.691519732","POINT (-87.691519732351 41.926759295647)"