"crash_record_id","rd_no","crash_date_est_i","crash_date","posted_speed_limit","traffic_control_device","device_condition","weather_condition","lighting_condition","first_crash_type","trafficway_type","lane_cnt","alignment","roadway_surface_cond","road_defect","report_type","crash_type","intersection_related_i","private_property_i","hit_and_run_i","damage","date_police_notified","prim_contributory_cause","sec_contributory_cause","street_no","street_direction","street_name","beat_of_occurrence","photos_taken_i","statements_taken_i","dooring_i","work_zone_i","work_zone_type","workers_present_i","num_units","most_severe_injury","injuries_total","injuries_fatal","injuries_incapacitating","injuries_non_incapacitating","injuries_reported_not_evident","injuries_no_indication","injuries_unknown","crash_hour","crash_day_of_week","crash_month","latitude","longitude","location"
"34780a7c4e90b52541a0fd208c20a30aa7c3057ea25680d17bdf7fea9023bbb7c6741454c1aa3ecfb99cf7c868c9a703f825b85eb128a922bd263531bcbc8a37","JE492475",,"2021-12-29T23:20:00.000","35","TRAFFIC SIGNAL","FUNCTIONING PROPERLY","CLEAR","DARKNESS, LIGHTED ROAD","SIDESWIPE SAME DIRECTION","CENTER TURN LANE",,"STRAIGHT AND LEVEL","WET","NO DEFECTS","ON SCENE","INJURY AND / OR TOW DUE TO CRASH",,,,"OVER $1,500","2021-12-29T23:36:00.000","IMPROPER LANE USAGE","FAILING TO YIELD RIGHT-OF-WAY","2755","N","WESTERN AVE","1432",,,,,,,"2","NO INDICATION OF INJURY","0","0","0","0","0","2","0","23","4","12","41.932026817","-87.687739695","POINT (-87.687739694619 41.932026817073)"
"73f561df0a09e00b3a8f7b0a3133dac324377b523bcb3b0feda70a687ccf2b6d9fb739ac6dbf911996fae331c31d8f3fd28d0a77c415227c9c943aaea4a86384","JE492594",,"2021-12-29T23:16:00.000","30","NO CONTROLS","NO CONTROLS","SNOW","DARKNESS, LIGHTED ROAD","PEDESTRIAN","ONE-WAY",,"STRAIGHT AND LEVEL","UNKNOWN","UNKNOWN","NOT ON SCENE (DESK REPORT)","INJURY AND / OR TOW DUE TO CRASH",,,,"$500 OR LESS","2021-12-30T04:53:00.000","UNABLE TO DETERMINE","NOT APPLICABLE","3500","W","CONGRESS PKWY","1133","Y",,,,,,"2","NONINCAPACITATING INJURY","1","0","0","1","0","1","0","23","4","12","41.874621429","-87.713069996","POINT (-87.713069995906 41.874621429016)"
"32bdf54f06c8f9320670634c81c527c3d73743e2ae7f1c2676f86478a9e9116c1f12d8255eeab8b1dc569b9a983801504b29f681575bd8bad72b12a4e0944722","JE492469",,"2021-12-29T23:13:00.000","25","NO CONTROLS","NO CONTROLS","SNOW","DARKNESS, LIGHTED ROAD","PARKED MOTOR VEHICLE","NOT DIVIDED",,"STRAIGHT AND LEVEL","WET","NO DEFECTS","ON SCENE","INJURY AND / OR TOW DUE TO CRASH",,,,"$501 - $1,500","2021-12-29T23:13:00.000","EQUIPMENT - VEHICLE CONDITION","NOT APPLICABLE","1435","W","FOSTER AVE","2033",,,,,,,"2","NO INDICATION OF INJURY","0","0","0","0","0","1","0","23","4","12","41.9761172","-87.666178586","POINT (-87.666178585602 41.976117199771)"
"521b57b0ae2c096d126f6003f3a93d6b0a85399661ccd43cc8a5cf4c728603f3ad098a8bf2f31f1e9bb2be4b6527cada97c38076f9523759bc78d6bf9dc5e170","JE492464",,"2021-12-29T23:08:00.000","25","TRAFFIC SIGNAL","FUNCTIONING PROPERLY","FREEZING RAIN/DRIZZLE","DARKNESS, LIGHTED ROAD","FIXED OBJECT","RAMP",,"CURVE ON GRADE","SNOW OR SLUSH","NO DEFECTS","ON SCENE","INJURY AND / OR TOW DUE TO CRASH",,,,"OVER $1,500","2021-12-29T23:08:00.000","WEATHER","WEATHER","1600","N","LAKE SHORE DR","1814",,,,,,,"1","NO INDICATION OF INJURY","0","0","0","0","0","1","0","23","4","12","41.911224556","-87.626482572","POINT (-87.626482572426 41.911224555611)"
"54d162367f6fcdb1ded0f091b5be4517df16a8c164e2d3d398d8566bbd740e5cb5d6f68f075717d1428bd8e7e4a601fb82c146edcb7c36cfefeb20f3f7502009","JE492466",,"2021-12-29T23:07:00.000","30","UNKNOWN","UNKNOWN","SNOW","DARKNESS, LIGHTED ROAD","FIXED OBJECT","NOT DIVIDED",,"STRAIGHT AND LEVEL","SNOW OR SLUSH","UNKNOWN","ON SCENE","INJURY AND / OR TOW DUE TO CRASH","Y","Y","Y","OVER $1,500","2021-12-29T23:07:00.000","OPERATING VEHICLE IN ERRATIC, RECKLESS, CARELESS, NEGLIGENT OR AGGRESSIVE MANNER","OPERATING VEHICLE IN ERRATIC, RECKLESS, CARELESS, NEGLIGENT OR AGGRESSIVE MANNER","541","E","PERSHING RD","214",,,,,,,"1","NO INDICATION OF INJURY","0","0","0","0","0","1","0","23","4","12","41.823771592","-87.613353586","POINT (-87.613353586275 41.823771592094)"
"bd519733b9add578c2e5634d02f54cc51b676e32db3a80a127dabb98968617e82b900099eacb5f7ee0eca444f4292f832c8d6964008f629bf52107177820d003","JE492474",,"2021-12-29T23:06:00.000","30","TRAFFIC SIGNAL","FUNCTIONING PROPERLY","SNOW","DARKNESS","ANGLE","NOT DIVIDED",,"STRAIGHT AND LEVEL","WET","NO DEFECTS","ON SCENE","INJURY AND / OR TOW DUE TO CRASH","Y",,,"OVER $1,500","2021-12-29T23:06:00.000","DISREGARDING TRAFFIC SIGNALS","NOT APPLICABLE","7900","S","STATE ST","623",,,,,,,"2","NONINCAPACITATING INJURY","2","0","0","2","0","3","0","23","4","12","41.750918138","-87.624690123","POINT (-87.624690122516 41.750918138315)"
"6e9908674ce2d1efb6e4bcb6aa2d288da470c613a4fcd192d17a96447b90d26a96f4967b8d9e61dd4dca347e6e8c0c7f3f51de00aa389cf258485f6540cda4d5","JE492461",,"2021-12-29T23:00:00.000","35","TRAFFIC SIGNAL","FUNCTIONING PROPERLY","SNOW","DARKNESS, LIGHTED ROAD","ANGLE","FOUR WAY",,"STRAIGHT AND LEVEL","SNOW OR SLUSH","NO DEFECTS","ON SCENE","INJURY AND / OR TOW DUE TO CRASH","Y",,,"OVER $1,500","2021-12-29T23:02:00.000","WEATHER","FAILING TO REDUCE SPEED TO AVOID CRASH","336","W","GRAND AVE","1831",,,,,,,"2","NO INDICATION OF INJURY","0","0","0","0","0","3","0","23","4","12","41.89165679","-87.636961031","POINT (-87.636961030603 41.891656789759)"
"9bda8be586def43e1bd292688221cdbc31bbec2bc216cf25be02a62b6da871b7993eed2b4c6c27fd8c9ec96ffc26458d60a4103a1b6ca36d06cea3f26a7cb3cd","JE492447","Y","2021-12-29T22:55:00.000","20","NO CONTROLS","NO CONTROLS","SNOW","DARKNESS, LIGHTED ROAD","FIXED OBJECT","DIVIDED - W/MEDIAN (NOT RAISED)",,"STRAIGHT AND LEVEL","SNOW OR SLUSH","NO DEFECTS","ON SCENE","INJURY AND / OR TOW DUE TO CRASH",,"Y","Y","OVER $1,500","2021-12-29T22:55:00.000","UNABLE TO DETERMINE","UNABLE TO DETERMINE","1700","W","47TH ST","924",,,,,,,"1","NO INDICATION OF INJURY","0","0","0","0","0","1","0","22","4","12","41.80869076","-87.667457885","POINT (-87.66745788526 41.808690759554)"
"6289f35714cff8f4a1adbd7de3b10db714611faa141361802b589389ed23f30db9544f64c3d0db87fc3be4de9386d9dab9260f3b0a4b3bb68d5827fb6d04a82d","JE492456",,"2021-12-29T22:30:00.000","15","NO CONTROLS","NO CONTROLS","SNOW","DARKNESS, LIGHTED ROAD","PARKED MOTOR VEHICLE","ONE-WAY",,"STRAIGHT AND LEVEL","SNOW OR SLUSH","NO DEFECTS","ON SCENE","NO INJURY / DRIVE AWAY",,,"Y","OVER $1,500","2021-12-29T23:17:00.000","UNABLE TO DETERMINE","NOT APPLICABLE","358","S","LOTUS AVE","1522",,,,,,,"2","NO INDICATION OF INJURY","0","0","0","0","0","1","0","22","4","12","41.874809253","-87.761769103","POINT (-87.761769102854 41.874809252816)"
"32a6fef96bbd46af1149379aa51315e75c4a5f9caf6f5c6054794579dd0252a7c0207538b4bdfc5c493d53452020c3a80c1506da45056e4b0bb39474d21ac36f","JE493905",,"2021-12-29T22:00:00.000","30","STOP SIGN/FLASHER","UNKNOWN","SNOW","UNKNOWN","REAR END","UNKNOWN",,"STRAIGHT AND LEVEL","SNOW OR SLUSH","UNKNOWN","NOT ON SCENE (DESK REPORT)","INJURY AND / OR TOW DUE TO CRASH",,,"Y","$501 - $1,500","2021-12-31T12:20:00.000","UNABLE TO DETERMINE","NOT APPLICABLE","7401","S","CAMPBELL AVE","835",,,,,,,"2","INCAPACITATING INJURY","1","0","1","0","0","1","0","22","4","12","41.759129452","-87.68539319","POINT (-87.68539319045 41.759129451553)"
"8e7c853886e774a462084ba35c5b72f19259312266baecae4c3660ed38c0d5fe1a238469e63a3d1ef92912854e7a04cdb8548bfe45d0e3e2c0eef5001f1554af","JE492448",,"2021-12-29T22:00:00.000","40","TRAFFIC SIGNAL","FUNCTIONING PROPERLY","SNOW","DARKNESS, LIGHTED ROAD","SIDESWIPE SAME DIRECTION","DIVIDED - W/MEDIAN BARRIER",,"STRAIGHT AND LEVEL","SNOW OR SLUSH","NO DEFECTS","ON SCENE","INJURY AND / OR TOW DUE TO CRASH",,,,"OVER $1,500","2021-12-29T22:04:00.000","UNABLE TO DETERMINE","NOT APPLICABLE","5632","S","LAKE SHORE DR SB","331",,,,,,,"2","NO INDICATION OF INJURY","0","0","0","0","0","3","0","22","4","12","41.79258046","-87.580475308","POINT (-87.58047530772 41.792580460045)"
"820c8f8a568cae0a46d9eef89df59379c7df529077f851fab39142550c0dee72d7340238bce79265727eb3717ce2ac9cbdc89f93e260cefa2a27ff10278d64d5","JE492440",,"2021-12-29T21:45:00.000","30","NO CONTROLS","NO CONTROLS","FREEZING RAIN/DRIZZLE","DARKNESS","SIDESWIPE SAME DIRECTION","DIVIDED - W/MEDIAN (NOT RAISED)",,"STRAIGHT AND LEVEL","WET","NO DEFECTS","NOT ON SCENE (DESK REPORT)","NO INJURY / DRIVE AWAY",,,,"$501 - $1,500","2021-12-29T22:30:00.000","UNABLE TO DETERMINE","UNABLE TO DETERMINE","1211","N","LA SALLE DR","1821","Y","N",,,,,"2","NO INDICATION OF INJURY","0","0","0","0","0","2","0","21","4","12","41.904247503","-87.632786447","POINT (-87.632786447389 41.904247502758)"
"c9b4a0a7af8f18958c17ff11bd4c999470cc46c050896eda6747f61ff5903adc1f1eff8f0fc7028d57ba1fc6780cd1fbf0aa2b5cf44c4fc9b6095950c8bc4301","JE492436",,"2021-12-29T21:34:00.000","30","UNKNOWN","UNKNOWN","CLEAR","DARKNESS, LIGHTED ROAD","PARKED MOTOR VEHICLE","ONE-WAY",,"STRAIGHT AND LEVEL","DRY","NO DEFECTS","ON SCENE","INJURY AND / OR TOW DUE TO CRASH",,,,"OVER $1,500","2021-12-29T21:34:00.000","UNABLE TO DETERMINE","NOT APPLICABLE","5012","W","DRUMMOND PL","2521",,,,,,,"5","NONINCAPACITATING INJURY","1","0","0","1","0","0","0","21","4","12","41.928852153","-87.751981153","POINT (-87.751981153413 41.928852153007)"
"3eb1590798b2dd360719e861829fc9ec6f7404739aec5166d32977e693a70c1661461e68c38b413b52598de7355a03812201e867c6a57d4f1cb316ce754e81ea","JE492433",,"2021-12-29T21:27:00.000","30","NO CONTROLS","NO CONTROLS","CLEAR","DARKNESS, LIGHTED ROAD","PARKED MOTOR VEHICLE","NOT DIVIDED",,"STRAIGHT AND LEVEL","DRY","NO DEFECTS","NOT ON SCENE (DESK REPORT)","NO INJURY / DRIVE AWAY",,,,"OVER $1,500","2021-12-29T21:27:00.000","UNABLE TO DETERMINE","NOT APPLICABLE","1130","W","108TH PL","2234",,,,,,,"2","NO INDICATION OF INJURY","0","0","0","0","0","2","0","21","4","12",,,
"a631c007b6e4134b13c9f574438afd1b53b68c922d1d0e51302fd2975e1e22f1f1e71d5a854d5e1454ffd2bc1bbab2410d5f0ffc548ff005e346477a49ab7355","JE492484",,"2021-12-29T21:15:00.000","20","NO CONTROLS","NO CONTROLS","CLEAR","DARKNESS, LIGHTED ROAD","SIDESWIPE OPPOSITE DIRECTION","ONE-WAY",,"STRAIGHT AND LEVEL","DRY","UNKNOWN","NOT ON SCENE (DESK REPORT)","INJURY AND / OR TOW DUE TO CRASH",,,"Y","OVER $1,500","2021-12-30T00:15:00.000","DRIVING ON WRONG SIDE/WRONG WAY","FAILING TO REDUCE SPEED TO AVOID CRASH","532","N","TROY ST","1221",,,,,,,"2","NONINCAPACITATING INJURY","2","0","0","2","0","2","0","21","4","12","41.891351401","-87.70534367","POINT (-87.705343670162 41.89135140132)"
"d0cc35495162a3f81ec4bd67a03ae5f31b3a02a8dda79ce5cc311d9e788090f5f81b65f7cdd86adcb3897dc62d550b56eb64f83866020084fd71105a7ac3e817","JE493227",,"2021-12-29T21:13:00.000","30","TRAFFIC SIGNAL","FUNCTIONING PROPERLY","CLEAR","DARKNESS, LIGHTED ROAD","PEDESTRIAN","DIVIDED - W/MEDIAN (NOT RAISED)",,"STRAIGHT AND LEVEL","UNKNOWN","UNKNOWN","ON SCENE","INJURY AND / OR TOW DUE TO CRASH",,,"Y","OVER $1,500","2021-12-30T17:44:00.000","UNABLE TO DETERMINE","UNABLE TO DETERMINE","521","N","RUSH ST","1834",,,,,,,"2","NONINCAPACITATING INJURY","1","0","0","1","0","1","0","21","4","12","41.8916713","-87.625224728","POINT (-87.625224727853 41.891671299854)"
"e738ebf739ceb7da98fbe2723ecbc6e642e50031d3e88a55ceaad8d81d6302a4ab687757815f538266a749464d7392d6b00dc5e8752628ce77ba4536ce28223e","JE492403",,"2021-12-29T21:06:00.000","30","OTHER WARNING SIGN","FUNCTIONING PROPERLY","CLEAR","DARKNESS, LIGHTED ROAD","PARKED MOTOR VEHICLE","OTHER",,"STRAIGHT AND LEVEL","DRY","NO DEFECTS","ON SCENE","INJURY AND / OR TOW DUE TO CRASH",,,"Y","OVER $1,500","2021-12-29T21:06:00.000","DRIVING ON WRONG SIDE/WRONG WAY","NOT APPLICABLE","4742","W","MONROE ST","1113",,,,,,,"4","NO INDICATION OF INJURY","0","0","0","0","0","3","0","21","4","12","41.879367456","-87.744503514","POINT (-87.7445035142 41.879367455577)"
"1bcaab850b3a5019b93e6b95a3026b2b9e3999ff114c6d75b4ea3f218f5a49e8917b4779d7de2ebc06102f6c10fe4771e3ba53422f39e81357f1d25d3e226e89","JE492782",,"2021-12-29T21:00:00.000","20","NO CONTROLS","NO CONTROLS","CLEAR","DARKNESS, LIGHTED ROAD","FIXED OBJECT","PARKING LOT",,"STRAIGHT ON GRADE","DRY","NO DEFECTS","NOT ON SCENE (DESK REPORT)","NO INJURY / DRIVE AWAY",,"Y",,"OVER $1,500","2021-12-30T11:00:00.000","UNABLE TO DETERMINE","NOT APPLICABLE","58","W","KINZIE ST","1831",,,,,,,"1","NO INDICATION OF INJURY","0","0","0","0","0","1","0","21","4","12","41.889334361","-87.630193195","POINT (-87.630193195338 41.889334361385)"
"a025b5d9b8b4e95abe211d70f8669ebec44766301089d658c364248e122c41d4d34e8b0e55e3647429a2d32a37b57e5eeb2747ee57dba1feffcdc9aa3c95a1d3","JF105971",,"2021-12-29T20:38:00.000","30","STOP SIGN/FLASHER","FUNCTIONING PROPERLY","CLEAR","DARKNESS, LIGHTED ROAD","ANGLE","NOT DIVIDED",,"STRAIGHT AND LEVEL","DRY","NO DEFECTS","NOT ON SCENE (DESK REPORT)","NO INJURY / DRIVE AWAY",,,,"OVER $1,500","2022-01-07T14:51:00.000","UNABLE TO DETERMINE","UNABLE TO DETERMINE","300","W","ONTARIO ST","1831",,,,,,,"2","NO INDICATION OF INJURY","0","0","0","0","0","2","0","20","4","12","41.893276703","-87.635689442","POINT (-87.635689442435 41.893276703421)"
"b541b935a63c3f727d8f1fcb0614262150b604b1bb97e9ca7f10553674b183a8ae379a3affc1f0fa5b1129348428997933b07f599edac69a618548ee9feb3e7b","JE492405",,"2021-12-29T20:38:00.000","30","NO CONTROLS","NO CONTROLS","CLEAR","DARKNESS, LIGHTED ROAD","FIXED OBJECT","PARKING LOT",,"STRAIGHT AND LEVEL","DRY","NO DEFECTS","NOT ON SCENE (DESK REPORT)","INJURY AND / OR TOW DUE TO CRASH",,"Y",,"OVER $1,500","2021-12-29T20:38:00.000","DRIVING SKILLS/KNOWLEDGE/EXPERIENCE","DRIVING SKILLS/KNOWLEDGE/EXPERIENCE","5602","W","IRVING PARK RD","1624",,,,,,,"1","NO INDICATION OF INJURY","0","0","0","0","0","2","0","20","4","12","41.953290986","-87.767144584","POINT (-87.76714458367 41.953290985885)"
"411920f216fd82ab714ddf3b7de7f59080f84232530f535310e8b0cb5bc88af8d6931e077441ee335340e28a1bdbcc751ff5ea610091b2f41e88f4ad81d01013","JE492894","Y","2021-12-29T20:30:00.000","30","NO CONTROLS","NO CONTROLS","UNKNOWN","DARKNESS, LIGHTED ROAD","PARKED MOTOR VEHICLE","PARKING LOT",,"STRAIGHT AND LEVEL","UNKNOWN","NO DEFECTS","NOT ON SCENE (DESK REPORT)","NO INJURY / DRIVE AWAY",,"Y","Y","OVER $1,500","2021-12-30T12:45:00.000","FOLLOWING TOO CLOSELY","FAILING TO YIELD RIGHT-OF-WAY","923","S","INDEPENDENCE BLVD","1133",,,,,,,"2","NO INDICATION OF INJURY","0","0","0","0","0","1","0","20","4","12","41.869311855","-87.719478449","POINT (-87.719478449016 41.869311855271)"
"8563a6ac401f36bfc80c02ebfa4154677805e9b448f54ec82e58ce3088356dfbc07f70a134cf9860c92499f6ede1901e61ebd6e7b1b9b2386512429d954aaa40","JE492374",,"2021-12-29T20:20:00.000","35","NO CONTROLS","NO CONTROLS","CLEAR","DARKNESS, LIGHTED ROAD","TURNING","DIVIDED - W/MEDIAN BARRIER",,"STRAIGHT AND LEVEL","DRY","NO DEFECTS","ON SCENE","INJURY AND / OR TOW DUE TO CRASH","Y","Y",,"OVER $1,500","2021-12-29T20:21:00.000","FAILING TO REDUCE SPEED TO AVOID CRASH","UNABLE TO DETERMINE","9600","S","HALSTED ST","2223",,,,,,,"2","NO INDICATION OF INJURY","0","0","0","0","0","4","0","20","4","12","41.71925798","-87.643301224","POINT (-87.643301224122 41.719257980072)"
"60304eeb59420c52a9f4ff1ad65043eb68cc16aa7c96100c698466fccf1c1247ae660b1465b15509630d9e474a304ecb50045313fe1fea3d271c5cfb25f7ce3a","JE492386",,"2021-12-29T20:15:00.000","30","NO CONTROLS","NO CONTROLS","CLEAR","DARKNESS, LIGHTED ROAD","PARKED MOTOR VEHICLE","OTHER",,"STRAIGHT AND LEVEL","DRY","NO DEFECTS","ON SCENE","NO INJURY / DRIVE AWAY",,,,"$500 OR LESS","2021-12-29T20:41:00.000","UNABLE TO DETERMINE","UNABLE TO DETERMINE","1969","W","OGDEN AVE","1231",,,,,,,"2","NO INDICATION OF INJURY","0","0","0","0","0","3","0","20","4","12","41.873216999","-87.675675177","POINT (-87.67567517654 41.873216999115)"
"10618b7dbd4af1103079bbf1922c36ffe5224ce62845b56ce5478f6821fedf79928303d1a12367c6ca19bf108677b07c04fbf36773616cbe1b7a4e374529dd26","JF102504",,"2021-12-29T20:11:00.000","30","NO CONTROLS","NO CONTROLS","UNKNOWN","DARKNESS, LIGHTED ROAD","OTHER OBJECT","NOT DIVIDED",,"STRAIGHT AND LEVEL","UNKNOWN","UNKNOWN","NOT ON SCENE (DESK REPORT)","NO INJURY / DRIVE AWAY",,,,"$500 OR LESS","2022-01-03T18:25:00.000","UNABLE TO DETERMINE","UNABLE TO DETERMINE","6200","S","CORNELL DR","331",,,,,,,"1","NO INDICATION OF INJURY","0","0","0","0","0","1","0","20","4","12","41.782297444","-87.584719371","POINT (-87.584719370852 41.782297444463)"
"58127c211bfe39ae00441ed2bb84c7a7c9b305436b0d6e6803ce62c5381444fa9182abd487929962e77e0877a792a537e3a0db776acc6ae4a2e007edb2b2ca19","JE492373",,"2021-12-29T20:10:00.000","30","TRAFFIC SIGNAL","FUNCTIONING PROPERLY","CLEAR","DARKNESS, LIGHTED ROAD","TURNING","DIVIDED - W/MEDIAN (NOT RAISED)",,"STRAIGHT AND LEVEL","DRY","NO DEFECTS","NOT ON SCENE (DESK REPORT)","NO INJURY / DRIVE AWAY","Y",,"Y","OVER $1,500","2021-12-29T20:24:00.000","UNABLE TO DETERMINE","NOT APPLICABLE","3","S","CENTRAL AVE","1522",,,,,,,"2","NO INDICATION OF INJURY","0","0","0","0","0","3","0","20","4","12","41.880122186","-87.764715797","POINT (-87.764715797458 41.880122186315)"
"356b852f640b6a144a6b94fb6f2751405a9659db2d703735c1fff4868070c647981797f7d100bf5aff02ed69d4c0c55fc41054aee7bebcf8dc1d73e0f0b75155","JE492394",,"2021-12-29T20:06:00.000","35","UNKNOWN","UNKNOWN","CLEAR","DARKNESS, LIGHTED ROAD","SIDESWIPE SAME DIRECTION","DIVIDED - W/MEDIAN (NOT RAISED)",,"STRAIGHT AND LEVEL","DRY","UNKNOWN","ON SCENE","NO INJURY / DRIVE AWAY",,,"Y","$501 - $1,500","2021-12-29T20:06:00.000","NOT APPLICABLE","NOT APPLICABLE","313","E","JACKSON DR","114",,,,,,,"2","NO INDICATION OF INJURY","0","0","0","0","0","2","0","20","4","12","41.878230894","-87.620113313","POINT (-87.620113312799 41.878230893829)"
"3584569d77a77ed230241152828a48bb48d328fd7b525b182996d4cf2dd790c6cf505f21ad1f1abf16d05821027d66180f6acd4748dcde10c054acad6713669e","JE492838",,"2021-12-29T20:00:00.000","30","NO CONTROLS","NO CONTROLS","CLEAR","DAYLIGHT","ANGLE","NOT DIVIDED","2","STRAIGHT AND LEVEL","DRY","UNKNOWN",,"INJURY AND / OR TOW DUE TO CRASH","Y",,,"OVER $1,500","2021-12-30T11:45:00.000","UNABLE TO DETERMINE","NOT APPLICABLE","399","E","101ST ST","511",,,,,,,"2","NONINCAPACITATING INJURY","2","0","0","2","0","2","0","20","4","12","41.710848975","-87.613918969","POINT (-87.613918968677 41.710848974732)"
"7ce572825b30d63cb0808209ff3689318661c39da288268c9becbf10503aeb2f89d5f4174819d32043d2b799bde7a41888c4755702f358415c940bb93f0bedb0","JE493810",,"2021-12-29T19:58:00.000","30","TRAFFIC SIGNAL","FUNCTIONING PROPERLY","CLEAR","DAYLIGHT","SIDESWIPE SAME DIRECTION","OTHER",,"STRAIGHT AND LEVEL","DRY","NO DEFECTS","NOT ON SCENE (DESK REPORT)","NO INJURY / DRIVE AWAY",,,"Y","$501 - $1,500","2021-12-31T11:00:00.000","IMPROPER OVERTAKING/PASSING","UNABLE TO DETERMINE","200","E","GARFIELD BLVD","231",,,,,,,"2","NO INDICATION OF INJURY","0","0","0","0","0","3","0","19","4","12","41.794833899","-87.620768152","POINT (-87.620768152303 41.794833898538)"
"306f50a1b478280ebfc9aaafe49a818714d499e585eef7a8276364a045c809979691a737e2910b866377639fea85088c5c4263d52f093fca87a77366a2f4e9d7","JE492392",,"2021-12-29T19:55:00.000","30","NO CONTROLS","OTHER","CLEAR","DARKNESS","PARKED MOTOR VEHICLE","ONE-WAY",,"STRAIGHT AND LEVEL","DRY","NO DEFECTS","NOT ON SCENE (DESK REPORT)","NO INJURY / DRIVE AWAY",,,"Y","$501 - $1,500","2021-12-29T21:15:00.000","NOT APPLICABLE","NOT APPLICABLE","6355","N","MAPLEWOOD AVE","2413",,,,,,,"2","NO INDICATION OF INJURY","0","0","0","0","0","1","0","19","4","12","41.997467279","-87.693390323","POINT (-87.693390323001 41.997467278659)"
"451dc05d63ef29b33761ee5e3c3b8c315a6cfe952a5464e603b0d4433c69367a28e90ddfc4a875176caf0db4fcd147ae0a22cca927eb9ec3496cd4e9eee34acf","JE492395","Y","2021-12-29T19:30:00.000","30","NO CONTROLS","NO CONTROLS","CLEAR","DARKNESS","HEAD ON","ALLEY",,"STRAIGHT AND LEVEL","DRY","NO DEFECTS","NOT ON SCENE (DESK REPORT)","NO INJURY / DRIVE AWAY",,,,"OVER $1,500","2021-12-29T20:15:00.000","UNABLE TO DETERMINE","UNABLE TO DETERMINE","5237","S","DREXEL AVE","233",,,,,,,"2","NO INDICATION OF INJURY","0","0","0","0","0","2","0","19","4","12","41.799666123","-87.603778104","POINT (-87.60377810374 41.79966612292)"
"df3723d1ff972571af01d5aafdd726fdfea36be521ccdf61b566b8e5a61d7ba6a2f6b0ec7e5ae77c7d2dff22e75fec2b9c6a2f2761cfb0d92c68dc3473bcb7b1","JE492335",,"2021-12-29T19:28:00.000","30","YIELD","NO CONTROLS","CLEAR","DARKNESS, LIGHTED ROAD","ANGLE","DIVIDED - W/MEDIAN (NOT RAISED)",,"STRAIGHT AND LEVEL","DRY","NO DEFECTS","ON SCENE","INJURY AND / OR TOW DUE TO CRASH",,,,"OVER $1,500","2021-12-29T19:28:00.000","FAILING TO YIELD RIGHT-OF-WAY","NOT APPLICABLE","7600","S","HARVARD AVE","623",,,,,,,"2","NO INDICATION OF INJURY","0","0","0","0","0","2","0","19","4","12","41.756234906","-87.632969866","POINT (-87.632969866207 41.756234906187)"
"d1ee7c9ca2c413cfba2c322d88b35d1872a1e378ea26fb5494c296264e0e6b7e92d2da064181e8839708481c4b0a0be1770421a34d93b1c2c86a5c2e31133287","JE492389",,"2021-12-29T19:27:00.000","30","STOP SIGN/FLASHER","FUNCTIONING PROPERLY","CLEAR","DARKNESS, LIGHTED ROAD","TURNING","FOUR WAY",,"STRAIGHT AND LEVEL","WET","NO DEFECTS","ON SCENE","INJURY AND / OR TOW DUE TO CRASH","Y",,,"OVER $1,500","2021-12-29T20:28:00.000","FAILING TO YIELD RIGHT-OF-WAY","DISREGARDING STOP SIGN","2999","N","PAULINA ST","1931",,,,,,,"2","NO INDICATION OF INJURY","0","0","0","0","0","2","0","19","4","12","41.93595724","-87.670807841","POINT (-87.670807840609 41.935957240388)"
"ead34812ef7a2520be3381ec00f88139d5d466e974cec9f6a19416ae69118ef2610b29f295bdbb86ec52e19d7443f1989dc83a4f9dcf9e5f8289a0238e595ade","JE492332",,"2021-12-29T19:15:00.000","30","TRAFFIC SIGNAL","FUNCTIONING PROPERLY","CLEAR","DARKNESS, LIGHTED ROAD","REAR END","DIVIDED - W/MEDIAN (NOT RAISED)",,"STRAIGHT AND LEVEL","DRY","NO DEFECTS","NOT ON SCENE (DESK REPORT)","NO INJURY / DRIVE AWAY",,,"Y","OVER $1,500","2021-12-29T19:40:00.000","OPERATING VEHICLE IN ERRATIC, RECKLESS, CARELESS, NEGLIGENT OR AGGRESSIVE MANNER","NOT APPLICABLE","400","E","87TH ST","632",,,,,,,"2","NO INDICATION OF INJURY","0","0","0","0","0","2","0","19","4","12","41.736613967","-87.61444973","POINT (-87.614449730497 41.736613967437)"