"crash_record_id","rd_no","crash_date_est_i","crash_date","posted_speed_limit","traffic_control_device","device_condition","weather_condition","lighting_condition","first_crash_type","trafficway_type","lane_cnt","alignment","roadway_surface_cond","road_defect","report_type","crash_type","intersection_related_i","private_property_i","hit_and_run_i","damage","date_police_notified","prim_contributory_cause","sec_contributory_cause","street_no","street_direction","street_name","beat_of_occurrence","photos_taken_i","statements_taken_i","dooring_i","work_zone_i","work_zone_type","workers_present_i","num_units","most_severe_injury","injuries_total","injuries_fatal","injuries_incapacitating","injuries_non_incapacitating","injuries_reported_not_evident","injuries_no_indication","injuries_unknown","crash_hour","crash_day_of_week","crash_month","latitude","longitude","location"
"d81ca6ea0b7cdb5565171e508ea5c06d62beaaeb127c6a669b418b48ff2bbbfdd0b4d2bd0fcd8a20cdbee9060ff19f8c5d06711b40f8c4c6af7e2a5dd73ef8cf","JE492689",,"2021-12-29T17:00:00.000","25","NO CONTROLS","NO CONTROLS","CLOUDY/OVERCAST","DARKNESS, LIGHTED ROAD","PARKED MOTOR VEHICLE","ONE-WAY",,"STRAIGHT AND LEVEL","DRY","UNKNOWN","NOT ON SCENE (DESK REPORT)","NO INJURY / DRIVE AWAY",,,"Y","OVER $1,500","2021-12-30T09:33:00.000","UNABLE TO DETERMINE","NOT APPLICABLE","3940","W","ARTHINGTON ST","1132",,,,,,,"2","NO INDICATION OF INJURY","0","0","0","0","0","1","0","17","4","12","41.869929714","-87.724501573","POINT (-87.724501573057 41.869929714006)"
"6c2c24d07559675fbff78b0bcf713ae6e9e12127b018c3891735b8157ece50f7f2a0d97787125c97750dbc084c36cde8cb01b7ca8c916fa5ec3444c03ba1a545","JE492229",,"2021-12-29T16:50:00.000","35","TRAFFIC SIGNAL","FUNCTIONING PROPERLY","CLEAR","DARKNESS, LIGHTED ROAD","SIDESWIPE SAME DIRECTION","DIVIDED - W/MEDIAN BARRIER",,"STRAIGHT AND LEVEL","DRY","UNKNOWN","NOT ON SCENE (DESK REPORT)","NO INJURY / DRIVE AWAY",,,"Y","$501 - $1,500","2021-12-29T17:50:00.000","UNABLE TO DETERMINE","UNABLE TO DETERMINE","7903","S","ASHLAND AVE","612",,,,,,,"2","NO INDICATION OF INJURY","0","0","0","0","0","3","0","16","4","12","41.750212217","-87.663284759","POINT (-87.663284759325 41.75021221702)"
"c280c0e6d319d29e043ebfff84914b84db1107e7fde52007f39a585049962dfe001e62cda375883fa47b93c26ec50ecc3238a8ce7b2fee4cc10fcc15f8abad59","JE492288",,"2021-12-29T16:45:00.000","25","NO CONTROLS","NO CONTROLS","CLEAR","DAYLIGHT","TURNING","NOT DIVIDED",,"STRAIGHT AND LEVEL","DRY","NO DEFECTS","NOT ON SCENE (DESK REPORT)","NO INJURY / DRIVE AWAY",,,,"OVER $1,500","2021-12-29T17:04:00.000","NOT APPLICABLE","NOT APPLICABLE","943","W","DIVERSEY PKWY","1935",,,,,,,"2","NO INDICATION OF INJURY","0","0","0","0","0","2","0","16","4","12","41.932541665","-87.6531195","POINT (-87.653119500024 41.932541665222)"
"b7778c2c1cd00731051807f2318033973b69c5c9d0c5f9b0e22af6a4e53e4f79eecea6817b9aa460ed4f50a3a8e2113aae2e32c5d76acc5952b00dbfcdbee54f","JE492187",,"2021-12-29T16:42:00.000","30","TRAFFIC SIGNAL","FUNCTIONING PROPERLY","CLEAR","DARKNESS, LIGHTED ROAD","TURNING","FOUR WAY",,"STRAIGHT AND LEVEL","DRY","NO DEFECTS","ON SCENE","INJURY AND / OR TOW DUE TO CRASH","Y",,,"OVER $1,500","2021-12-29T16:44:00.000","FAILING TO YIELD RIGHT-OF-WAY","NOT APPLICABLE","802","W","87TH ST","613",,,,,,,"3","NO INDICATION OF INJURY","0","0","0","0","0","5","0","16","4","12","41.736182068","-87.643771818","POINT (-87.643771818069 41.73618206839)"
"6169ee1abc264093904b7b5d2249ba37159dbd43688c7dc13c2a9e6b32f790f409991474f91f288272bf0dd2c7ffd25cdfff45387f5eda11527ad5a4b53603ea","JE492297",,"2021-12-29T16:40:00.000","25","TRAFFIC SIGNAL","FUNCTIONING PROPERLY","CLEAR","DARKNESS, LIGHTED ROAD","REAR END","T-INTERSECTION",,"STRAIGHT ON GRADE","DRY","NO DEFECTS","NOT ON SCENE (DESK REPORT)","NO INJURY / DRIVE AWAY","Y",,,"$501 - $1,500","2021-12-29T19:00:00.000","UNABLE TO DETERMINE","UNABLE TO DETERMINE","5322","N","ELSTON AVE","1623",,,,,,,"2","NO INDICATION OF INJURY","0","0","0","0","0","2","0","16","4","12","41.977863542","-87.756231735","POINT (-87.756231735431 41.977863541514)"
"5ec01591577a402b77119b4009a7736d97c19d75469677cb6ad049073a6d2f0517678d845807f44bff815edc1434b7b9e9f2b2bff67fc5c1e5b32010324aaa99","JE492174",,"2021-12-29T16:20:00.000","30","TRAFFIC SIGNAL","FUNCTIONING PROPERLY","CLEAR","DARKNESS, LIGHTED ROAD","TURNING","Y-INTERSECTION",,"STRAIGHT AND LEVEL","DRY","NO DEFECTS",,"INJURY AND / OR TOW DUE TO CRASH","Y",,,"OVER $1,500","2021-12-29T16:24:00.000","FAILING TO YIELD RIGHT-OF-WAY","FAILING TO REDUCE SPEED TO AVOID CRASH","5602","N","ELSTON AVE","1623",,,,,,,"2","REPORTED, NOT EVIDENT","1","0","0","0","1","3","0","16","4","12","41.982997298","-87.764686423","POINT (-87.764686422943 41.98299729843)"
"fd991d2f3a232358c63bc5860e717bb55caee032ac330fa2ec0f02283c15e735f85fd2f03994e3f50be8db6cd242b1dde7085d2eaa5b09f207f8951565f6e14e","JE492147",,"2021-12-29T16:10:00.000","30","NO CONTROLS","NO CONTROLS","CLEAR","DAYLIGHT","PARKED MOTOR VEHICLE","NOT DIVIDED",,"STRAIGHT AND LEVEL","DRY","UNKNOWN","ON SCENE","NO INJURY / DRIVE AWAY",,,"Y","$500 OR LESS","2021-12-29T16:10:00.000","UNABLE TO DETERMINE","UNABLE TO DETERMINE","1934","W","CHICAGO AVE","1212",,,,,,,"2","NO INDICATION OF INJURY","0","0","0","0","0","1","0","16","4","12","41.89603921","-87.675980446","POINT (-87.675980446047 41.896039209947)"
"a31bbeac8945fd92c567619317156ef6e546e92a2ff1433aabc451ff29fd64d566d868966e5c9bbd0897140d5e8735d9a421a9d77d2f47b7fcb43d89ec93a31a","JE492948",,"2021-12-29T16:05:00.000","45","NO CONTROLS","NO CONTROLS","SNOW","DARKNESS, LIGHTED ROAD","SIDESWIPE SAME DIRECTION","DIVIDED - W/MEDIAN BARRIER",,"STRAIGHT AND LEVEL","WET","NO DEFECTS","NOT ON SCENE (DESK REPORT)","INJURY AND / OR TOW DUE TO CRASH",,,"Y","OVER $1,500","2021-12-30T14:00:00.000","UNABLE TO DETERMINE","NOT APPLICABLE","5600","S","LAKE SHORE DR SB","331",,,,,,,"2","NO INDICATION OF INJURY","0","0","0","0","0","2","0","16","4","12","41.793456251","-87.580318542","POINT (-87.580318541655 41.793456251099)"
"04d950dee5e598a0cc3b0b99fe55bd5c88ab2c4a7439973202c78eb8d2814ffacae4f6f043135564a60b23cfa0be7a20b92975d34d0cf9ed48ecefd4c7dfe6c5","JF104567",,"2021-12-29T16:00:00.000","35","TRAFFIC SIGNAL","FUNCTIONING PROPERLY","CLEAR","DAYLIGHT","SIDESWIPE SAME DIRECTION","NOT DIVIDED",,"STRAIGHT AND LEVEL","DRY","NO DEFECTS","NOT ON SCENE (DESK REPORT)","NO INJURY / DRIVE AWAY",,,,"$501 - $1,500","2022-01-06T00:05:00.000","IMPROPER OVERTAKING/PASSING","FAILING TO REDUCE SPEED TO AVOID CRASH","944","W","NORTH AVE","1813",,,,,,,"2","NO INDICATION OF INJURY","0","0","0","0","0","2","0","16","4","12","41.910954026","-87.652860731","POINT (-87.652860730516 41.910954026224)"
"3770a345058a755b97652df5e642e38e01b580f2e2904d4ab74112912c587d945323d52f4fdd196b7fa191cb22dd3ae204d5be935e93c157c0fd2fad3fad4a93","JE492204",,"2021-12-29T16:00:00.000","25","NO CONTROLS","NO CONTROLS","CLEAR","DARKNESS, LIGHTED ROAD","SIDESWIPE SAME DIRECTION","ALLEY",,"STRAIGHT AND LEVEL","DRY","NO DEFECTS","NOT ON SCENE (DESK REPORT)","NO INJURY / DRIVE AWAY",,,,"OVER $1,500","2021-12-29T17:25:00.000","DRIVING SKILLS/KNOWLEDGE/EXPERIENCE","UNABLE TO DETERMINE","2336","S","TROY ST","1033",,,,,,,"2","NO INDICATION OF INJURY","0","0","0","0","0","2","0","16","4","12","41.848895964","-87.704088269","POINT (-87.70408826882 41.848895963598)"
"82e7bacf812e0c584ad373ece7155bad67f176af6a246f6988a612c08e98a063860f286c3b3f40bd94f28a101b099f0944e588e906004187d129d87303431ce4","JE492171",,"2021-12-29T16:00:00.000","25","NO CONTROLS","NO CONTROLS","CLEAR","DAYLIGHT","PARKED MOTOR VEHICLE","PARKING LOT",,"STRAIGHT AND LEVEL","DRY","NO DEFECTS","NOT ON SCENE (DESK REPORT)","NO INJURY / DRIVE AWAY",,,,"OVER $1,500","2021-12-29T16:40:00.000","DRIVING SKILLS/KNOWLEDGE/EXPERIENCE","UNABLE TO DETERMINE","2301","S","PULASKI RD","1013",,,,,,,"2",,,,,,,,,"16","4","12","41.849667486","-87.724562234","POINT (-87.724562234134 41.849667486321)"
"385404bcdb8fb13e6d01672abc15ead09448c539a3a2d856a4b3b402bc68c808d3534ba9c4855b50a2868bc8404cce0a272d41b5ff871defa9daf8b0bf6f2caa","JE492138",,"2021-12-29T16:00:00.000","45","NO CONTROLS","NO CONTROLS","CLEAR","DAYLIGHT","REAR END","ONE-WAY",,"STRAIGHT AND LEVEL","DRY","UNKNOWN","ON SCENE","INJURY AND / OR TOW DUE TO CRASH",,,,"OVER $1,500","2021-12-29T16:09:00.000","FOLLOWING TOO CLOSELY","ROAD CONSTRUCTION/MAINTENANCE","3958","S","LAKE SHORE DR SB","214",,,,,,,"3","NONINCAPACITATING INJURY","1","0","0","1","0","2","0","16","4","12","41.823109579","-87.599642435","POINT (-87.599642434761 41.823109579285)"
"7d05ecb16892784feb7893c57233ce3e4217b205981ba0798ed45b8ea6d1ca714e8f55917dfd76a19935f0d85da385cf69aaac05ab1e469eb9ce4b6a4529647d","JE492154",,"2021-12-29T15:52:00.000","30","NO CONTROLS","NO CONTROLS","CLEAR","DAYLIGHT","TURNING","NOT DIVIDED",,"STRAIGHT AND LEVEL","DRY","NO DEFECTS","ON SCENE","INJURY AND / OR TOW DUE TO CRASH","Y",,,"OVER $1,500","2021-12-29T16:17:00.000","FAILING TO YIELD RIGHT-OF-WAY","UNABLE TO DETERMINE","6228","N","MILWAUKEE AVE","1611",,,,,,,"2","NO INDICATION OF INJURY","0","0","0","0","0","3","0","15","4","12","41.994393858","-87.785247584","POINT (-87.785247584289 41.994393857802)"
"fe9e7ae196eac2e3c34c6b8e0b0137a7f2e88ccb451b4474671cf81c58bad6c1ceccc2e865164b04c692dbe1219a925ed4f9ea23251f4a01e81292d6b1c0d08e","JE492137",,"2021-12-29T15:52:00.000","30","NO CONTROLS","NO CONTROLS","CLEAR","DAYLIGHT","REAR END","NOT DIVIDED",,"STRAIGHT AND LEVEL","DRY","NO DEFECTS","ON SCENE","NO INJURY / DRIVE AWAY",,,,"$501 - $1,500","2021-12-29T16:10:00.000","FOLLOWING TOO CLOSELY","UNABLE TO DETERMINE","3101","N","PULASKI RD","2523",,,,,,,"2","NO INDICATION OF INJURY","0","0","0","0","0","4","0","15","4","12","41.937362146","-87.726988963","POINT (-87.726988962961 41.937362146072)"
"53f9c152a82957415ec9d56bb738b29df3fdd409634d9763bfa22164b44f6fa5c0fd4dddd791517647ef974e1150ea2497cb6e1977d1b34689bab7195b725f57","JE492149",,"2021-12-29T15:50:00.000","30","TRAFFIC SIGNAL","FUNCTIONING PROPERLY","CLEAR","DARKNESS, LIGHTED ROAD","PEDESTRIAN","ONE-WAY",,"STRAIGHT AND LEVEL","DRY","NO DEFECTS","ON SCENE","INJURY AND / OR TOW DUE TO CRASH","Y",,,"$500 OR LESS","2021-12-29T17:13:00.000","FAILING TO YIELD RIGHT-OF-WAY","UNABLE TO DETERMINE","800","N","RUSH ST","1833",,,,,,,"2","NONINCAPACITATING INJURY","1","0","0","1","0","1","0","15","4","12","41.89672111","-87.625771693","POINT (-87.625771693137 41.896721110026)"
"3082abf5abe321cd47f0da8d2e9a472565d0387bd130afcab7ea14a9e40bc0b56726c4d53ea07d752b0178229fc62126e34bb7c1b01c99b9a22632502ba825a8","JF104046",,"2021-12-29T15:40:00.000","30","TRAFFIC SIGNAL","FUNCTIONING PROPERLY","UNKNOWN","DAYLIGHT","REAR END","NOT DIVIDED",,"STRAIGHT AND LEVEL","UNKNOWN","UNKNOWN","NOT ON SCENE (DESK REPORT)","NO INJURY / DRIVE AWAY",,,,"$501 - $1,500","2022-01-05T13:00:00.000","UNABLE TO DETERMINE","NOT APPLICABLE","2001","W","79TH ST","611",,,,,,,"2","NO INDICATION OF INJURY","0","0","0","0","0","3","0","15","4","12","41.750120913","-87.673193628","POINT (-87.673193628148 41.750120912827)"
"24272b89757109af7aae3f033ed675efc9145924761ed9ae28fe4088277fecb0ef70e6b446286a10318748680292f45e25b653d345cd9651553d2de6e0b3c793","JF101397",,"2021-12-29T15:30:00.000","10","NO CONTROLS","NO CONTROLS","CLEAR","DAYLIGHT","ANGLE","PARKING LOT",,"STRAIGHT AND LEVEL","DRY","NO DEFECTS","NOT ON SCENE (DESK REPORT)","NO INJURY / DRIVE AWAY",,,,"$501 - $1,500","2022-01-02T16:05:00.000","UNABLE TO DETERMINE","NOT APPLICABLE","7900","S","ASHLAND AVE","611",,,,,,,"2","NO INDICATION OF INJURY","0","0","0","0","0","2","0","15","4","12","41.75026224","-87.663580117","POINT (-87.663580117092 41.750262240415)"
"87cd647d8c75a0ea3b36b3cb1a21cc4d388a0408caf97e4a78a35ab02f1ce689e75c90e6549fc1567e32723022a4de7f914ea25f77bf70d67cfed54baf0e21f9","JE492170",,"2021-12-29T15:30:00.000","30","TRAFFIC SIGNAL","FUNCTIONING PROPERLY","CLEAR","DAYLIGHT","TURNING","NOT DIVIDED",,"STRAIGHT AND LEVEL","DRY","NO DEFECTS",,"NO INJURY / DRIVE AWAY","Y",,"Y","$501 - $1,500","2021-12-29T17:00:00.000","IMPROPER LANE USAGE","FAILING TO REDUCE SPEED TO AVOID CRASH","2600","N","CICERO AVE","2521",,,,,,,"2","NO INDICATION OF INJURY","0","0","0","0","0","3","0","15","4","12","41.927919923","-87.746592904","POINT (-87.746592904471 41.927919922922)"
"67f502117e9a7b3ad2a499f18bfa6bcfb75c5e1f6282185edde963dc0bdc4d62785f5a9864ce10ab67f559075823917886cd332112568db23c7fcf1d977d09b8","JE492126",,"2021-12-29T15:30:00.000","30","NO CONTROLS","NO CONTROLS","CLEAR","DAYLIGHT","TURNING","NOT DIVIDED",,"STRAIGHT AND LEVEL","DRY","NO DEFECTS","ON SCENE","INJURY AND / OR TOW DUE TO CRASH",,,,"OVER $1,500","2021-12-29T16:10:00.000","IMPROPER TURNING/NO SIGNAL","NOT APPLICABLE","2300","E","79TH ST","414",,,,,,,"2","INCAPACITATING INJURY","1","0","1","0","0","2","0","15","4","12","41.751811516","-87.568611867","POINT (-87.568611867381 41.751811516153)"
"1ed2dcc44b571c29956e900e2936dd585052ab1d5b8e2025ede52fbded33e9475826ac8cc361af5c7915ee140ca9412890b371ce874a52691c1312c67b239b19","JE492127",,"2021-12-29T15:23:00.000","30","NO CONTROLS","NO CONTROLS","CLEAR","DUSK","HEAD ON","DIVIDED - W/MEDIAN (NOT RAISED)",,"STRAIGHT AND LEVEL","DRY","NO DEFECTS","ON SCENE","INJURY AND / OR TOW DUE TO CRASH",,,,"OVER $1,500","2021-12-29T15:25:00.000","DISTRACTION - FROM INSIDE VEHICLE","OPERATING VEHICLE IN ERRATIC, RECKLESS, CARELESS, NEGLIGENT OR AGGRESSIVE MANNER","1330","W","76TH ST","612",,,,,,,"2","REPORTED, NOT EVIDENT","2","0","0","0","2","2","0","15","4","12","41.756018503","-87.657652569","POINT (-87.65765256948 41.756018503121)"
"08e2cb8a051f4f2ee2fa2de0e330c164b1c7839bfbd6cb523463a2d3aba4d846764149dd853eb3462fbf5419e5983233c3b7444a75c4826d6bcb88fb495b6d43","JE493012",,"2021-12-29T15:20:00.000","30","NO CONTROLS","NO CONTROLS","CLEAR","DAYLIGHT","PARKED MOTOR VEHICLE","DIVIDED - W/MEDIAN (NOT RAISED)",,"STRAIGHT AND LEVEL","DRY","NO DEFECTS","NOT ON SCENE (DESK REPORT)","NO INJURY / DRIVE AWAY",,,,"$501 - $1,500","2021-12-30T14:50:00.000","UNABLE TO DETERMINE","NOT APPLICABLE","67","E","CERMAK RD","131",,,,,,,"2","NO INDICATION OF INJURY","0","0","0","0","0","1","0","15","4","12","41.852751616","-87.624425882","POINT (-87.624425882159 41.852751616321)"
"9d5c79e3b7a66cb83e99c6c71ed617764f29e7d0415938098901c93759444fb677a833c4c79493244f821379f3be197c6b6b8f7d670d274538cc5b0bce7b0185","JE492206",,"2021-12-29T15:15:00.000","30","STOP SIGN/FLASHER","FUNCTIONING PROPERLY","CLOUDY/OVERCAST","DAYLIGHT","ANGLE","FOUR WAY",,"STRAIGHT AND LEVEL","UNKNOWN","UNKNOWN","ON SCENE","INJURY AND / OR TOW DUE TO CRASH",,,"Y","$500 OR LESS","2021-12-29T15:20:00.000","DISREGARDING STOP SIGN","DRIVING SKILLS/KNOWLEDGE/EXPERIENCE","7198","S","EXCHANGE AVE","334",,"Y",,,,,"2","NO INDICATION OF INJURY","0","0","0","0","0","2","0","15","4","12","41.764470432","-87.565339915","POINT (-87.565339914552 41.764470431827)"
"12bf518aba6dfaa8ca07b706b95511e5dcf8b75d4979259873602bbc6f03079edf0c395fb5e467ef068cd5f23f93ed88810aa1a85f4f211a4c74c2199b359b32","JE492136",,"2021-12-29T15:15:00.000","20","NO CONTROLS","NO CONTROLS","CLEAR","DAYLIGHT","SIDESWIPE SAME DIRECTION","ONE-WAY",,"STRAIGHT AND LEVEL","DRY","NO DEFECTS","NOT ON SCENE (DESK REPORT)","NO INJURY / DRIVE AWAY",,,,"$500 OR LESS","2021-12-29T16:45:00.000","UNABLE TO DETERMINE","UNABLE TO DETERMINE","6034","S","EBERHART AVE","313",,,,,,,"2","NO INDICATION OF INJURY","0","0","0","0","0","2","0","15","4","12","41.784692113","-87.613398229","POINT (-87.61339822872 41.784692112922)"
"b9016fb256856ae29b86353493b4d5aea8166d51f72fb69789b0af7350927513745e207dcc70cf875b0b36bb534c366676578d981ea6050b77e58a441378d7e2","JE492102",,"2021-12-29T15:12:00.000","25","NO CONTROLS","NO CONTROLS","CLEAR","DAYLIGHT","SIDESWIPE SAME DIRECTION","FOUR WAY",,"STRAIGHT AND LEVEL","DRY","NO DEFECTS","ON SCENE","NO INJURY / DRIVE AWAY",,,,"OVER $1,500","2021-12-29T15:42:00.000","IMPROPER OVERTAKING/PASSING","NOT APPLICABLE","2456","W","DEVON AVE","2412",,,,,,,"2","NO INDICATION OF INJURY","0","0","0","0","0","2","0","15","4","12","41.997801726","-87.692182305","POINT (-87.69218230499 41.997801725934)"
"7ba69d17cf162367df8683aa21794ec512086acbd204d070315388e85168eb4c7fa2d9e335802b0a273baf15099942de48893ee56c4cd4a0ef6c0f134af8d391","JE492119",,"2021-12-29T15:08:00.000","30","NO CONTROLS","NO CONTROLS","CLEAR","DAYLIGHT","PARKED MOTOR VEHICLE","ONE-WAY",,"STRAIGHT AND LEVEL","DRY","NO DEFECTS","ON SCENE","INJURY AND / OR TOW DUE TO CRASH",,,"Y","OVER $1,500","2021-12-29T15:10:00.000","FAILING TO REDUCE SPEED TO AVOID CRASH","NOT APPLICABLE","5339","W","IOWA ST","1524",,,,,,,"3","REPORTED, NOT EVIDENT","1","0","0","0","1","2","0","15","4","12","41.896613045","-87.759745642","POINT (-87.759745641977 41.896613045483)"
"b81bc04444aa4a3f8494ae01d0f8ce01d7efb4a7e39da4d5fad0d266c62667b554e4a89888985df71fbba64f03dd46ad221989cc008b5c1f35ee5133841cae36","JE492109",,"2021-12-29T15:03:00.000","30","STOP SIGN/FLASHER","FUNCTIONING PROPERLY","CLEAR","DAYLIGHT","ANGLE","FOUR WAY",,"STRAIGHT AND LEVEL","DRY","NO DEFECTS","ON SCENE","NO INJURY / DRIVE AWAY","Y",,"Y","OVER $1,500","2021-12-29T15:50:00.000","DISREGARDING STOP SIGN","UNABLE TO DETERMINE","731","S","KEDZIE AVE","1134",,,,,,,"2","NO INDICATION OF INJURY","0","0","0","0","0","2","0","15","4","12","41.871920392","-87.705706173","POINT (-87.705706173279 41.871920392035)"
"e449515227fe472f2a1cf698e5e7760b2069cef95bb2434eb9e1fff79588a9c4bfa955f56866216272deda4f635f091959d25d76c0c81853120912dd1165319e","JE492327",,"2021-12-29T15:00:00.000","30","NO CONTROLS","NO CONTROLS","CLEAR","DAYLIGHT","PARKED MOTOR VEHICLE","NOT DIVIDED",,"STRAIGHT AND LEVEL","DRY","NO DEFECTS","ON SCENE","NO INJURY / DRIVE AWAY",,,"Y","$500 OR LESS","2021-12-29T19:35:00.000","UNABLE TO DETERMINE","UNABLE TO DETERMINE","955","E","62ND ST","313",,,,,,,"2","NO INDICATION OF INJURY","0","0","0","0","0","1","0","15","4","12","41.782151216","-87.602158064","POINT (-87.602158064328 41.782151216421)"
"187bbb07e3b6d3f289ebbb56d211990594ac5c6f941c3c133761b6ea0d4335a2df757986747fa37b1ecfcd6563704d4cf7ff5cfac44b587769fa0541d001f6e7","JE492110",,"2021-12-29T15:00:00.000","30","NO CONTROLS","NO CONTROLS","CLEAR","DAYLIGHT","TURNING","FOUR WAY",,"STRAIGHT AND LEVEL","DRY","NO DEFECTS","NOT ON SCENE (DESK REPORT)","NO INJURY / DRIVE AWAY",,,"Y","OVER $1,500","2021-12-29T16:09:00.000","FAILING TO YIELD RIGHT-OF-WAY","IMPROPER TURNING/NO SIGNAL","7900","S","EBERHART AVE","624",,,,,,,"2","NO INDICATION OF INJURY","0","0","0","0","0","2","0","15","4","12","41.751066067","-87.612646846","POINT (-87.612646846049 41.751066067075)"
"22b6401b87b2ed3fab013b1df743a9f23b0d9bc3298d52479501750a2753e14b6d7e46e579203cc09b0fa03515776314dcf6bf535e2c79d488a084cfabf0c71b","JE492051",,"2021-12-29T15:00:00.000","30","TRAFFIC SIGNAL","FUNCTIONING PROPERLY","CLOUDY/OVERCAST","DAYLIGHT","SIDESWIPE SAME DIRECTION","NOT DIVIDED",,"STRAIGHT AND LEVEL","DRY","NO DEFECTS","NOT ON SCENE (DESK REPORT)","NO INJURY / DRIVE AWAY",,,,"OVER $1,500","2021-12-29T15:14:00.000","UNABLE TO DETERMINE","UNABLE TO DETERMINE","3313","S","DAMEN AVE","912",,,,,,,"2","NO INDICATION OF INJURY","0","0","0","0","0","2","0","15","4","12","41.833623529","-87.675219825","POINT (-87.675219825243 41.833623529003)"
"e4ae4df27f97f4dc9322135347bd39e875409420b836585b51601ff6dfd0da505a4700278f8ba7dedef6ac6c415205c6945abdc90964472c9a57a8b056280dd3","JE492168",,"2021-12-29T14:55:00.000","30","NO CONTROLS","NO CONTROLS","CLEAR","DARKNESS, LIGHTED ROAD","PARKED MOTOR VEHICLE","DIVIDED - W/MEDIAN (NOT RAISED)",,"STRAIGHT AND LEVEL","DRY","NO DEFECTS","ON SCENE","INJURY AND / OR TOW DUE TO CRASH",,,,"OVER $1,500","2021-12-29T16:11:00.000","FAILING TO YIELD RIGHT-OF-WAY","UNABLE TO DETERMINE","4101","W","DIVISION ST","1111",,,,,,,"2","NO INDICATION OF INJURY","0","0","0","0","0","1","0","14","4","12","41.902522231","-87.728821761","POINT (-87.72882176137 41.902522230999)"
"0d18a24718cf64c51e531428ad935e1a300abd4bd9190f283557afee04d5735ebb9ffb12390385d38d7e35b4dd1ec90c1d79455fcd80d995ea18001f0957894f","JE492033",,"2021-12-29T14:50:00.000","30","NO CONTROLS","NO CONTROLS","CLOUDY/OVERCAST","DAYLIGHT","REAR TO FRONT","T-INTERSECTION",,"STRAIGHT AND LEVEL","DRY","NO DEFECTS","NOT ON SCENE (DESK REPORT)","NO INJURY / DRIVE AWAY","Y",,,"$500 OR LESS","2021-12-29T15:10:00.000","IMPROPER TURNING/NO SIGNAL","DRIVING SKILLS/KNOWLEDGE/EXPERIENCE","11044","S","KEDZIE AVE","2211",,,,"N",,,"2","NO INDICATION OF INJURY","0","0","0","0","0","2","0","14","4","12","41.692053954","-87.700989878","POINT (-87.700989877643 41.692053953508)"
"92b7fb23a22760e3ab0ef93c98577cf1281be39a421f28132deb24f0fb5a92b392347d8dc3a649ee3be27097c4f733c53e894f3ffbf11fa5912d5f008d947038","JE492173",,"2021-12-29T14:45:00.000","25","NO CONTROLS","NO CONTROLS","CLEAR","DAYLIGHT","FIXED OBJECT","DIVIDED - W/MEDIAN BARRIER",,"STRAIGHT AND LEVEL","DRY","UNKNOWN","ON SCENE","NO INJURY / DRIVE AWAY",,,,"OVER $1,500","2021-12-29T15:01:00.000","DRIVING SKILLS/KNOWLEDGE/EXPERIENCE","NOT APPLICABLE","410","W","45TH ST","925",,,,,,,"1","NO INDICATION OF INJURY","0","0","0","0","0","1","0","14","4","12","41.812777599","-87.636268509","POINT (-87.636268508775 41.812777598835)"
"89cc43373b891ef0745da698ce0f8df1724efb32bacb92f89e458500984fc9553d4d69bfd6a939b64bfc933e6145368455d07f75a2ca9538cc4ac8c8fead9da6","JE492053",,"2021-12-29T14:34:00.000","15","UNKNOWN","UNKNOWN","CLEAR","DAYLIGHT","PARKED MOTOR VEHICLE","PARKING LOT",,"STRAIGHT AND LEVEL","WET","UNKNOWN","ON SCENE","NO INJURY / DRIVE AWAY",,,"Y","OVER $1,500","2021-12-29T14:44:00.000","UNABLE TO DETERMINE","NOT APPLICABLE","3951","W","103RD ST","2211",,,,,,,"2","NO INDICATION OF INJURY","0","0","0","0","0","1","0","14","4","12","41.705769661","-87.720532937","POINT (-87.720532937399 41.705769661372)"
"2d8b0027cba339d77773b6373605593daff4fd4d121eef2b74a613a482ae40dce1000703bfe9b1b87be4441454474ffac0d516fbd069ef1d3e30552f991faede","JE493080",,"2021-12-29T14:30:00.000","30","STOP SIGN/FLASHER","FUNCTIONING PROPERLY","CLEAR","DAYLIGHT","ANGLE","NOT DIVIDED",,"STRAIGHT AND LEVEL","DRY","NO DEFECTS","NOT ON SCENE (DESK REPORT)","INJURY AND / OR TOW DUE TO CRASH","Y",,"Y","OVER $1,500","2021-12-30T15:30:00.000","FAILING TO YIELD RIGHT-OF-WAY","NOT APPLICABLE","730","S","KEDZIE AVE","1134",,,,,,,"2","NONINCAPACITATING INJURY","1","0","0","1","0","1","0","14","4","12","41.871913253","-87.70599974","POINT (-87.705999740107 41.871913253197)"