"crash_record_id","rd_no","crash_date_est_i","crash_date","posted_speed_limit","traffic_control_device","device_condition","weather_condition","lighting_condition","first_crash_type","trafficway_type","lane_cnt","alignment","roadway_surface_cond","road_defect","report_type","crash_type","intersection_related_i","private_property_i","hit_and_run_i","damage","date_police_notified","prim_contributory_cause","sec_contributory_cause","street_no","street_direction","street_name","beat_of_occurrence","photos_taken_i","statements_taken_i","dooring_i","work_zone_i","work_zone_type","workers_present_i","num_units","most_severe_injury","injuries_total","injuries_fatal","injuries_incapacitating","injuries_non_incapacitating","injuries_reported_not_evident","injuries_no_indication","injuries_unknown","crash_hour","crash_day_of_week","crash_month","latitude","longitude","location"
"09d524c8d448b0ad8684bb9d7f3d8d86deecd779f33c90f18718fd9a609f6c7705a0d47331fc46dd6e0cf6758c2ec540146604bb355eca897af9df8812fe2570","JE492061",,"2021-12-29T14:30:00.000","30","UNKNOWN","UNKNOWN","UNKNOWN","UNKNOWN","SIDESWIPE SAME DIRECTION","UNKNOWN",,"STRAIGHT AND LEVEL","UNKNOWN","UNKNOWN","NOT ON SCENE (DESK REPORT)","NO INJURY / DRIVE AWAY",,,,"$500 OR LESS","2021-12-29T15:20:00.000","UNABLE TO DETERMINE","UNABLE TO DETERMINE","5400","S","PULASKI RD","815",,,,,,,"2","NO INDICATION OF INJURY","0","0","0","0","0","2","0","14","4","12","41.794957445","-87.723356565","POINT (-87.723356564996 41.794957444828)"
"39504218c0295e46e36c845c09dea92af78a1a096c59caf35bc4cf5e8da8b5940128407220ceb0523a4a3fdbc685eaccfad901a9a623859e3b63c806cf374ffa","JE492056",,"2021-12-29T14:28:00.000","30","TRAFFIC SIGNAL","FUNCTIONING PROPERLY","CLEAR","DAYLIGHT","PEDALCYCLIST","FOUR WAY",,"STRAIGHT AND LEVEL","DRY","WORN SURFACE","ON SCENE","INJURY AND / OR TOW DUE TO CRASH","Y",,,"OVER $1,500","2021-12-29T14:29:00.000","FAILING TO YIELD RIGHT-OF-WAY","FAILING TO YIELD RIGHT-OF-WAY","4759","N","SHERIDAN RD","1914",,,,,,,"2","REPORTED, NOT EVIDENT","1","0","0","0","1","1","0","14","4","12","41.969046675","-87.654674059","POINT (-87.654674058976 41.969046674717)"
"9bea6738be06a55bc62c8e12575d6c64430daf36410602223229e9f0e66d0fd4a9b1356887af477c82951b22f69dfb5fcd12a3f9c2f6e123d4d5120a547acbc6","JE492089",,"2021-12-29T14:18:00.000","30","NO CONTROLS","NO CONTROLS","CLEAR","DAYLIGHT","HEAD ON","DIVIDED - W/MEDIAN (NOT RAISED)",,"STRAIGHT AND LEVEL","DRY","NO DEFECTS","ON SCENE","INJURY AND / OR TOW DUE TO CRASH",,,"Y","OVER $1,500","2021-12-29T14:18:00.000","UNABLE TO DETERMINE","UNABLE TO DETERMINE","3349","W","21ST ST","1024",,,,,,,"3","NO INDICATION OF INJURY","0","0","0","0","0","3","0","14","4","12","41.853444186","-87.709657575","POINT (-87.709657574909 41.853444186102)"
"4881581e56a882e73d33e27018a051ee3beaff5c05a8e744c398d461c74d1cf7b5f7480e10b752b9cb677c9e2386d22bfbacadb7bf2ee620f5dd5ab18121f708","JE492069",,"2021-12-29T14:15:00.000","30","NO CONTROLS","NO CONTROLS","CLOUDY/OVERCAST","DAYLIGHT","PARKED MOTOR VEHICLE","DIVIDED - W/MEDIAN (NOT RAISED)",,"STRAIGHT AND LEVEL","DRY","NO DEFECTS","NOT ON SCENE (DESK REPORT)","NO INJURY / DRIVE AWAY","Y",,,"OVER $1,500","2021-12-29T15:05:00.000","DRIVING SKILLS/KNOWLEDGE/EXPERIENCE","NOT APPLICABLE","7900","S","ABERDEEN ST","612",,,,,,,"2","NO INDICATION OF INJURY","0","0","0","0","0","2","0","14","4","12","41.75044004","-87.651461479","POINT (-87.651461479233 41.750440039852)"
"a29b11f1d32a03ef0dac43854a67d82fdf55d91dc60ca9b83c49312590079c6eb12e8e81a56af71a7c1b38956bad0f5fbcbf390d283373a544d07e6be3a4ba20","JE491994",,"2021-12-29T14:15:00.000","30","TRAFFIC SIGNAL","FUNCTIONING PROPERLY","CLEAR","DAYLIGHT","REAR END","NOT DIVIDED",,"STRAIGHT AND LEVEL","DRY","NO DEFECTS","NOT ON SCENE (DESK REPORT)","NO INJURY / DRIVE AWAY",,,,"OVER $1,500","2021-12-29T14:25:00.000","FOLLOWING TOO CLOSELY","NOT APPLICABLE","2400","S","DAMEN AVE","1034",,,,,,,"2","NO INDICATION OF INJURY","0","0","0","0","0","3","0","14","4","12","41.848485724","-87.675892951","POINT (-87.675892950649 41.848485724113)"
"43a20805d90689ff3cc1828ce800bd24a3d2a86e8586de6a4bb7583da3588a5ac6c3b5d3910f6332adf3e23615c5c5dabc4b8bd3d54f15716f538a99d1653a72","JE492075",,"2021-12-29T14:11:00.000","30","NO CONTROLS","NO CONTROLS","CLEAR","DAYLIGHT","PARKED MOTOR VEHICLE","ONE-WAY",,"STRAIGHT AND LEVEL","DRY","NO DEFECTS","ON SCENE","NO INJURY / DRIVE AWAY",,,"Y","$501 - $1,500","2021-12-29T14:11:00.000","UNABLE TO DETERMINE","UNABLE TO DETERMINE","102","W","ONTARIO ST","1832",,,,,,,"2","NO INDICATION OF INJURY","0","0","0","0","0","1","0","14","4","12","41.893336582","-87.631332691","POINT (-87.631332691009 41.893336581634)"
"05633d4a278b23ab3a162208c6e699d9234870a9236bbbc007d2d9a81a061f69a4311d9aeb2ed6bdbd9828ff99d7275b04411f2acc8591fd63607bc23e2b5bde","JE492764",,"2021-12-29T14:10:00.000","30","TRAFFIC SIGNAL","FUNCTIONING PROPERLY","CLEAR","DAYLIGHT","REAR END","DIVIDED - W/MEDIAN (NOT RAISED)",,"STRAIGHT AND LEVEL","DRY","NO DEFECTS","NOT ON SCENE (DESK REPORT)","NO INJURY / DRIVE AWAY",,,"Y","$501 - $1,500","2021-12-29T14:10:00.000","FOLLOWING TOO CLOSELY","UNABLE TO DETERMINE","759","W","35TH ST","915",,,,,,,"2","NO INDICATION OF INJURY","0","0","0","0","0","2","0","14","4","12","41.830641389","-87.64604296","POINT (-87.646042960389 41.830641388977)"
"66caf88235ca4d27d9fa2d0a92f45a80bb75550bd38b040f457df0d724441af19ecd2284870bebc13fa2820a1896c3e813fe2bcf663105d9875c2cc8fc6735df","JE492027",,"2021-12-29T14:05:00.000","30","NO CONTROLS","NO CONTROLS","RAIN","UNKNOWN","FIXED OBJECT","ONE-WAY",,"STRAIGHT AND LEVEL","WET","NO DEFECTS","ON SCENE","NO INJURY / DRIVE AWAY",,,,"$501 - $1,500","2021-12-29T14:08:00.000","NOT APPLICABLE","NOT APPLICABLE","4305","W","THOMAS ST","1111",,,,,,,"1","NO INDICATION OF INJURY","0","0","0","0","0","1","0","14","4","12","41.900610232","-87.733903918","POINT (-87.733903917799 41.900610232388)"
"c31230de3a0d0ba01ad28e7919ac5ea2a9878eebebc06f30ec25c59fd939ebe079ea3d1f7cebb3a0d319a32e8bb159e926f30942df55764e3a531b1ec940b47d","JF112037",,"2021-12-29T14:00:00.000","30","TRAFFIC SIGNAL","FUNCTIONING PROPERLY","UNKNOWN","DAYLIGHT","TURNING","UNKNOWN INTERSECTION TYPE",,"STRAIGHT AND LEVEL","UNKNOWN","NO DEFECTS","NOT ON SCENE (DESK REPORT)","NO INJURY / DRIVE AWAY","Y",,,"$500 OR LESS","2022-01-13T21:00:00.000","IMPROPER TURNING/NO SIGNAL","NOT APPLICABLE","5500","S","INDIANA AVE","231",,,,,,,"2","NO INDICATION OF INJURY","0","0","0","0","0","2","0","14","4","12","41.794368962","-87.620983313","POINT (-87.620983312554 41.794368962316)"
"97112deb3cf0fb90602cde05776cd125b5f24b52544f2a652072171dcf72e0ab7b1257babd4af5fbaab6ce1dbbd0f8855bfcbbef045a81000e067083ccf76fef","JE492072",,"2021-12-29T14:00:00.000","30","NO CONTROLS","NO CONTROLS","CLEAR","DAYLIGHT","PARKED MOTOR VEHICLE","NOT DIVIDED",,"STRAIGHT AND LEVEL","UNKNOWN","NO DEFECTS","NOT ON SCENE (DESK REPORT)","NO INJURY / DRIVE AWAY",,,,"OVER $1,500","2021-12-29T15:25:00.000","UNABLE TO DETERMINE","UNABLE TO DETERMINE","1442","W","FULTON ST","1215",,,,,,,"2","NO INDICATION OF INJURY","0","0","0","0","0","1","0","14","4","12","41.886663398","-87.664231185","POINT (-87.66423118534 41.886663397622)"
"eeaa4d4359fa9916a8fcbbca1c727bb400e7519683b44d56c39e7d7ea46c98fa7c83b14b89feb35e68a383aa390b329465e248f76bf41c7fdce78144287195e4","JE492071",,"2021-12-29T14:00:00.000","15","NO CONTROLS","NO CONTROLS","CLEAR","DAYLIGHT","PARKED MOTOR VEHICLE","PARKING LOT",,"STRAIGHT AND LEVEL","DRY","UNKNOWN","NOT ON SCENE (DESK REPORT)","NO INJURY / DRIVE AWAY",,"Y",,"OVER $1,500","2021-12-29T15:15:00.000","IMPROPER BACKING","NOT APPLICABLE","316","W","CERMAK RD","914",,,,,,,"2","NO INDICATION OF INJURY","0","0","0","0","0","1","0","14","4","12","41.852991503","-87.635543855","POINT (-87.635543854644 41.852991503101)"
"4a29b7c47d64aa8e3b2b109556c708182ad6a1e6b06da6635d6318687ba9fdf950fbe63e67c87674253f9c8cf4bec002421da5aa12dd49234a0580ac36dbb71b","JE492017",,"2021-12-29T14:00:00.000","30","UNKNOWN","UNKNOWN","UNKNOWN","UNKNOWN","SIDESWIPE SAME DIRECTION","UNKNOWN",,"STRAIGHT AND LEVEL","UNKNOWN","UNKNOWN","NOT ON SCENE (DESK REPORT)","NO INJURY / DRIVE AWAY",,,,"$500 OR LESS","2021-12-29T15:00:00.000","UNABLE TO DETERMINE","UNABLE TO DETERMINE","5900","S","WASHTENAW AVE","824",,,,,,,"2","NO INDICATION OF INJURY","0","0","0","0","0","2","0","14","4","12","41.786353522","-87.691300222","POINT (-87.691300221666 41.786353521717)"
"088a91060e1d053b03e2d28c07fbad407e5c1424225e9c5dfd600330d49dfc04b4900d024277322b071e248fedf08c94b70370159f6d997e51ca54ba0ffce727","JE491971",,"2021-12-29T14:00:00.000","30","NO CONTROLS","NO CONTROLS","CLEAR","DAYLIGHT","PARKED MOTOR VEHICLE","NOT DIVIDED",,"STRAIGHT AND LEVEL","DRY","NO DEFECTS","ON SCENE","NO INJURY / DRIVE AWAY",,,"Y","OVER $1,500","2021-12-29T14:03:00.000","IMPROPER LANE USAGE","UNABLE TO DETERMINE","15","E","56TH ST","225",,,,,,,"2","NO INDICATION OF INJURY","0","0","0","0","0","1","0","14","4","12","41.792748418","-87.624934001","POINT (-87.624934000785 41.792748417756)"
"eb336c660a5a85b3c78ab3647db1dc062602f038cdc0aecc3b9f3a94cf696bd0af3df3befba9dd1f52afaebd7466fb4b74549cffe7f8ee4d12250d5559ed3607","JE491929",,"2021-12-29T13:55:00.000","35","TRAFFIC SIGNAL","FUNCTIONING PROPERLY","CLEAR","DAYLIGHT","SIDESWIPE SAME DIRECTION","DIVIDED - W/MEDIAN (NOT RAISED)",,"STRAIGHT AND LEVEL","WET","UNKNOWN","ON SCENE","NO INJURY / DRIVE AWAY","Y",,,"OVER $1,500","2021-12-29T14:00:00.000","IMPROPER OVERTAKING/PASSING","DRIVING SKILLS/KNOWLEDGE/EXPERIENCE","3441","W","GRAND AVE","1121",,,,,,,"2","NO INDICATION OF INJURY","0","0","0","0","0","4","0","13","4","12","41.90052616","-87.712682588","POINT (-87.712682587959 41.900526159988)"
"a1de1a271b2e3b9f9d9e0cdb5631a6237f22225293470138ccebcc95b4926b39c9bf246b0ed5ca0876cf121347ac3fe63c1c0f36a27d228c502dfe8d76d2f21e","JE491964",,"2021-12-29T13:37:00.000","30","STOP SIGN/FLASHER","FUNCTIONING PROPERLY","CLEAR","DAYLIGHT","REAR TO FRONT","ONE-WAY",,"STRAIGHT AND LEVEL","DRY","NO DEFECTS","NOT ON SCENE (DESK REPORT)","NO INJURY / DRIVE AWAY",,,"Y","OVER $1,500","2021-12-29T14:00:00.000","DISTRACTION - FROM INSIDE VEHICLE","NOT APPLICABLE","7658","S","EUCLID AVE","414",,,,,,,"2","NO INDICATION OF INJURY","0","0","0","0","0","5","0","13","4","12","41.755316328","-87.577435356","POINT (-87.577435356296 41.755316328222)"
"0a7b17eb44cd93fc3ec31c3b1b13bbd197676159526ddfebfd42ba2c5bea1a2747b966914482c389af5771632b9adc3cce411276668c35927d41a85e72241969","JE491953",,"2021-12-29T13:36:00.000","20","NO CONTROLS","NO CONTROLS","CLEAR","DAYLIGHT","ANGLE","PARKING LOT",,"STRAIGHT AND LEVEL","DRY","NO DEFECTS","NOT ON SCENE (DESK REPORT)","NO INJURY / DRIVE AWAY",,,,"$500 OR LESS","2021-12-29T14:00:00.000","UNABLE TO DETERMINE","UNABLE TO DETERMINE","4010","W","LAWRENCE AVE","1712",,,,,,,"2","NO INDICATION OF INJURY","0","0","0","0","0","2","0","13","4","12","41.968345987","-87.72851802","POINT (-87.728518020177 41.968345986776)"
"a6c65df73f4cb429142993259ba3b8e5a99ab321a7de078cf41cfe27d0756f3e20e29340be11861fd338bcd74cabda9e5c66aff14a86657238b45cb84c2dfaaf","JE492039",,"2021-12-29T13:30:00.000","30","NO CONTROLS","NO CONTROLS","CLEAR","DAYLIGHT","PARKED MOTOR VEHICLE","NOT DIVIDED",,"STRAIGHT AND LEVEL","DRY","NO DEFECTS","NOT ON SCENE (DESK REPORT)","NO INJURY / DRIVE AWAY",,,"Y","$501 - $1,500","2021-12-29T14:55:00.000","NOT APPLICABLE","NOT APPLICABLE","4300","S","LAKE SHORE DR NB","222",,,,,,,"2","NO INDICATION OF INJURY","0","0","0","0","0","1","0","13","4","12","41.816809069","-87.595327927","POINT (-87.595327927215 41.816809068809)"
"46361e83b99ba2da1397da30dec10764b05694fee1cf7bfaef4383ae141d895f282bc795e6a97c32b3ad3107cbd56b9a2bd2a85b8bbc6a9daa19a41a751860dc","JE491991","Y","2021-12-29T13:30:00.000","30","TRAFFIC SIGNAL","FUNCTIONING PROPERLY","CLEAR","DAYLIGHT","TURNING","NOT DIVIDED",,"STRAIGHT AND LEVEL","DRY","NO DEFECTS","NOT ON SCENE (DESK REPORT)","NO INJURY / DRIVE AWAY",,,,"OVER $1,500","2021-12-29T14:15:00.000","UNABLE TO DETERMINE","NOT APPLICABLE","100","W","TAYLOR ST","123",,,,,,,"2","NO INDICATION OF INJURY","0","0","0","0","0","2","0","13","4","12","41.870002212","-87.630565953","POINT (-87.630565952847 41.870002212444)"
"8d8406719b1ee541756838206537e06d03271c26caedf37ee5474cc79b249c507a48a304b4ea1f1a56f89982c7c352e08efe500491d5a71b8d5407ce62d50d62","JE491951",,"2021-12-29T13:30:00.000","25","NO CONTROLS","NO CONTROLS","CLEAR","DAYLIGHT","REAR END","NOT DIVIDED",,"STRAIGHT AND LEVEL","DRY","NO DEFECTS","ON SCENE","NO INJURY / DRIVE AWAY",,,,"OVER $1,500","2021-12-29T13:35:00.000","FOLLOWING TOO CLOSELY","NOT APPLICABLE","3160","W","DEVON AVE","2412",,,,,,,"4","NO INDICATION OF INJURY","0","0","0","0","0","7","0","13","4","12","41.997499898","-87.709287997","POINT (-87.709287996679 41.99749989776)"
"69e12b3b387aa7654b35703dbb1eeb43b41f3ced3249138d3bdd9c84f05ecf4d32afd25939a841cd8fce09adf64a088d518226bcc91ee8a6539a477a634edb85","JE491887",,"2021-12-29T13:30:00.000","30","NO CONTROLS","NO CONTROLS","CLEAR","DAYLIGHT","ANGLE","NOT DIVIDED",,"STRAIGHT AND LEVEL","DRY","UNKNOWN","NOT ON SCENE (DESK REPORT)","NO INJURY / DRIVE AWAY",,,,"$501 - $1,500","2021-12-29T14:00:00.000","UNABLE TO DETERMINE","UNABLE TO DETERMINE","2000","E","95TH ST","413",,,,,,,"2","NO INDICATION OF INJURY","0","0","0","0","0","2","0","13","4","12","41.722579473","-87.575292523","POINT (-87.575292522504 41.722579473126)"
"9d7f39c675f5bda3309ba7bc483db914466fe12933525f472ffedc7a4f567f8f8758a82a9dc0464d5078f7b94f81d11396aa40c5097ddd5fdb6addd9f910de16","JE491928",,"2021-12-29T13:20:00.000","30","NO CONTROLS","NO CONTROLS","CLEAR","DAYLIGHT","SIDESWIPE SAME DIRECTION","NOT DIVIDED",,"STRAIGHT AND LEVEL","DRY","UNKNOWN","NOT ON SCENE (DESK REPORT)","NO INJURY / DRIVE AWAY",,,,"OVER $1,500","2021-12-29T13:40:00.000","FAILING TO YIELD RIGHT-OF-WAY","UNABLE TO DETERMINE","2611","W","LAWRENCE AVE","1911",,,,,,,"2","NO INDICATION OF INJURY","0","0","0","0","0","3","0","13","4","12","41.968457352","-87.694280903","POINT (-87.694280902979 41.968457351902)"
"049b5d2cdef95413c918b599628275a05adb94ad6ebca90f0b6fe5a99647313223355524b828b73454043e222829b8ace7e4f35600ef00fa36507063b8c1fcad","JE491941",,"2021-12-29T13:15:00.000","30","NO CONTROLS","NO CONTROLS","CLEAR","DAYLIGHT","SIDESWIPE SAME DIRECTION","ONE-WAY",,"STRAIGHT AND LEVEL","DRY","NO DEFECTS","NOT ON SCENE (DESK REPORT)","NO INJURY / DRIVE AWAY",,,"Y","OVER $1,500","2021-12-29T13:45:00.000","UNABLE TO DETERMINE","NOT APPLICABLE","11101","S","VERNON AVE","531",,,,,,,"2","NO INDICATION OF INJURY","0","0","0","0","0","2","0","13","4","12","41.692709127","-87.61201256","POINT (-87.612012559833 41.692709127144)"
"f5dad5206169af68f1e09beb404d88a0c504e3cdb55f75367dfc629245a198d6432d3dc2654da6cb2f9c0974b635119cd9c5ceffc2ffcea93e9f9a2108a6f7bf","JE492128",,"2021-12-29T13:12:00.000","30","TRAFFIC SIGNAL","FUNCTIONING PROPERLY","CLEAR","DAYLIGHT","TURNING","FIVE POINT, OR MORE",,"STRAIGHT AND LEVEL","DRY","NO DEFECTS","ON SCENE","INJURY AND / OR TOW DUE TO CRASH","Y",,"Y","OVER $1,500","2021-12-29T15:39:00.000","UNABLE TO DETERMINE","FAILING TO REDUCE SPEED TO AVOID CRASH","2850","E","92ND ST","423",,,,,,,"2","REPORTED, NOT EVIDENT","1","0","0","0","1","1","0","13","4","12","41.728321491","-87.554691099","POINT (-87.554691099041 41.728321490694)"
"899adbe42216c17815e5b35863026c4a76cc70219a55ac75bddca75842b46551fd47c3ca1e4c76b3db94c8d179db04185bed4b44490d9bb88bd232f68a170804","JE491984",,"2021-12-29T13:06:00.000","30","TRAFFIC SIGNAL","FUNCTIONING PROPERLY","CLEAR","DAYLIGHT","REAR END","FOUR WAY",,"STRAIGHT AND LEVEL","DRY","NO DEFECTS","NOT ON SCENE (DESK REPORT)","NO INJURY / DRIVE AWAY",,,,"OVER $1,500","2021-12-29T13:50:00.000","UNABLE TO DETERMINE","NOT APPLICABLE","8700","S","LAFAYETTE AVE","634",,,,,,,"2","NO INDICATION OF INJURY","0","0","0","0","0","2","0","13","4","12","41.73616511","-87.625587569","POINT (-87.625587568999 41.736165110086)"
"d6c95c6e8c4faa8f338fe45c320b171aacb21e1c8c36c3ec38fd9a54aa3e30d6591dbce10664b90b9e7106c7bc10ec0bbdef0d0dcf14cc746bc98c847852a524","JE492104",,"2021-12-29T13:00:00.000","30","NO CONTROLS","NO CONTROLS","CLEAR","DAYLIGHT","PARKED MOTOR VEHICLE","DIVIDED - W/MEDIAN (NOT RAISED)",,"STRAIGHT AND LEVEL","DRY","UNKNOWN","NOT ON SCENE (DESK REPORT)","NO INJURY / DRIVE AWAY",,,,"$501 - $1,500","2021-12-29T16:00:00.000","UNABLE TO DETERMINE","UNABLE TO DETERMINE","1200","W","FOSTER AVE","2013",,,,,,,"2","NO INDICATION OF INJURY","0","0","0","0","0","1","0","13","4","12","41.97643192","-87.659931806","POINT (-87.65993180604 41.976431920185)"
"217770464c8c1e8e6838c0997c5e10353061271937b9419f01875987f991857be03ce71645567add85eaa5d34cb1531870a84acc66b0deed12c5d81be1385c48","JE491907",,"2021-12-29T13:00:00.000","20","NO CONTROLS","NO CONTROLS","CLEAR","DAYLIGHT","PARKED MOTOR VEHICLE","ONE-WAY",,"STRAIGHT AND LEVEL","DRY","NO DEFECTS","ON SCENE","NO INJURY / DRIVE AWAY",,,"Y","OVER $1,500","2021-12-29T13:10:00.000","UNABLE TO DETERMINE","NOT APPLICABLE","5700","S","KILBOURN AVE","813",,,,,,,"2","NO INDICATION OF INJURY","0","0","0","0","0","1","0","13","4","12","41.78936024","-87.735445595","POINT (-87.735445595118 41.789360240239)"
"1fae37380fc36a74ee7dc6548e9a8813b0319d8357f86e8d5eb435f6d073714f4bd674e7ac61995953e65edfd275ca4aa712726b85c02e2addfd061e11510f42","JE491903",,"2021-12-29T13:00:00.000","35","NO CONTROLS","NO CONTROLS","CLEAR","DAYLIGHT","REAR END","DIVIDED - W/MEDIAN BARRIER",,"STRAIGHT AND LEVEL","DRY","NO DEFECTS","ON SCENE","INJURY AND / OR TOW DUE TO CRASH",,,,"OVER $1,500","2021-12-29T13:02:00.000","FOLLOWING TOO CLOSELY","FOLLOWING TOO CLOSELY","11606","S","WESTERN AVE","2212",,,,,,,"2","NO INDICATION OF INJURY","0","0","0","0","0","2","0","13","4","12","41.682472714","-87.68101232","POINT (-87.681012320434 41.682472713585)"
"06284bfb731899cbab79f94408484c38726c01a69c4d2e60355e41b3b1c9372697eae8071623e5a3ba0f84fdae12069db995bf02dc7c36c19a80fb257fa7e368","JE491989",,"2021-12-29T12:55:00.000","30","TRAFFIC SIGNAL","FUNCTIONING PROPERLY","CLEAR","DAYLIGHT","REAR END","NOT DIVIDED",,"STRAIGHT AND LEVEL","DRY","NO DEFECTS","NOT ON SCENE (DESK REPORT)","NO INJURY / DRIVE AWAY","Y",,,"$501 - $1,500","2021-12-29T14:30:00.000","FOLLOWING TOO CLOSELY","NOT APPLICABLE","2011","W","ARMITAGE AVE","1434",,,,,,,"2","NO INDICATION OF INJURY","0","0","0","0","0","2","0","12","4","12","41.91763783","-87.678112462","POINT (-87.678112461595 41.917637830289)"
"474b5f465523cbb7ed6ce16177c9abab8843db07eba8b77f2312a65fae3bdaedd636fa97773f6eacfdf0bee72d02b974ade8601dfc7404e8d33252ff49684f92","JE491946",,"2021-12-29T12:55:00.000","15","OTHER WARNING SIGN","NO CONTROLS","CLEAR","DAYLIGHT","FIXED OBJECT","ONE-WAY",,"STRAIGHT AND LEVEL","DRY","NO DEFECTS","ON SCENE","NO INJURY / DRIVE AWAY",,,,"OVER $1,500","2021-12-29T12:59:00.000","DISREGARDING OTHER TRAFFIC SIGNS","NOT APPLICABLE","5701","S","CICERO AVE","813",,,,,,,"2","NO INDICATION OF INJURY","0","0","0","0","0","1","0","12","4","12","41.789338642","-87.741352563","POINT (-87.741352562622 41.789338641753)"
"99b473536d72a1585cde332c61e8ca768831e8a7541cb101822bb135bf3a76f19defd2ae649e08f7ceded00e175ec4e8a31767c3b6d0b2396036e68747ac508b","JE491945",,"2021-12-29T12:55:00.000","30","NO CONTROLS","NO CONTROLS","CLEAR","DAYLIGHT","ANGLE","ONE-WAY",,"STRAIGHT AND LEVEL","UNKNOWN","UNKNOWN","NOT ON SCENE (DESK REPORT)","NO INJURY / DRIVE AWAY",,,,"OVER $1,500","2021-12-29T14:00:00.000","UNABLE TO DETERMINE","NOT APPLICABLE","3519","N","JANSSEN AVE","1922",,,,,,,"2","NO INDICATION OF INJURY","0","0","0","0","0","2","0","12","4","12","41.945826626","-87.665050314","POINT (-87.66505031417 41.945826626452)"
"f2e226e4266a96ad2012e281217ebe85378b82c51e9215a607790084a0a78ec22101a27f8281b5f2f4557b3796773dd48e5fa8f0b2f04aaf4f6981e25c28b103","JE491930",,"2021-12-29T12:50:00.000","30","NO CONTROLS","NO CONTROLS","CLEAR","DAYLIGHT","SIDESWIPE SAME DIRECTION","ONE-WAY",,"STRAIGHT AND LEVEL","DRY","UNKNOWN","NOT ON SCENE (DESK REPORT)","NO INJURY / DRIVE AWAY",,,,"OVER $1,500","2021-12-29T13:30:00.000","UNABLE TO DETERMINE","UNABLE TO DETERMINE","3100","N","LAKE SHORE DR","1934",,,,,,,"2","NO INDICATION OF INJURY","0","0","0","0","0","2","0","12","4","12","41.937771263","-87.637455976","POINT (-87.637455975797 41.937771263338)"
"331f7b28f554812dbd17b65d43851c241cb8cdb2a6b6b1d1ced6332a650a9ffea7eccbd14a1501703e7a0282717dea998f0b668c9e481d8aa59ae00d89c36397","JE491919",,"2021-12-29T12:50:00.000","30","TRAFFIC SIGNAL","FUNCTIONING PROPERLY","CLEAR","DAYLIGHT","TURNING","DIVIDED - W/MEDIAN (NOT RAISED)",,"STRAIGHT AND LEVEL","UNKNOWN","NO DEFECTS","ON SCENE","INJURY AND / OR TOW DUE TO CRASH","Y",,,"OVER $1,500","2021-12-29T13:01:00.000","FAILING TO YIELD RIGHT-OF-WAY","UNABLE TO DETERMINE","4100","N","KEELER AVE","1722",,,,,,,"2","NO INDICATION OF INJURY","0","0","0","0","0","2","0","12","4","12","41.955505861","-87.732676161","POINT (-87.73267616097 41.955505860589)"
"27d25268a762cc6aaa956ed35c1d4f936c379ab9f2b60c0f4a1b1ddb3ae184f5f418766e9f8bd48d613942b3d97088b92fd9a9ddc2ced9985d9e0fc95d5c9549","JE491878",,"2021-12-29T12:36:00.000","30","TRAFFIC SIGNAL","FUNCTIONING PROPERLY","CLEAR","DAYLIGHT","TURNING","FOUR WAY",,"STRAIGHT AND LEVEL","WET","NO DEFECTS","ON SCENE","NO INJURY / DRIVE AWAY","Y",,,"OVER $1,500","2021-12-29T12:46:00.000","UNABLE TO DETERMINE","UNABLE TO DETERMINE","1602","N","WESTERN AVE","1434",,,,,,,"2","NO INDICATION OF INJURY","0","0","0","0","0","2","0","12","4","12","41.910465498","-87.687371906","POINT (-87.687371905642 41.910465498252)"
"d6bf3002f7f4642b2ca2c53df8a1f3756681cf6d22c70aac8d37e551e1ac3604fd598d3494b12f2ecaea130349ca38922c002f57cae396e6e4cee39525ae0341","JE492124",,"2021-12-29T12:30:00.000","30","NO CONTROLS","NO CONTROLS","CLEAR","DAYLIGHT","PARKED MOTOR VEHICLE","DIVIDED - W/MEDIAN BARRIER",,"STRAIGHT AND LEVEL","DRY","NO DEFECTS","NOT ON SCENE (DESK REPORT)","NO INJURY / DRIVE AWAY",,,,"$501 - $1,500","2021-12-29T16:15:00.000","IMPROPER BACKING","NOT APPLICABLE","1537","W","HASTINGS ST","1233",,,,,,,"2","NO INDICATION OF INJURY","0","0","0","0","0","1","0","12","4","12","41.864080152","-87.665432109","POINT (-87.665432108608 41.864080152434)"
"1cfab00d22966f04ee5d047ae847bc8d82ad2c14a62cb9e4eb6f4e8d21fd1768d9647a8897a3eca70e1b0b59d27d8cb230e91a64cdf21ccd7f2c73a375a88618","JE491870",,"2021-12-29T12:30:00.000","30","TRAFFIC SIGNAL","FUNCTIONING PROPERLY","CLEAR","DAYLIGHT","REAR END","NOT DIVIDED",,"STRAIGHT AND LEVEL","DRY","NO DEFECTS","ON SCENE","INJURY AND / OR TOW DUE TO CRASH",,,"Y","$501 - $1,500","2021-12-29T12:50:00.000","FOLLOWING TOO CLOSELY","DRIVING SKILLS/KNOWLEDGE/EXPERIENCE","3598","N","CICERO AVE","1634",,,,,,,"2","NONINCAPACITATING INJURY","1","0","0","1","0","1","0","12","4","12","41.946075331","-87.747208588","POINT (-87.74720858803 41.946075331254)"