"crash_record_id","rd_no","crash_date_est_i","crash_date","posted_speed_limit","traffic_control_device","device_condition","weather_condition","lighting_condition","first_crash_type","trafficway_type","lane_cnt","alignment","roadway_surface_cond","road_defect","report_type","crash_type","intersection_related_i","private_property_i","hit_and_run_i","damage","date_police_notified","prim_contributory_cause","sec_contributory_cause","street_no","street_direction","street_name","beat_of_occurrence","photos_taken_i","statements_taken_i","dooring_i","work_zone_i","work_zone_type","workers_present_i","num_units","most_severe_injury","injuries_total","injuries_fatal","injuries_incapacitating","injuries_non_incapacitating","injuries_reported_not_evident","injuries_no_indication","injuries_unknown","crash_hour","crash_day_of_week","crash_month","latitude","longitude","location"
"38f4f84d4d5b02f3ca3e621a0988404ba75dc606e42a9437be193d0cdef501ef836c9f07ec488fae728c4a9146428a321124c44fcf665bc7d12abb4ac5e01fd5","JE491050",,"2021-12-28T12:50:00.000","35","TRAFFIC SIGNAL","FUNCTIONING PROPERLY","SNOW","DAYLIGHT","REAR END","FOUR WAY",,"STRAIGHT AND LEVEL","SNOW OR SLUSH","NO DEFECTS","NOT ON SCENE (DESK REPORT)","NO INJURY / DRIVE AWAY","Y",,,"OVER $1,500","2021-12-28T14:15:00.000","WEATHER","NOT APPLICABLE","4746","W","115TH ST","2211",,,,,,,"2","NO INDICATION OF INJURY","0","0","0","0","0","2","0","12","3","12","41.683760314","-87.738444254","POINT (-87.73844425432 41.683760314278)"
"8b004492abcfc845f1e64bd0b24a3941531497d5fd5f21ac7b9136c3581de28837e1f4ebd20798fd9df424193377697d2bc2f1d55913ed7520f31ee7c90cfff7","JE490986",,"2021-12-28T12:50:00.000","30","STOP SIGN/FLASHER","FUNCTIONING PROPERLY","SNOW","DAYLIGHT","REAR END","FOUR WAY",,"STRAIGHT AND LEVEL","SNOW OR SLUSH","NO DEFECTS","NOT ON SCENE (DESK REPORT)","NO INJURY / DRIVE AWAY","Y",,,"OVER $1,500","2021-12-28T13:28:00.000","FOLLOWING TOO CLOSELY","NOT APPLICABLE","6100","S","PRAIRIE AVE","311",,,,,,,"2","NO INDICATION OF INJURY","0","0","0","0","0","2","0","12","3","12","41.783730557","-87.619089725","POINT (-87.619089724926 41.783730556929)"
"8288ceadd099203f79c1b69e74e6702ec464c57673ff529e997d2572e91317523e14c94bc756b9cde8425745fe3c818f3605bcb497802cd4b663c66a0a9eb731","JF102107",,"2021-12-28T12:45:00.000","30","TRAFFIC SIGNAL","FUNCTIONING PROPERLY","SNOW","DAYLIGHT","REAR END","NOT DIVIDED",,"STRAIGHT AND LEVEL","SNOW OR SLUSH","NO DEFECTS","NOT ON SCENE (DESK REPORT)","INJURY AND / OR TOW DUE TO CRASH","Y",,,"OVER $1,500","2022-01-03T12:44:00.000","FOLLOWING TOO CLOSELY","FAILING TO YIELD RIGHT-OF-WAY","1333","W","NORTH AVE","1433",,,,,,,"2","REPORTED, NOT EVIDENT","1","0","0","0","1","2","0","12","3","12","41.910600663","-87.661863474","POINT (-87.661863473852 41.910600662841)"
"62ebc501c3246d70832c6cf28cac993e1902220cc87bf276a45fdf3e3304f1d1df911339f8e4b1bd487211de8a6d6705d98c9c95eb119ecccc131017974f3772","JE493035",,"2021-12-28T12:45:00.000","30","STOP SIGN/FLASHER","UNKNOWN","SNOW","DAYLIGHT","REAR END","NOT DIVIDED",,"STRAIGHT AND LEVEL","SNOW OR SLUSH","UNKNOWN","NOT ON SCENE (DESK REPORT)","INJURY AND / OR TOW DUE TO CRASH",,,,"$501 - $1,500","2021-12-30T15:15:00.000","WEATHER","UNABLE TO DETERMINE","6700","S","WOOD ST","726","Y","Y",,,,,"2","NONINCAPACITATING INJURY","1","0","0","1","0","2","0","12","3","12","41.772030333","-87.669019025","POINT (-87.669019025177 41.77203033286)"
"2d3e44b7c922e3cd25d1f16a899889fd8767d9498c155cec1d407111e36a9abe1ceeeeed351093cb75e994dbbe8d2e3dd1c0b53aa7425fce4fdd1ec2caa2e016","JE490981",,"2021-12-28T12:41:00.000","25","TRAFFIC SIGNAL","FUNCTIONING PROPERLY","SNOW","DAYLIGHT","REAR END","NOT DIVIDED",,"STRAIGHT AND LEVEL","WET","NO DEFECTS","NOT ON SCENE (DESK REPORT)","NO INJURY / DRIVE AWAY","Y",,,"OVER $1,500","2021-12-28T13:15:00.000","FOLLOWING TOO CLOSELY","NOT APPLICABLE","2398","W","GRANVILLE AVE","2413",,,,,,,"2","NO INDICATION OF INJURY","0","0","0","0","0","2","0","12","3","12","41.994203449","-87.68970598","POINT (-87.689705979921 41.994203448984)"
"396eb7e9057abf158feab1bfd5f4454b39a811170687d4c36f31a6dacd8b289131607caf4086ef5459650501db49abe0cb4f339a05ece1de5498ca1913d8b4e6","JF103330",,"2021-12-28T12:30:00.000","30","NO CONTROLS","NO CONTROLS","SNOW","DAYLIGHT","FIXED OBJECT","PARKING LOT",,"STRAIGHT AND LEVEL","SNOW OR SLUSH","NO DEFECTS","NOT ON SCENE (DESK REPORT)","NO INJURY / DRIVE AWAY",,,,"OVER $1,500","2022-01-04T16:40:00.000","UNABLE TO DETERMINE","UNABLE TO DETERMINE","1759","E","103RD ST","434",,,,,,,"1","NO INDICATION OF INJURY","0","0","0","0","0","1","0","12","3","12","41.707747565","-87.582102768","POINT (-87.582102768154 41.707747565304)"
"83b660d3e5b4e9033e106dd419baace38b8778532e85f6c386da0a406a32cb417c3357f00e30c468a264317360e49d53d795a8c206af0fc082b7d5164dc72bdd","JE491254",,"2021-12-28T12:30:00.000","30","NO CONTROLS","NO CONTROLS","SNOW","DAYLIGHT","PARKED MOTOR VEHICLE","NOT DIVIDED",,"STRAIGHT AND LEVEL","DRY","NO DEFECTS","NOT ON SCENE (DESK REPORT)","NO INJURY / DRIVE AWAY",,,"Y","OVER $1,500","2021-12-28T17:20:00.000","UNABLE TO DETERMINE","NOT APPLICABLE","5649","W","EASTWOOD AVE","1622",,,,,,,"2","NO INDICATION OF INJURY","0","0","0","0","0","1","0","12","3","12","41.964910395","-87.769332353","POINT (-87.769332353067 41.964910395469)"
"2f37b70b83f45a15ce1ae5b8c3146a0ba253b0c2b8e3bf8cd410acf875d081fba4a0a29d0076c3604640508425d825b88cbcc520e22ce40c039642fa1cbae441","JE491020",,"2021-12-28T12:30:00.000","30","TRAFFIC SIGNAL","FUNCTIONING PROPERLY","SNOW","DAYLIGHT","REAR END","DIVIDED - W/MEDIAN (NOT RAISED)",,"STRAIGHT AND LEVEL","SNOW OR SLUSH","UNKNOWN","NOT ON SCENE (DESK REPORT)","NO INJURY / DRIVE AWAY","N",,"Y","$501 - $1,500","2021-12-28T13:55:00.000","UNABLE TO DETERMINE","UNABLE TO DETERMINE","3157","W","CHICAGO AVE","1221",,,,,,,"2","NO INDICATION OF INJURY","0","0","0","0","0","2","0","12","3","12","41.895445037","-87.706407767","POINT (-87.706407767167 41.895445036652)"
"773671bc3d1864df6ef632760adddae3ea97b4a07ab9a0d15b66055f84332a2457800720e931f3738304380561d7ab1c927c943a1924781d3836b386b432e3e2","JE490989",,"2021-12-28T12:30:00.000","15","NO CONTROLS","NO CONTROLS","SNOW","DAYLIGHT","SIDESWIPE OPPOSITE DIRECTION","NOT DIVIDED",,"STRAIGHT AND LEVEL","SNOW OR SLUSH","NO DEFECTS","NOT ON SCENE (DESK REPORT)","NO INJURY / DRIVE AWAY",,,,"$501 - $1,500","2021-12-28T13:30:00.000","UNABLE TO DETERMINE","NOT APPLICABLE","4660","W","IRVING PARK RD","1722",,,,,,,"2","NO INDICATION OF INJURY","0","0","0","0","0","2","0","12","3","12","41.953554438","-87.745055311","POINT (-87.745055311195 41.953554438404)"
"6ca9403ec4130d45e99551064ebacfa455c638a56f63ab75363a4966eebf2e50db589e5cc6ecdf1e13491b3c2ec365ea6af74f0dd34e537e8bb25c43c42e57c4","JE490976",,"2021-12-28T12:30:00.000","35","STOP SIGN/FLASHER","FUNCTIONING PROPERLY","SNOW","DAYLIGHT","REAR END","DIVIDED - W/MEDIAN (NOT RAISED)",,"STRAIGHT AND LEVEL","SNOW OR SLUSH","NO DEFECTS","NOT ON SCENE (DESK REPORT)","NO INJURY / DRIVE AWAY","Y",,,"OVER $1,500","2021-12-28T12:40:00.000","FOLLOWING TOO CLOSELY","NOT APPLICABLE","10501","S","HALSTED ST","2233",,,,,,,"2","NO INDICATION OF INJURY","0","0","0","0","0","2","0","12","3","12","41.703191269","-87.642571732","POINT (-87.64257173162 41.703191269295)"
"69cb37563854d35a4bdcc9856a65ee33e4ca1249c0d655565f0f3a1d2be93e9467d3fcaf799f2c5777d9ebe313bbf760825e9cf3f8b8c753df52951850c6aa53","JE490974",,"2021-12-28T12:30:00.000","30","TRAFFIC SIGNAL","FUNCTIONING PROPERLY","SNOW","DAYLIGHT","REAR END","NOT DIVIDED",,"STRAIGHT AND LEVEL","SNOW OR SLUSH","NO DEFECTS","NOT ON SCENE (DESK REPORT)","NO INJURY / DRIVE AWAY",,,,"$501 - $1,500","2021-12-28T13:05:00.000","FOLLOWING TOO CLOSELY","UNABLE TO DETERMINE","1058","S","HALSTED ST","1232",,,,,,,"2","NO INDICATION OF INJURY","0","0","0","0","0","2","0","12","3","12","41.868911016","-87.647083116","POINT (-87.647083115826 41.868911015629)"
"1337c8b33323786e7b8ee2e96c67608390f1ca1132a62d138921170dd67d903a7aa27d792cf93540a6e9f150c9f71fcc4b7a0e3f64f9ebc4358eea29a001b842","JE490964",,"2021-12-28T12:25:00.000","20","STOP SIGN/FLASHER","FUNCTIONING PROPERLY","SNOW","DAYLIGHT","SIDESWIPE OPPOSITE DIRECTION","NOT DIVIDED",,"STRAIGHT AND LEVEL","SNOW OR SLUSH","NO DEFECTS","NOT ON SCENE (DESK REPORT)","NO INJURY / DRIVE AWAY","Y",,,"OVER $1,500","2021-12-28T12:55:00.000","WEATHER","NOT APPLICABLE","9511","S","PROSPECT AVE","2213",,,,,,,"2","NO INDICATION OF INJURY","0","0","0","0","0","4","0","12","3","12","41.720823198","-87.665297357","POINT (-87.665297357097 41.720823198284)"
"2b4288fb79d47c116f9649accf3fb25f8475e52438a5e3c5b2d742b4e6841af2677d64aa9cdf865863ad54a6da0e6157e45ced848b98462978a0976eaf9d2b06","JE491004",,"2021-12-28T12:20:00.000","30","TRAFFIC SIGNAL","FUNCTIONING PROPERLY","SNOW","DAYLIGHT","SIDESWIPE SAME DIRECTION","FOUR WAY",,"STRAIGHT AND LEVEL","SNOW OR SLUSH","UNKNOWN","NOT ON SCENE (DESK REPORT)","NO INJURY / DRIVE AWAY",,,,"$500 OR LESS","2021-12-28T13:45:00.000","UNABLE TO DETERMINE","UNABLE TO DETERMINE","89","E","CONGRESS PKWY","123",,,,,,,"2","NO INDICATION OF INJURY","0","0","0","0","0","2","0","12","3","12","41.87561297","-87.624343942","POINT (-87.624343942054 41.875612969826)"
"4b69703198684275508cf8dd131d044a08cd846ca99a37d13e7edc4993927bc8b48367ede11a28c77cf6bd557a6c5af738d88c42d106c80354dce6da84627251","JE490962",,"2021-12-28T12:20:00.000","30","TRAFFIC SIGNAL","FUNCTIONING PROPERLY","SNOW","DAYLIGHT","REAR END","NOT DIVIDED",,"STRAIGHT AND LEVEL","SNOW OR SLUSH","NO DEFECTS","ON SCENE","NO INJURY / DRIVE AWAY","Y",,"Y","OVER $1,500","2021-12-28T12:39:00.000","UNABLE TO DETERMINE","NOT APPLICABLE","3656","S","PULASKI RD","1031",,,,,,,"2","NO INDICATION OF INJURY","0","0","0","0","0","2","0","12","3","12","41.826952108","-87.724286336","POINT (-87.724286335634 41.826952107584)"
"715f682e6f4b037de43e4fb7819a209aaa00e5d5e68d2bbb14a7ab265018493ad98ca0e871022d3b158b933aabb1ec43b568905f72bc839a881f2cd7695ffbc2","JE491116",,"2021-12-28T12:15:00.000","30","STOP SIGN/FLASHER","FUNCTIONING PROPERLY","SNOW","DAYLIGHT","PARKED MOTOR VEHICLE","NOT DIVIDED",,"STRAIGHT AND LEVEL","SNOW OR SLUSH","NO DEFECTS","ON SCENE","NO INJURY / DRIVE AWAY",,,"Y","OVER $1,500","2021-12-28T12:20:00.000","WEATHER","FAILING TO REDUCE SPEED TO AVOID CRASH","10074","S","VAN VLISSINGEN RD","431",,,,,,,"2","NO INDICATION OF INJURY","0","0","0","0","0","1","0","12","3","12","41.711668136","-87.570906103","POINT (-87.570906103276 41.71166813588)"
"49fcb512ba3da46578967fd8b6563f1852cdcbb0533c98262cd733be5856bcf47dd028ad91eb8112ad4cfa28165d4c15a1a1e93c8299cc519e898e5372cd43f7","JE490970",,"2021-12-28T12:13:00.000","30","TRAFFIC SIGNAL","UNKNOWN","SNOW","DAYLIGHT","REAR END","DIVIDED - W/MEDIAN (NOT RAISED)",,"STRAIGHT AND LEVEL","SNOW OR SLUSH","UNKNOWN","NOT ON SCENE (DESK REPORT)","NO INJURY / DRIVE AWAY","Y",,"N","$500 OR LESS","2021-12-28T13:00:00.000","UNABLE TO DETERMINE","NOT APPLICABLE","6943","N","SHERIDAN RD","2431",,,,,,,"2","NO INDICATION OF INJURY","0","0","0","0","0","2","0","12","3","12","42.007944253","-87.661529444","POINT (-87.661529443876 42.007944253129)"
"90a27c970f1f05efb4e68204b74841de1226dcf7f1576aa66e484fb8d1eb20e05b657b3933e8a4ebbb44de9f5fb371f177b719d27cc20f5a8eb1561ec75fe975","JE491390",,"2021-12-28T12:10:00.000","15","NO CONTROLS","NO CONTROLS","SNOW","DAYLIGHT","REAR TO FRONT","PARKING LOT",,"STRAIGHT AND LEVEL","UNKNOWN","UNKNOWN","ON SCENE","NO INJURY / DRIVE AWAY",,,"Y","OVER $1,500","2021-12-28T20:00:00.000","UNABLE TO DETERMINE","NOT APPLICABLE","5518","W","CHICAGO AVE","1524",,,,,,,"2","NO INDICATION OF INJURY","0","0","0","0","0","2","0","12","3","12","41.894969692","-87.764400768","POINT (-87.764400767798 41.89496969177)"
"30bc7cad737484d8751f2d6401ae22a8eda2503b3840d4db6e8e83e6e7a2bdbbdd23804d364961c9ac6dd4ab48360a6f3bb84c28c7c750dc2e32f34f4645b09d","JE490955",,"2021-12-28T12:10:00.000","30","NO CONTROLS","NO CONTROLS","SNOW","DAYLIGHT","TURNING","NOT DIVIDED",,"STRAIGHT AND LEVEL","SNOW OR SLUSH","UNKNOWN","ON SCENE","INJURY AND / OR TOW DUE TO CRASH","Y",,,"OVER $1,500","2021-12-28T12:12:00.000","FAILING TO YIELD RIGHT-OF-WAY","VISION OBSCURED (SIGNS, TREE LIMBS, BUILDINGS, ETC.)","3400","S","WESTERN AVE","911",,,,,,,"2","NO INDICATION OF INJURY","0","0","0","0","0","2","0","12","3","12","41.832047608","-87.685221641","POINT (-87.685221640545 41.832047608387)"
"702605bc778907dc37d02529b2670738f0fad6ead00c9fc6060526607cd62c74c6500e756f242784d18a72f149e76b8ce3c6e8d8ede4786cfdf2861a3672cf54","JE490954",,"2021-12-28T12:10:00.000","30","NO CONTROLS","NO CONTROLS","SNOW","DAYLIGHT","PARKED MOTOR VEHICLE","ONE-WAY",,"STRAIGHT AND LEVEL","SNOW OR SLUSH","NO DEFECTS","ON SCENE","NO INJURY / DRIVE AWAY",,,"Y","$501 - $1,500","2021-12-28T12:24:00.000","UNABLE TO DETERMINE","NOT APPLICABLE","1625","W","CONGRESS PKWY","1231",,,,,,,"2","NO INDICATION OF INJURY","0","0","0","0","0","1","0","12","3","12","41.875049411","-87.667672994","POINT (-87.66767299356 41.875049410837)"
"eb97ee9e439a181891a1d28e2b13ef7b3942d02ac58cd214db1e7878c05ec6a0551af4161d268ddac76b4df63c7a87e8e0c654a018f0b193d803b33383e93e6d","JE490950",,"2021-12-28T12:10:00.000","30","NO CONTROLS","NO CONTROLS","SNOW","DAYLIGHT","ANGLE","NOT DIVIDED",,"STRAIGHT AND LEVEL","SNOW OR SLUSH","NO DEFECTS","ON SCENE","INJURY AND / OR TOW DUE TO CRASH",,,,"OVER $1,500","2021-12-28T12:37:00.000","FAILING TO YIELD RIGHT-OF-WAY","IMPROPER OVERTAKING/PASSING","2049","E","67TH ST","331",,,,,,,"3","NONINCAPACITATING INJURY","1","0","0","1","0","1","0","12","3","12","41.773360373","-87.574529545","POINT (-87.574529545333 41.773360373099)"
"a8177a3606b66a4a82b4883fb0528b06602783fb95764e582d6b8e9ff9ce6a54ac25689b71e99d9e1cf6ed59a9f9e610db2f912ff82dbe164c0ae8315a3a3e95","JE490940",,"2021-12-28T12:10:00.000","30","TRAFFIC SIGNAL","FUNCTIONING PROPERLY","SNOW","DAYLIGHT","PEDESTRIAN","Y-INTERSECTION",,"STRAIGHT AND LEVEL","SNOW OR SLUSH","NO DEFECTS","ON SCENE","INJURY AND / OR TOW DUE TO CRASH","Y",,,"OVER $1,500","2021-12-28T12:10:00.000","WEATHER","DRIVING SKILLS/KNOWLEDGE/EXPERIENCE","2800","N","CLARK ST","1934",,,,,,,"2","INCAPACITATING INJURY","1","0","1","0","0","1","0","12","3","12","41.9328287","-87.645080351","POINT (-87.645080351015 41.932828699843)"
"f5cb63d82e2c36ceb58d457787edbc476981218284902c7c584480af075b69478fe982596ccc8986dc3314409e40d0db13ecd1c0f3155f00331d69363e9eecda","JE490929",,"2021-12-28T12:09:00.000","30","NO CONTROLS","NO CONTROLS","UNKNOWN","UNKNOWN","PARKED MOTOR VEHICLE","NOT DIVIDED",,"STRAIGHT AND LEVEL","DRY","NO DEFECTS","ON SCENE","NO INJURY / DRIVE AWAY",,,"Y","$501 - $1,500","2021-12-28T12:10:00.000","UNABLE TO DETERMINE","NOT APPLICABLE","1349","E","HYDE PARK BLVD","234",,,,,,,"2","NO INDICATION OF INJURY","0","0","0","0","0","1","0","12","3","12","41.802296283","-87.593219779","POINT (-87.593219778648 41.802296283014)"
"7551163bfccdb8f0e680064ed9ecbc76ca2e3ceb86485f2b0d1cd7937c92d87cf3c9a9f2d4cdf93e19fb5514318c870f034647e628780441d9c6e96ce8b62466","JE491054",,"2021-12-28T12:07:00.000","30","NO CONTROLS","NO CONTROLS","SNOW","DAYLIGHT","PARKED MOTOR VEHICLE","ONE-WAY",,"STRAIGHT AND LEVEL","SNOW OR SLUSH","UNKNOWN","NOT ON SCENE (DESK REPORT)","NO INJURY / DRIVE AWAY",,,,"$501 - $1,500","2021-12-28T14:06:00.000","UNABLE TO DETERMINE","NOT APPLICABLE","530","W","93RD ST","2223",,,,,,,"2","NO INDICATION OF INJURY","0","0","0","0","0","2","0","12","3","12","41.725307819","-87.637195951","POINT (-87.637195951434 41.725307818988)"
"50f97add1a84db6db204df89b0e17c43dfa1d4edeaa12bc9a54796b74e0ffcfdd7aa2cb53ac77ca0b39458fd17ec807495769926a2336a6f0aab96ad3eacf305","JE490948",,"2021-12-28T12:06:00.000","30","TRAFFIC SIGNAL","FUNCTIONING PROPERLY","SNOW","DAYLIGHT","REAR END","NOT DIVIDED",,"STRAIGHT AND LEVEL","SNOW OR SLUSH","UNKNOWN","NOT ON SCENE (DESK REPORT)","NO INJURY / DRIVE AWAY","Y",,,"OVER $1,500","2021-12-28T12:30:00.000","UNABLE TO DETERMINE","NOT APPLICABLE","1","W","71ST ST","323",,,,,,,"2","NO INDICATION OF INJURY","0","0","0","0","0","4","0","12","3","12","41.76534348","-87.624934312","POINT (-87.624934312056 41.765343480316)"
"9772b5245afeaeadb96df002bc1597a02dfc8bb1542e04ed84b5cb2f9145522f46cae8cd2d84413277ca63b36f2cc903b28bedf2643be7ed1425556b61d6cb04","JE491049",,"2021-12-28T12:01:00.000","25","NO CONTROLS","NO CONTROLS","SNOW","DAYLIGHT","ANGLE","NOT DIVIDED",,"STRAIGHT ON GRADE","SNOW OR SLUSH","NO DEFECTS","NOT ON SCENE (DESK REPORT)","NO INJURY / DRIVE AWAY",,,,"$501 - $1,500","2021-12-28T14:02:00.000","FAILING TO YIELD RIGHT-OF-WAY","FAILING TO YIELD RIGHT-OF-WAY","4130","S","PULASKI RD","815",,,,,,,"2","NO INDICATION OF INJURY","0","0","0","0","0","2","0","12","3","12","41.817574342","-87.724070589","POINT (-87.724070589345 41.817574341728)"
"24105ac495d3300941b953a57797bd337bd0dd974d0bcda33f3d2993529421f593346297d7fa40175fa5004fa9f1ab09fc84c1fe6d34a2ff45f0f3685c953c58","JE491911","Y","2021-12-28T12:00:00.000","30","NO CONTROLS","NO CONTROLS","UNKNOWN","UNKNOWN","PARKED MOTOR VEHICLE","ONE-WAY",,"STRAIGHT AND LEVEL","UNKNOWN","NO DEFECTS","ON SCENE","NO INJURY / DRIVE AWAY",,,"Y","OVER $1,500","2021-12-29T12:59:00.000","UNABLE TO DETERMINE","UNABLE TO DETERMINE","4455","N","KEELER AVE","1722",,,,,,,"2","NO INDICATION OF INJURY","0","0","0","0","0","1","0","12","3","12","41.962162203","-87.732182511","POINT (-87.732182511234 41.962162203409)"
"c4304fdffbd751407c0c8fd1f89b142b1d7e1589d6e56475b18dddaf75660727cd8a7f54fd4d0a61bb820a991254da7698595acbb629aed8e5350107464cfc94","JE491064",,"2021-12-28T12:00:00.000","10","NO CONTROLS","NO CONTROLS","SNOW","DAYLIGHT","REAR TO SIDE","PARKING LOT",,"STRAIGHT AND LEVEL","SNOW OR SLUSH","NO DEFECTS","NOT ON SCENE (DESK REPORT)","NO INJURY / DRIVE AWAY",,,,"$500 OR LESS","2021-12-28T14:15:00.000","UNABLE TO DETERMINE","UNABLE TO DETERMINE","600","E","115TH ST","531",,,,,,,"2","NO INDICATION OF INJURY","0","0","0","0","0","2","0","12","3","12","41.685581178","-87.608207115","POINT (-87.608207115299 41.685581178306)"
"991311003de58de2050e7b202e8f5bbd9e747f79a19292fa97ec1342d353948f31e6f1996c0424195ae784ece40f20390cfb39bb61a62fdc9aabb38f429e5d41","JE490990",,"2021-12-28T12:00:00.000","30","NO CONTROLS","NO CONTROLS","SNOW","DAYLIGHT","SIDESWIPE OPPOSITE DIRECTION","NOT DIVIDED",,"STRAIGHT AND LEVEL","SNOW OR SLUSH","UNKNOWN","NOT ON SCENE (DESK REPORT)","NO INJURY / DRIVE AWAY",,,,"OVER $1,500","2021-12-28T13:33:00.000","UNABLE TO DETERMINE","UNABLE TO DETERMINE","2510","W","LAWRENCE AVE","2031",,,,,,,"2","NO INDICATION OF INJURY","0","0","0","0","0","2","0","12","3","12","41.968698433","-87.691805376","POINT (-87.691805375521 41.968698432918)"
"1df95dcc3b757622054a644db76c7c9f6d58761c330c046648ee286e74c427f448c1e0c888792644be00c7d652f34ad555f4355187d388dcb37cf84b91e865fa","JE492806",,"2021-12-28T11:55:00.000","30","NO CONTROLS","NO CONTROLS","CLEAR","DAYLIGHT","REAR END","NOT DIVIDED",,"STRAIGHT AND LEVEL","DRY","NO DEFECTS","NOT ON SCENE (DESK REPORT)","NO INJURY / DRIVE AWAY",,,,"$500 OR LESS","2021-12-30T11:00:00.000","NOT APPLICABLE","NOT APPLICABLE","1400","W","BRYN MAWR AVE","2013",,,,,,,"2","NO INDICATION OF INJURY","0","0","0","0","0","2","0","11","3","12","41.983655983","-87.665085343","POINT (-87.66508534277 41.983655982911)"
"decc15a49cb1d872a226a9f0ace327535db6e1d8bbb2a89fc91f8eb040be14d6c774d608c19397fcdc863d4d5703b2a5010ecc745841ffa666082ab994345b36","JE490946",,"2021-12-28T11:55:00.000","35","NO CONTROLS","NO CONTROLS","SNOW","DAYLIGHT","TURNING","PARKING LOT",,"STRAIGHT AND LEVEL","SNOW OR SLUSH","NO DEFECTS","ON SCENE","INJURY AND / OR TOW DUE TO CRASH",,,,"OVER $1,500","2021-12-28T12:10:00.000","IMPROPER TURNING/NO SIGNAL","WEATHER","8231","S","CICERO AVE","834",,,,,,,"2","NO INDICATION OF INJURY","0","0","0","0","0","2","0","11","3","12","41.742744141","-87.740987751","POINT (-87.740987751073 41.742744140845)"
"7e336873a3b15d61ef4e7400e5cec4e8c24af749af9ad0299a2f8e8d0855a180255af219af8d3b3753c74d4bbf98f52987d9c305be0f6d617bc6ee7617099fa5","JE490960",,"2021-12-28T11:40:00.000","30","NO CONTROLS","NO CONTROLS","RAIN","DAYLIGHT","TURNING","NOT DIVIDED",,"STRAIGHT AND LEVEL","WET","NO DEFECTS","NOT ON SCENE (DESK REPORT)","NO INJURY / DRIVE AWAY","Y",,,"OVER $1,500","2021-12-28T12:45:00.000","FAILING TO YIELD RIGHT-OF-WAY","NOT APPLICABLE","1919","W","MONTROSE AVE","1912",,,,,,,"2","NO INDICATION OF INJURY","0","0","0","0","0","2","0","11","3","12","41.961372933","-87.676825233","POINT (-87.67682523315 41.961372932887)"
"8d056be39bc3ca652d94c900324cfeedfe094b9658fef27a39b707a80bef89050d765a3d31d8e085343f324aa2f7840f7fa9a001c806bc4602d1e41ef2b97835","JE490915",,"2021-12-28T11:40:00.000","30","TRAFFIC SIGNAL","FUNCTIONING PROPERLY","SNOW","DAYLIGHT","REAR END","DIVIDED - W/MEDIAN (NOT RAISED)",,"STRAIGHT AND LEVEL","WET","NO DEFECTS","NOT ON SCENE (DESK REPORT)","NO INJURY / DRIVE AWAY",,,,"OVER $1,500","2021-12-28T11:55:00.000","FOLLOWING TOO CLOSELY","UNABLE TO DETERMINE","6245","S","CALIFORNIA AVE","825",,,,,,,"2","NO INDICATION OF INJURY","0","0","0","0","0","2","0","11","3","12","41.779604829","-87.693261729","POINT (-87.693261729223 41.7796048289)"
"b9b044d684b7d2326c7197c19c3563d5c246d9a3d71a17cff881554627baa1ce1012f5099e86b00b88e023aab7482f85fb2104ddd7466f10547da82eeb65e8c6","JE490906","Y","2021-12-28T11:35:00.000","30","TRAFFIC SIGNAL","FUNCTIONING PROPERLY","SNOW","DAYLIGHT","REAR END","DIVIDED - W/MEDIAN BARRIER",,"STRAIGHT AND LEVEL","WET","NO DEFECTS","ON SCENE","NO INJURY / DRIVE AWAY",,,,"OVER $1,500","2021-12-28T11:41:00.000","CELL PHONE USE OTHER THAN TEXTING","FOLLOWING TOO CLOSELY","15","W","76TH ST","623",,,,,,,"2","NO INDICATION OF INJURY","0","0","0","0","0","2","0","11","3","12","41.756304116","-87.625291055","POINT (-87.625291055182 41.75630411618)"
"5eb3e585a4a52fd9c17c3143118a1dbd53ba8d463c08f2937b72a8c1808b441b3db155e86d7beb83e3ddda76fe3b922e6407bb8ae869982869ddd9ee20cd0f3e","JE490911",,"2021-12-28T11:30:00.000","30","STOP SIGN/FLASHER","FUNCTIONING PROPERLY","SNOW","DAYLIGHT","TURNING","NOT DIVIDED",,"STRAIGHT AND LEVEL","WET","NO DEFECTS","ON SCENE","INJURY AND / OR TOW DUE TO CRASH","Y",,,"OVER $1,500","2021-12-28T11:35:00.000","IMPROPER TURNING/NO SIGNAL","UNABLE TO DETERMINE","2720","N","CLARK ST","1935",,,,,,,"2","NO INDICATION OF INJURY","0","0","0","0","0","2","0","11","3","12","41.931846467","-87.644732737","POINT (-87.644732736971 41.93184646651)"
"1c3f90a9cfaaf9e8e06b48a2eb1e63686bad622cb2db3f5a3544c95314dfad02638b0a60413501c01ba06388f538cd2bdf5a19181990c478d0d7bfc2b86685da","JE490886",,"2021-12-28T11:20:00.000","30","TRAFFIC SIGNAL","FUNCTIONING PROPERLY","SNOW","DAYLIGHT","ANGLE","FOUR WAY",,"STRAIGHT AND LEVEL","SNOW OR SLUSH","NO DEFECTS","ON SCENE","INJURY AND / OR TOW DUE TO CRASH","Y",,,"OVER $1,500","2021-12-28T11:21:00.000","FAILING TO REDUCE SPEED TO AVOID CRASH","UNABLE TO DETERMINE","1200","W","59TH ST","713",,,,,,,"2","NONINCAPACITATING INJURY","2","0","0","2","0","4","0","11","3","12","41.786994998","-87.654747502","POINT (-87.654747502118 41.786994998377)"