"crash_record_id","rd_no","crash_date_est_i","crash_date","posted_speed_limit","traffic_control_device","device_condition","weather_condition","lighting_condition","first_crash_type","trafficway_type","lane_cnt","alignment","roadway_surface_cond","road_defect","report_type","crash_type","intersection_related_i","private_property_i","hit_and_run_i","damage","date_police_notified","prim_contributory_cause","sec_contributory_cause","street_no","street_direction","street_name","beat_of_occurrence","photos_taken_i","statements_taken_i","dooring_i","work_zone_i","work_zone_type","workers_present_i","num_units","most_severe_injury","injuries_total","injuries_fatal","injuries_incapacitating","injuries_non_incapacitating","injuries_reported_not_evident","injuries_no_indication","injuries_unknown","crash_hour","crash_day_of_week","crash_month","latitude","longitude","location"
"459a1b7953f7410f9e571c81f3a133d4840d654f8ecb9bfff56ee8f874f022ebcd4b12470623ca341ccc1b5c0f552e27f5ef8ab1068a6dc2a686070ab87e2a01","JE491171",,"2021-12-28T11:15:00.000","10","NO CONTROLS","NO CONTROLS","CLEAR","DAYLIGHT","ANGLE","PARKING LOT",,"STRAIGHT AND LEVEL","WET","UNKNOWN","NOT ON SCENE (DESK REPORT)","NO INJURY / DRIVE AWAY",,,,"$501 - $1,500","2021-12-28T16:00:00.000","IMPROPER BACKING","NOT APPLICABLE","11438","S","MICHIGAN AVE","531",,,,,,,"2","NO INDICATION OF INJURY","0","0","0","0","0","2","0","11","3","12","41.685954108","-87.620973181","POINT (-87.620973180635 41.685954108028)"
"c66a5781e2306637f32dad658c31c54ec3df2590dd73acbc75f6f40040b219852be3b6789d052f6ab58a8eaee56c65d207445254892770dedf87f94c758285d0","JE490891",,"2021-12-28T11:15:00.000","30","TRAFFIC SIGNAL","FUNCTIONING PROPERLY","SNOW","DAYLIGHT","TURNING","NOT DIVIDED",,"STRAIGHT AND LEVEL","WET","NO DEFECTS","ON SCENE","INJURY AND / OR TOW DUE TO CRASH","Y",,,"OVER $1,500","2021-12-28T11:15:00.000","UNABLE TO DETERMINE","NOT APPLICABLE","5902","S","ARCHER AVE","811",,,,,,,"2","REPORTED, NOT EVIDENT","1","0","0","0","1","2","0","11","3","12","41.795719573","-87.76306004","POINT (-87.763060040439 41.795719572837)"
"83a209d608ef2d53d394ebc3c074231702d83add600cf4c37694e05616cf3c73501d6020aee98353253341528df50c8d1acc34176c1e3a22f4fb87608c9cc54f","JE490944",,"2021-12-28T11:10:00.000","30","NO CONTROLS","NO CONTROLS","CLEAR","DAYLIGHT","SIDESWIPE SAME DIRECTION","NOT DIVIDED",,"STRAIGHT AND LEVEL","SNOW OR SLUSH","NO DEFECTS","NOT ON SCENE (DESK REPORT)","NO INJURY / DRIVE AWAY",,,,"$501 - $1,500","2021-12-28T12:15:00.000","UNABLE TO DETERMINE","NOT APPLICABLE","2062","N","MILWAUKEE AVE","1431",,,,,,,"2","NO INDICATION OF INJURY","0","0","0","0","0","2","0","11","3","12","41.918700697","-87.690702926","POINT (-87.690702926349 41.918700697483)"
"4a703336433720b89feb3799b08442540b5a147f2f2601ba6dd31cb0ad81e1114d4355090172ddd30ffa301d8b78533e6be0712e28920a13ad20a88136505ff7","JE490893",,"2021-12-28T11:06:00.000","30","STOP SIGN/FLASHER","FUNCTIONING PROPERLY","SNOW","DAYLIGHT","ANGLE","NOT DIVIDED",,"STRAIGHT AND LEVEL","WET","UNKNOWN","ON SCENE","INJURY AND / OR TOW DUE TO CRASH",,,,"OVER $1,500","2021-12-28T11:11:00.000","FAILING TO YIELD RIGHT-OF-WAY","UNABLE TO DETERMINE","298","E","47TH ST","215",,,,,,,"2","NONINCAPACITATING INJURY","1","0","0","1","0","3","0","11","3","12","41.809444339","-87.619677059","POINT (-87.619677059338 41.80944433866)"
"ca3ab53f73566afbe1be263e6d6e850168131e97b252018033a6b2b5508da104c8de6ba2a1c130e42695a70c5297bc354d242c252c552a9ba6437e68be90c5a0","JE490994",,"2021-12-28T11:00:00.000","30","NO CONTROLS","NO CONTROLS","UNKNOWN","DAYLIGHT","PARKED MOTOR VEHICLE","ONE-WAY",,"STRAIGHT AND LEVEL","DRY","NO DEFECTS","NOT ON SCENE (DESK REPORT)","NO INJURY / DRIVE AWAY",,,"Y","OVER $1,500","2021-12-28T13:15:00.000","UNABLE TO DETERMINE","NOT APPLICABLE","4031","W","GLADYS AVE","1132",,,,,,,"2","NO INDICATION OF INJURY","0","0","0","0","0","1","0","11","3","12","41.876053611","-87.726777059","POINT (-87.726777058781 41.876053610953)"
"cdea2e6d03281a72adf696b9ed7215cd0201cfed5347f7f0035d123224ccddc5d5201e75287730a2d0e6163af62c82a9f6ab7fb2d1223c9afb53f2d7f943e029","JE490916",,"2021-12-28T11:00:00.000","20","STOP SIGN/FLASHER","OTHER","SNOW","DAYLIGHT","PARKED MOTOR VEHICLE","DIVIDED - W/MEDIAN (NOT RAISED)",,"STRAIGHT AND LEVEL","SNOW OR SLUSH","UNKNOWN","ON SCENE","NO INJURY / DRIVE AWAY",,,"Y","OVER $1,500","2021-12-28T11:35:00.000","UNABLE TO DETERMINE","UNABLE TO DETERMINE","736","W","WRIGHTWOOD AVE","1935",,,,,,,"2","NO INDICATION OF INJURY","0","0","0","0","0","1","0","11","3","12","41.929200566","-87.647897137","POINT (-87.647897136948 41.929200566447)"
"58a3bf1c0ace7c0a88756556f0f57a6634c547af2dd15c9330beaa83191bc56b025188fb67e4788d431d32b59aa646343ebf485aaabbba97cff2975ee7005020","JE490869",,"2021-12-28T11:00:00.000","30","TRAFFIC SIGNAL","FUNCTIONING PROPERLY","RAIN","DAYLIGHT","ANGLE","NOT DIVIDED",,"STRAIGHT AND LEVEL","WET","NO DEFECTS","ON SCENE","INJURY AND / OR TOW DUE TO CRASH","Y",,,"OVER $1,500","2021-12-28T11:00:00.000","UNABLE TO DETERMINE","UNABLE TO DETERMINE","5900","S","INDIANA AVE","232",,,,,,,"2","NO INDICATION OF INJURY","0","0","0","0","0","2","0","11","3","12","41.78735114","-87.620802712","POINT (-87.620802712403 41.787351140458)"
"28e6578e77094a2f82b38cc9c1e1ba33e7f3fd656d966d8724b669aa9c88d4d29173bfa2659ea9dad807f19a3b4aab5bcfb3f0ca72f387b52bb1825997dfea06","JE492704",,"2021-12-28T10:50:00.000","30","TRAFFIC SIGNAL","UNKNOWN","UNKNOWN","DAYLIGHT","SIDESWIPE SAME DIRECTION","UNKNOWN",,"STRAIGHT AND LEVEL","UNKNOWN","UNKNOWN","NOT ON SCENE (DESK REPORT)","NO INJURY / DRIVE AWAY",,,,"$501 - $1,500","2021-12-30T09:50:00.000","UNABLE TO DETERMINE","NOT APPLICABLE","6","W","ILLINOIS ST","1831",,,,,,,"2","NO INDICATION OF INJURY","0","0","0","0","0","2","0","10","3","12","41.890971036","-87.628290001","POINT (-87.628290000983 41.890971036231)"
"85325570d5d2619f044e72d9e1a729bd01b50c9d87edf6ef33315e7c61e9b85906114ec929e698c3060a1091f0f3151f7283cbdfafe0b4f1f5401d493ce612f1","JE490905",,"2021-12-28T10:50:00.000","5","NO CONTROLS","NO CONTROLS","SNOW","DAYLIGHT","PARKED MOTOR VEHICLE","PARKING LOT",,"STRAIGHT AND LEVEL","WET","NO DEFECTS","NOT ON SCENE (DESK REPORT)","NO INJURY / DRIVE AWAY",,"Y",,"OVER $1,500","2021-12-28T11:45:00.000","DRIVING SKILLS/KNOWLEDGE/EXPERIENCE","UNABLE TO DETERMINE","2335","W","95TH ST","2213",,,,,,,"2","NO INDICATION OF INJURY","0","0","0","0","0","1","0","10","3","12","41.720843437","-87.681061967","POINT (-87.681061966557 41.720843437024)"
"ba5e2c70362d3a0c2954d43da39678ba29ea5106adecda27dd1d07258bb54e660074ba057e1c83ab8ee471b73f87fc937739e784d30f67fd8f9f8a1fd70862c5","JE490857",,"2021-12-28T10:48:00.000","30","NO CONTROLS","NO CONTROLS","CLEAR","DAYLIGHT","PARKED MOTOR VEHICLE","NOT DIVIDED",,"STRAIGHT AND LEVEL","DRY","NO DEFECTS","ON SCENE","INJURY AND / OR TOW DUE TO CRASH",,,,"OVER $1,500","2021-12-28T10:48:00.000","NOT APPLICABLE","NOT APPLICABLE","6033","S","COTTAGE GROVE AVE","235",,,,,,,"2","NONINCAPACITATING INJURY","2","0","0","1","1","0","0","10","3","12","41.784882703","-87.605882499","POINT (-87.605882498946 41.784882703286)"
"567140efd4cfcbedc250a459abe376eaad9496449a64537be3158ed45d03ca92788c726e0ef33b926c88ebb3af5efd16d483ca517772792147974dc30946fd42","JR490836",,"2021-12-28T10:30:00.000","30","TRAFFIC SIGNAL","FUNCTIONING PROPERLY","RAIN","DAYLIGHT","TURNING","DIVIDED - W/MEDIAN (NOT RAISED)",,"STRAIGHT AND LEVEL","WET","NO DEFECTS","ON SCENE","NO INJURY / DRIVE AWAY","Y",,,"OVER $1,500","2021-12-28T10:40:00.000","IMPROPER TURNING/NO SIGNAL","NOT APPLICABLE","601","W","IRVING PARK DR","1925",,,,,,,"2","NO INDICATION OF INJURY","0","0","0","0","0","4","0","10","3","12","41.954526042","-87.645322614","POINT (-87.645322613574 41.954526041729)"
"28d7e9a693bc5a7c53bdb105ef174eceaaf92afa6cb39838423bec2fb4232b9901c7458961215d9055107b3db9ba332cac24d226b56f0a654043127843c1a551","JE490843",,"2021-12-28T10:30:00.000","30","NO CONTROLS","NO CONTROLS","CLEAR","DAYLIGHT","ANGLE","NOT DIVIDED",,"STRAIGHT AND LEVEL","DRY","NO DEFECTS","NOT ON SCENE (DESK REPORT)","NO INJURY / DRIVE AWAY",,,,"$501 - $1,500","2021-12-28T10:50:00.000","FAILING TO YIELD RIGHT-OF-WAY","IMPROPER BACKING","1537","N","SEDGWICK ST","1821",,,,,,,"2","NO INDICATION OF INJURY","0","0","0","0","0","2","0","10","3","12","41.910358452","-87.638421391","POINT (-87.638421391126 41.910358451578)"
"99cba1898157bed7d1561f2ed23c0b117e39c426db9f9ab6f2d6786b10330e64fdc4a6c453ca970f566051b9555afe9b23d9c7bfa09a9b931e60c8e5b0d94941","JE490883",,"2021-12-28T10:20:00.000","45","NO CONTROLS","NO CONTROLS","CLEAR","DAYLIGHT","SIDESWIPE SAME DIRECTION","DIVIDED - W/MEDIAN (NOT RAISED)",,"STRAIGHT AND LEVEL","DRY","NO DEFECTS","NOT ON SCENE (DESK REPORT)","NO INJURY / DRIVE AWAY",,,"Y","OVER $1,500","2021-12-28T11:25:00.000","NOT APPLICABLE","NOT APPLICABLE","801","N","LAKE SHORE DR","1833",,,,,,,"2","NO INDICATION OF INJURY","0","0","0","0","0","2","0","10","3","12","41.896929369","-87.616947039","POINT (-87.616947038944 41.89692936893)"
"38bf6d3be7e3bc7323bd99df052e4c10dd0d12a5cb76981203223171f236c1f35f49d06f45d77197724f6706ab1d438d565559d834e17247a8cec4ebd2ee3bd0","JE490933",,"2021-12-28T10:15:00.000","30","TRAFFIC SIGNAL","FUNCTIONING PROPERLY","CLEAR","DAYLIGHT","REAR END","DIVIDED - W/MEDIAN (NOT RAISED)",,"STRAIGHT AND LEVEL","DRY","NO DEFECTS","NOT ON SCENE (DESK REPORT)","NO INJURY / DRIVE AWAY",,,,"OVER $1,500","2021-12-28T12:05:00.000","UNABLE TO DETERMINE","NOT APPLICABLE","5601","W","MADISON ST","1513",,,,,,,"2","NO INDICATION OF INJURY","0","0","0","0","0","2","0","10","3","12","41.880135062","-87.764942447","POINT (-87.76494244671 41.880135062255)"
"19078e65d9970970bc0dacb6b036292e881fbc86cf039b107c89b795efb0cfcd14e10362d54176278144a95def9ad87f5c5c914c613b422076843e4c2b88a8b4","JE490958",,"2021-12-28T10:00:00.000","30","NO CONTROLS","NO CONTROLS","CLEAR","DARKNESS","PARKED MOTOR VEHICLE","ONE-WAY",,"STRAIGHT AND LEVEL","UNKNOWN","NO DEFECTS","NOT ON SCENE (DESK REPORT)","NO INJURY / DRIVE AWAY",,,"Y","OVER $1,500","2021-12-28T12:50:00.000","UNABLE TO DETERMINE","UNABLE TO DETERMINE","5301","S","TALMAN AVE","923",,,,,,,"2","NO INDICATION OF INJURY","0","0","0","0","0","1","0","10","3","12","41.797314029","-87.690094527","POINT (-87.690094526603 41.797314029439)"
"14ad0a7aff4ce762a1678e93da5fa27a042dd6056dc48137a18c27fb25781bf521f75eacdcc04924979dd0231db68db2e941beeb7d9d44a73be1d241655e10ee","JE490827",,"2021-12-28T09:55:00.000","30","NO CONTROLS","NO CONTROLS","CLEAR","DAYLIGHT","SIDESWIPE SAME DIRECTION","NOT DIVIDED",,"STRAIGHT AND LEVEL","DRY","UNKNOWN","ON SCENE","NO INJURY / DRIVE AWAY",,,,"$501 - $1,500","2021-12-28T10:00:00.000","UNABLE TO DETERMINE","UNABLE TO DETERMINE","4729","W","LAWRENCE AVE","1722",,,,,,,"2","NO INDICATION OF INJURY","0","0","0","0","0","2","0","9","3","12","41.967933588","-87.74649931","POINT (-87.746499310092 41.967933588381)"
"16ec5c355b0afa7103196277619e73b8c7eb525f81c01ec7220e181175e99d096a5682ad68da09c5ecd169355d7fd86d19e67ff4807c7d258e38d106e09ffbfc","JE490850",,"2021-12-28T09:50:00.000","20","TRAFFIC SIGNAL","FUNCTIONING PROPERLY","CLOUDY/OVERCAST","DAYLIGHT","REAR END","FOUR WAY",,"STRAIGHT AND LEVEL","SNOW OR SLUSH","NO DEFECTS","NOT ON SCENE (DESK REPORT)","NO INJURY / DRIVE AWAY","Y",,,"OVER $1,500","2021-12-28T09:55:00.000","FOLLOWING TOO CLOSELY","NOT APPLICABLE","2058","W","47TH ST","924","Y",,,,,,"2","NO INDICATION OF INJURY","0","0","0","0","0","4","0","9","3","12","41.808613113","-87.677061518","POINT (-87.677061517741 41.808613112769)"
"25e8528efa55388eab19ecb2fcb89e6236c2a51d35c385921b6d182b2ee6d3a942d7fca4cb0979b3c1184c2b2519c1f2cdefe800b4be4e7d1d21b75795f7b625","JE491693",,"2021-12-28T09:45:00.000","45","TRAFFIC SIGNAL","FUNCTIONING PROPERLY","SNOW","DAYLIGHT","SIDESWIPE SAME DIRECTION","DIVIDED - W/MEDIAN (NOT RAISED)",,"STRAIGHT AND LEVEL","SNOW OR SLUSH","NO DEFECTS","NOT ON SCENE (DESK REPORT)","NO INJURY / DRIVE AWAY",,,"Y","OVER $1,500","2021-12-29T10:00:00.000","FAILING TO REDUCE SPEED TO AVOID CRASH","IMPROPER LANE USAGE","300","N","LAKE SHORE DR NB","114",,,,,,,"2","NO INDICATION OF INJURY","0","0","0","0","0","2","0","9","3","12","41.886140488","-87.614274106","POINT (-87.614274106164 41.8861404879)"
"d48094fb6283b1d6902c1402a5ddfb23315d01930ab532ffb826ddce20c1478eeed00def06b7a2aca2b4aa2edaae19f694a161b68240e43b3fa7db866753058c","JE490805",,"2021-12-28T09:44:00.000","25","NO CONTROLS","NO CONTROLS","CLOUDY/OVERCAST","DAYLIGHT","PARKED MOTOR VEHICLE","ALLEY",,"STRAIGHT AND LEVEL","DRY","NO DEFECTS","ON SCENE","NO INJURY / DRIVE AWAY",,,"Y","$501 - $1,500","2021-12-28T09:55:00.000","OPERATING VEHICLE IN ERRATIC, RECKLESS, CARELESS, NEGLIGENT OR AGGRESSIVE MANNER","NOT APPLICABLE","8921","S","EXCHANGE AVE","423",,,,,,,"2","NO INDICATION OF INJURY","0","0","0","0","0","1","0","9","3","12","41.733057523","-87.552565188","POINT (-87.552565188241 41.733057523415)"
"7bfb14c9e41ef7d55d4cae25c8b85282fae0b2523efab9abcf4d470f7dfa2b1c509f46508a1e4bf1d1868a6d9af6e30e45f7f13de733177f9485b1e657ae7348","JE490821",,"2021-12-28T09:40:00.000","25","NO CONTROLS","NO CONTROLS","CLEAR","DAYLIGHT","FIXED OBJECT","ALLEY",,"STRAIGHT AND LEVEL","DRY","NO DEFECTS","ON SCENE","NO INJURY / DRIVE AWAY",,"Y",,"OVER $1,500","2021-12-28T09:55:00.000","UNABLE TO DETERMINE","UNABLE TO DETERMINE","4850","N","MOODY AVE","1622",,,,,,,"1","NO INDICATION OF INJURY","0","0","0","0","0","1","0","9","3","12","41.970013998","-87.782073173","POINT (-87.782073173312 41.97001399763)"
"f842e5637757c055ad255fbab5ecb9fb189e9ee7457c46db14e8f30c8c0d3a5652821b2ccbf97950e738e67c2d57ab4943e91160571ae045f1212d417d4c39ee","JE490824",,"2021-12-28T09:35:00.000","30","NO CONTROLS","NO CONTROLS","RAIN","DAYLIGHT","SIDESWIPE SAME DIRECTION","NOT DIVIDED",,"STRAIGHT AND LEVEL","WET","NO DEFECTS","ON SCENE","INJURY AND / OR TOW DUE TO CRASH",,,,"OVER $1,500","2021-12-28T09:42:00.000","FAILING TO YIELD RIGHT-OF-WAY","UNABLE TO DETERMINE","1530","N","DAMEN AVE","1424",,,,,,,"3","NO INDICATION OF INJURY","0","0","0","0","0","3","0","9","3","12","41.909187572","-87.677576738","POINT (-87.677576737949 41.90918757212)"
"c73d50bd42597fbd3d5b1253e201043fa6bc7d204dbb1c328f2774e150e8f25190a5b0b83e2f2a58b430c3bd4b30bbf42e5eb13fcb77342d9a9108f379adf43c","JE490819",,"2021-12-28T09:30:00.000","30","TRAFFIC SIGNAL","FUNCTIONING PROPERLY","CLOUDY/OVERCAST","DAYLIGHT","TURNING","NOT DIVIDED",,"STRAIGHT AND LEVEL","DRY","NO DEFECTS","NOT ON SCENE (DESK REPORT)","NO INJURY / DRIVE AWAY","Y",,"Y","$500 OR LESS","2021-12-28T10:15:00.000","IMPROPER OVERTAKING/PASSING","NOT APPLICABLE","2000","N","LARAMIE AVE","2515",,,,,,,"2","NO INDICATION OF INJURY","0","0","0","0","0","2","0","9","3","12","41.917017367","-87.756087339","POINT (-87.756087339467 41.917017366937)"
"e8fa9669fca4ab1ae0b65906c480675878b2ee8730f3464af33f1869a7182d3c5926348b2c201df1f37a73a3709f15799460c72546e7b1806eab20cdcf02865f","JE490786",,"2021-12-28T09:10:00.000","30","UNKNOWN","UNKNOWN","CLEAR","DAYLIGHT","REAR END","DIVIDED - W/MEDIAN (NOT RAISED)",,"STRAIGHT AND LEVEL","UNKNOWN","UNKNOWN","NOT ON SCENE (DESK REPORT)","NO INJURY / DRIVE AWAY",,,,"OVER $1,500","2021-12-28T09:25:00.000","FOLLOWING TOO CLOSELY","FOLLOWING TOO CLOSELY","1602","W","BELMONT AVE","1922",,,,,,,"2","NO INDICATION OF INJURY","0","0","0","0","0","2","0","9","3","12","41.939803657","-87.668861399","POINT (-87.668861398656 41.939803657056)"
"b0b9d199e30b57158dce67dc8d8469116b652d628bd7dec37b7c0315654f5caff911f8bebc737035ebe4ee0cca7a239c217bc2532b88a2d975f63924e0434d60","JE490789",,"2021-12-28T09:05:00.000","30","NO CONTROLS","NO CONTROLS","CLEAR","DAYLIGHT","ANGLE","ONE-WAY",,"STRAIGHT AND LEVEL","DRY","NO DEFECTS","ON SCENE","INJURY AND / OR TOW DUE TO CRASH",,,,"OVER $1,500","2021-12-28T09:05:00.000","FAILING TO YIELD RIGHT-OF-WAY","NOT APPLICABLE","7721","S","RHODES AVE","624",,,,,,,"3","NO INDICATION OF INJURY","0","0","0","0","0","4","0","9","3","12","41.754171972","-87.611217618","POINT (-87.61121761785 41.754171972398)"
"cc90f26a70a383b283756b2e44eb8ccb60f0189db88f9653b4d7ecb461ad1a49305d725785c2262e003700bf8b3f0667120180acd19c960d247f79b82e79b554","JE491278",,"2021-12-28T09:00:00.000","30","NO CONTROLS","NO CONTROLS","CLEAR","UNKNOWN","PARKED MOTOR VEHICLE","NOT DIVIDED",,"STRAIGHT AND LEVEL","DRY","NO DEFECTS","NOT ON SCENE (DESK REPORT)","NO INJURY / DRIVE AWAY",,,"Y","OVER $1,500","2021-12-28T17:51:00.000","UNABLE TO DETERMINE","UNABLE TO DETERMINE","5960","S","ARCHER AVE","811",,,,,,,"2","NO INDICATION OF INJURY","0","0","0","0","0","1","0","9","3","12","41.795414237","-87.765062238","POINT (-87.765062237742 41.795414237283)"
"d796a363eb026cf960e3f8b6cfe1cd96c29cb922a6d85b25ca639ed00f9b0bfaf4205fdd6b492d13ed6ac63d01142cc1dbeb0eb289263c9d4d3c1b5854f359d5","JE491027",,"2021-12-28T09:00:00.000","15","NO CONTROLS","NO CONTROLS","UNKNOWN","DAYLIGHT","PARKED MOTOR VEHICLE","OTHER",,"STRAIGHT AND LEVEL","UNKNOWN","UNKNOWN","NOT ON SCENE (DESK REPORT)","NO INJURY / DRIVE AWAY",,,"Y","$501 - $1,500","2021-12-28T13:30:00.000","UNABLE TO DETERMINE","UNABLE TO DETERMINE","4250","N","LINCOLN AVE","1911",,,,,,,"2","NO INDICATION OF INJURY","0","0","0","0","0","1","0","9","3","12","41.959100433","-87.682392242","POINT (-87.682392241742 41.959100433038)"
"07bb95fbf32cdb9a80ef40e181e7a4ec18115f76c4582eada783e0a3875f9c94bf8e0080d4fc2d8270c91e29ffe74db5ae3dc3542d9dcf3c01b748d4e8300469","JE490782",,"2021-12-28T08:54:00.000","15","NO CONTROLS","NO CONTROLS","CLOUDY/OVERCAST","DAYLIGHT","FIXED OBJECT","ALLEY",,"STRAIGHT AND LEVEL","UNKNOWN","UNKNOWN","ON SCENE","NO INJURY / DRIVE AWAY",,"Y",,"$501 - $1,500","2021-12-28T08:55:00.000","UNABLE TO DETERMINE","UNABLE TO DETERMINE","2549","N","GREENVIEW AVE","1932",,,,,,,"1","NO INDICATION OF INJURY","0","0","0","0","0","1","0","8","3","12","41.928420876","-87.665701005","POINT (-87.665701004841 41.928420875874)"
"2fd53c1bd95e6e882faf7384b99f00771c5d5d0243d42307c1dc2651c61f4955220e590ee15ad1bf5e71c6aae6811598eac1aafc39e0550238dafd3f4150febe","JE492074",,"2021-12-28T08:30:00.000","30","NO CONTROLS","NO CONTROLS","CLEAR","DAYLIGHT","FIXED OBJECT","NOT DIVIDED",,"STRAIGHT AND LEVEL","DRY","NO DEFECTS","NOT ON SCENE (DESK REPORT)","NO INJURY / DRIVE AWAY",,"Y","Y","OVER $1,500","2021-12-29T15:20:00.000","UNABLE TO DETERMINE","UNABLE TO DETERMINE","8","E","91ST ST","634",,,,,,,"1","NO INDICATION OF INJURY","0","0","0","0","0","1","0","8","3","12","41.729156595","-87.623569725","POINT (-87.623569724802 41.729156594946)"
"536656cf1569976d9103708d2ddc3d0302162852a16aa43c0cab0e02787a9961b9d3b0c4a29702c135b6c8a22df15b9a7555d2effbba01167b523bd6174ac3f4","JF100701",,"2021-12-28T08:04:00.000","25","TRAFFIC SIGNAL","FUNCTIONING PROPERLY","UNKNOWN","UNKNOWN","REAR END","NOT DIVIDED",,"STRAIGHT AND LEVEL","UNKNOWN","UNKNOWN","NOT ON SCENE (DESK REPORT)","NO INJURY / DRIVE AWAY",,,"Y","$501 - $1,500","2022-01-01T16:40:00.000","UNABLE TO DETERMINE","NOT APPLICABLE","199","N","SACRAMENTO BLVD","1222",,,,,,,"2","NO INDICATION OF INJURY","0","0","0","0","0","2","0","8","3","12","41.884016475","-87.701142758","POINT (-87.701142757538 41.884016475152)"
"55af0f4f990af7c07661213615ad9e79a316bea5e6baf297502ce6fe98fa10ba2f098be6a9d3c7435dc1c082ba4a1ab3a732020ff9a1040b05e5c8cfa63bc277","JE491010",,"2021-12-28T08:00:00.000","15","NO CONTROLS","NO CONTROLS","CLEAR","DAYLIGHT","PARKED MOTOR VEHICLE","ONE-WAY",,"STRAIGHT AND LEVEL","DRY","NO DEFECTS","NOT ON SCENE (DESK REPORT)","NO INJURY / DRIVE AWAY",,,"Y","OVER $1,500","2021-12-28T13:47:00.000","UNABLE TO DETERMINE","UNABLE TO DETERMINE","9048","S","LOWE AVE","2223",,,,,,,"2","NO INDICATION OF INJURY","0","0","0","0","0","1","0","8","3","12","41.729357974","-87.639930418","POINT (-87.63993041816 41.729357974352)"
"1ad09c3ab006a7db84927ebb874cb2f065b0b385d9749b820b6283c0ae31f0def93db5977b98dc0b11298adc164d76a546f5b3e5df07f856c2bc29f3d9bc795c","JE490799","Y","2021-12-28T07:00:00.000","30","NO CONTROLS","NO CONTROLS","CLOUDY/OVERCAST","DAYLIGHT","PARKED MOTOR VEHICLE","NOT DIVIDED",,"STRAIGHT AND LEVEL","WET","NO DEFECTS",,"NO INJURY / DRIVE AWAY",,,"Y","OVER $1,500","2021-12-28T09:30:00.000","UNABLE TO DETERMINE","NOT APPLICABLE","920","N","CENTRAL PARK AVE","1112",,,,,,,"2","NO INDICATION OF INJURY","0","0","0","0","0","1","0","7","3","12","41.897938947","-87.716542129","POINT (-87.716542129099 41.8979389468)"
"99cd557e022ff86547c58ef931fdd7ae1eb5413dc9507960b50722f8197c3f6d82a1e3350f039d79b15e1beacd3215563eb778d48b0c3f95d8b017195ab10f17","JE490730",,"2021-12-28T07:00:00.000","30","NO CONTROLS","NO CONTROLS","CLEAR","DAYLIGHT","REAR END","DIVIDED - W/MEDIAN BARRIER",,"STRAIGHT AND LEVEL","DRY","NO DEFECTS","ON SCENE","INJURY AND / OR TOW DUE TO CRASH",,,,"OVER $1,500","2021-12-28T07:09:00.000","FOLLOWING TOO CLOSELY","UNABLE TO DETERMINE","420","W","47TH ST","925",,,,,,,"2","REPORTED, NOT EVIDENT","1","0","0","0","1","1","0","7","3","12","41.809138535","-87.636834322","POINT (-87.636834322405 41.809138534984)"
"1f6b1644b2e32b2773aa1aa94031bd590b16998c70b841349aa3eaef65aa6e1b50b2c73519877f766e6e85c209319c973a8e179dc5cc03c10fc59b6e22bc2af7","JE490736",,"2021-12-28T06:54:00.000","30","TRAFFIC SIGNAL","FUNCTIONING PROPERLY","CLOUDY/OVERCAST","DAYLIGHT","REAR END","ONE-WAY",,"STRAIGHT AND LEVEL","WET","NO DEFECTS","ON SCENE","INJURY AND / OR TOW DUE TO CRASH",,,,"OVER $1,500","2021-12-28T07:00:00.000","UNABLE TO DETERMINE","NOT APPLICABLE","2401","W","CONGRESS PKWY","1135",,,,,,,"4","NO INDICATION OF INJURY","0","0","0","0","0","4","0","6","3","12","41.874885709","-87.686311417","POINT (-87.686311417464 41.874885709418)"
"c5d87fbdeb81eb44dae2162adfe3f31471c4fa43388287109b4b6f2edfb75ed8bcdeff6528c6d4af38a3f22f940ad5ce781deab0c5b56d3c02e7277e0dea36c8","JE490746",,"2021-12-28T06:52:00.000","30","TRAFFIC SIGNAL","FUNCTIONING PROPERLY","CLOUDY/OVERCAST","DAWN","ANGLE","FOUR WAY",,"STRAIGHT AND LEVEL","DRY","NO DEFECTS","ON SCENE","INJURY AND / OR TOW DUE TO CRASH","Y",,,"OVER $1,500","2021-12-28T07:39:00.000","DISREGARDING TRAFFIC SIGNALS","DISREGARDING TRAFFIC SIGNALS","1","W","WASHINGTON ST","112",,,,,,,"2","NO INDICATION OF INJURY","0","0","0","0","0","2","0","6","3","12","41.883108627","-87.627948771","POINT (-87.627948770804 41.883108627267)"