"crash_record_id","rd_no","crash_date_est_i","crash_date","posted_speed_limit","traffic_control_device","device_condition","weather_condition","lighting_condition","first_crash_type","trafficway_type","lane_cnt","alignment","roadway_surface_cond","road_defect","report_type","crash_type","intersection_related_i","private_property_i","hit_and_run_i","damage","date_police_notified","prim_contributory_cause","sec_contributory_cause","street_no","street_direction","street_name","beat_of_occurrence","photos_taken_i","statements_taken_i","dooring_i","work_zone_i","work_zone_type","workers_present_i","num_units","most_severe_injury","injuries_total","injuries_fatal","injuries_incapacitating","injuries_non_incapacitating","injuries_reported_not_evident","injuries_no_indication","injuries_unknown","crash_hour","crash_day_of_week","crash_month","latitude","longitude","location"
"5d88404b33acb1f476b1698caee18de624bf44e733dd400d7f83cc734053567d8d6b1274b9e692e72473dc1cb74534b65819cbadc33d7d56e70f7d0dfaaa0407","JE490722",,"2021-12-28T06:51:00.000","30","NO CONTROLS","NO CONTROLS","CLEAR","DAYLIGHT","SIDESWIPE SAME DIRECTION","OTHER",,"STRAIGHT AND LEVEL","DRY","UNKNOWN","ON SCENE","NO INJURY / DRIVE AWAY",,,"Y","OVER $1,500","2021-12-28T06:51:00.000","UNABLE TO DETERMINE","UNABLE TO DETERMINE","4000","S","LAKE SHORE DR NB","214",,,,,,,"2","NO INDICATION OF INJURY","0","0","0","0","0","2","0","6","3","12","41.822843766","-87.599518053","POINT (-87.599518052673 41.822843766029)"
"140d82d83be717baec71da1bf111b658915e47ad427086b8422db03980efb37e9cccf948379d5c5a41bc0b5ae338679a130766a52d047f8b2d7a40984ff04012","JE491251","Y","2021-12-28T06:30:00.000","20","NO CONTROLS","NO CONTROLS","UNKNOWN","UNKNOWN","PARKED MOTOR VEHICLE","NOT DIVIDED",,"STRAIGHT AND LEVEL","UNKNOWN","UNKNOWN","ON SCENE","NO INJURY / DRIVE AWAY",,,"Y","OVER $1,500","2021-12-28T17:25:00.000","UNABLE TO DETERMINE","UNABLE TO DETERMINE","3543","W","LELAND AVE","1723",,,,,,,"2","NO INDICATION OF INJURY","0","0","0","0","0","1","0","6","3","12","41.966431568","-87.717507377","POINT (-87.717507376922 41.966431568096)"
"89aca9ffdc96eb58fdcd6cc1bc8c465ffa2cef1cfada362a3d9388dd94b902d7f7a44a1730b5c63fa7f2ec8dc84791ba9756ad3be5b1f5adb3e2d24e452c0b7c","JE490727",,"2021-12-28T06:20:00.000","15","NO CONTROLS","NO CONTROLS","CLEAR","DAYLIGHT","FIXED OBJECT","OTHER",,"STRAIGHT AND LEVEL","DRY","NO DEFECTS","ON SCENE","NO INJURY / DRIVE AWAY",,"Y",,"OVER $1,500","2021-12-28T06:58:00.000","NOT APPLICABLE","NOT APPLICABLE","8500","W","BRYN MAWR AVE","1614",,,,,,,"1","NO INDICATION OF INJURY","0","0","0","0","0","1","0","6","3","12","41.981180725","-87.839167558","POINT (-87.839167557705 41.981180724878)"
"6109c4c2e7871c0065905a3c02cf318b38c03c90ce7a0a42fbe2e44e14ad06d7888383af93df462cf1989d35b96da9987e1c424a2cc02a3aa95ece773baa4ad1","JE490715",,"2021-12-28T06:10:00.000","40","NO CONTROLS","NO CONTROLS","RAIN","DAWN","FIXED OBJECT","DIVIDED - W/MEDIAN BARRIER",,"STRAIGHT AND LEVEL","WET","NO DEFECTS","ON SCENE","NO INJURY / DRIVE AWAY",,,,"OVER $1,500","2021-12-28T06:20:00.000","PHYSICAL CONDITION OF DRIVER","NOT APPLICABLE","5000","S","LAKE SHORE DR SB","222",,,,,,,"1","NO INDICATION OF INJURY","0","0","0","0","0","1","0","6","3","12","41.804277875","-87.582595439","POINT (-87.582595438713 41.804277875242)"
"8b7bed8b27c0204ee37f217496db531e790f12c18b0359e1156fc91bda7a0dd0ed71748457c8c26ec655edb7fe0c8851d02d3aaaf049d918c26136eefc152fd9","JE490721",,"2021-12-28T05:45:00.000","30","TRAFFIC SIGNAL","FUNCTIONING PROPERLY","CLEAR","DARKNESS, LIGHTED ROAD","TURNING","DIVIDED - W/MEDIAN (NOT RAISED)",,"STRAIGHT AND LEVEL","DRY","NO DEFECTS","ON SCENE","NO INJURY / DRIVE AWAY","Y",,,"$501 - $1,500","2021-12-28T06:46:00.000","UNABLE TO DETERMINE","UNABLE TO DETERMINE","4200","S","CICERO AVE","814",,,,,,,"2","NO INDICATION OF INJURY","0","0","0","0","0","2","0","5","3","12","41.816729387","-87.743536712","POINT (-87.743536712476 41.816729386747)"
"1ab3849f98d85cb38decf129eab1cdcef12e6ff16ec345fabacebfc7c2cb5a4cb025c3927f76178889d94cdd8d3b9e22a960b22ba56945d50adcdc2769cedb14","JE490707",,"2021-12-28T05:25:00.000","45","NO CONTROLS","NO CONTROLS","CLEAR","DARKNESS, LIGHTED ROAD","FIXED OBJECT","ONE-WAY",,"CURVE, LEVEL","DRY","NO DEFECTS","ON SCENE","INJURY AND / OR TOW DUE TO CRASH",,,,"OVER $1,500","2021-12-28T05:38:00.000","EQUIPMENT - VEHICLE CONDITION","NOT APPLICABLE","5020","S","LAKE SHORE DR SB","222",,,,,,,"1","NO INDICATION OF INJURY","0","0","0","0","0","1","0","5","3","12","41.803747258","-87.582208968","POINT (-87.582208967616 41.80374725782)"
"69c9da975ea3ac1d75d8e79f1313c3fe35b028639fc6b3c0501bfaa67d053f646d07f2b30dfbb22c2113366fa71ac53180c9f9d5437a0a15d6fef600483f6ab7","JE490702","Y","2021-12-28T05:15:00.000","30","NO CONTROLS","NO CONTROLS","CLEAR","DARKNESS, LIGHTED ROAD","PARKED MOTOR VEHICLE","DIVIDED - W/MEDIAN (NOT RAISED)",,"STRAIGHT AND LEVEL","DRY","NO DEFECTS","NOT ON SCENE (DESK REPORT)","NO INJURY / DRIVE AWAY",,,"Y","OVER $1,500","2021-12-28T05:30:00.000","UNABLE TO DETERMINE","NOT APPLICABLE","6236","S","LOOMIS BLVD","713",,,,,,,"2","NO INDICATION OF INJURY","0","0","0","0","0","1","0","5","3","12","41.780186243","-87.659523976","POINT (-87.659523976059 41.780186242746)"
"66d9f65e99362f919e19acd9e7d801d7ce5f158a0cb9825226613d9423d2656e0f1ad10612ea0dc3b6e95c3d4ef0ea7db53fde86e65d83d20d573d5b62ffc721","JE491961",,"2021-12-28T04:25:00.000","30","NO CONTROLS","NO CONTROLS","CLEAR","DARKNESS, LIGHTED ROAD","PARKED MOTOR VEHICLE","NOT DIVIDED",,"STRAIGHT AND LEVEL","UNKNOWN","NO DEFECTS","NOT ON SCENE (DESK REPORT)","NO INJURY / DRIVE AWAY",,,"Y","$501 - $1,500","2021-12-29T14:00:00.000","UNABLE TO DETERMINE","UNABLE TO DETERMINE","2500","S","SACRAMENTO AVE","1033",,,,,,,"2","NO INDICATION OF INJURY","0","0","0","0","0","1","0","4","3","12","41.846348754","-87.700341858","POINT (-87.700341857592 41.846348753581)"
"4a44fe9f9b3d724b1d25f555d8e701461dfdcb3b7cad20309dee0c2f34f65a09a463bbfe361b54e8ca3e522f6d52ffa2d74f2dd93788ab6ab56347ac71e35080","JF102072",,"2021-12-28T04:19:00.000","30","NO CONTROLS","NO CONTROLS","UNKNOWN","DARKNESS, LIGHTED ROAD","FIXED OBJECT","ALLEY",,"STRAIGHT AND LEVEL","UNKNOWN","UNKNOWN","NOT ON SCENE (DESK REPORT)","NO INJURY / DRIVE AWAY",,"Y","Y","OVER $1,500","2022-01-03T12:00:00.000","UNABLE TO DETERMINE","UNABLE TO DETERMINE","6029","N","FAIRFIELD AVE","2413",,,,,,,"1","NO INDICATION OF INJURY","0","0","0","0","0","1","0","4","3","12","41.991300111","-87.698063114","POINT (-87.698063113683 41.99130011092)"
"1bc364e04107471d8625d837705b7acaf2a1003efd2b28b363862a61c0cdb69e31dfcc216783127132dd42a94e2ac7161147e4621927c959139a01eb67b35da0","JE490691",,"2021-12-28T04:10:00.000","15","OTHER","FUNCTIONING PROPERLY","CLEAR","DARKNESS, LIGHTED ROAD","FIXED OBJECT","ONE-WAY",,"STRAIGHT AND LEVEL","DRY","NO DEFECTS","ON SCENE","NO INJURY / DRIVE AWAY",,,,"$501 - $1,500","2021-12-28T04:22:00.000","DISREGARDING OTHER TRAFFIC SIGNS","NOT APPLICABLE","524","W","OHARE ST","1654",,"Y",,,,,"1","NO INDICATION OF INJURY","0","0","0","0","0","1","0","4","3","12",,,
"8ae2e2a2bbe772dc66c562a1cd9cd5b260d7c1d559d33eaaf797b2d22bf86ea5ebde9b34468da7d036b149cad0d8b92eb5be118084c64dc1b8b9317a3053c1a0","JE490684",,"2021-12-28T03:54:00.000","20","NO CONTROLS","NO CONTROLS","CLEAR","DARKNESS, LIGHTED ROAD","PARKED MOTOR VEHICLE","DIVIDED - W/MEDIAN (NOT RAISED)",,"STRAIGHT AND LEVEL","DRY","NO DEFECTS","ON SCENE","NO INJURY / DRIVE AWAY",,,"Y","$501 - $1,500","2021-12-28T03:56:00.000","UNABLE TO DETERMINE","UNABLE TO DETERMINE","344","W","43RD ST","925",,,,,,,"4","NO INDICATION OF INJURY","0","0","0","0","0","3","0","3","3","12","41.81646592","-87.635358694","POINT (-87.635358693653 41.81646591952)"
"b42ceb2bd2fc102af658bd21586e3ddf91bec5d4dc9551ed9167e64ac3edaf83acc74b01baad468bd0f13859f3808f721e8aeb2b5cd3def182e5373272416331","JE491038",,"2021-12-28T03:00:00.000","30","NO CONTROLS","NO CONTROLS","CLEAR","DARKNESS","TURNING","DIVIDED - W/MEDIAN BARRIER",,"STRAIGHT AND LEVEL","DRY","NO DEFECTS","ON SCENE","INJURY AND / OR TOW DUE TO CRASH",,,,"OVER $1,500","2021-12-28T13:30:00.000","UNABLE TO DETERMINE","UNABLE TO DETERMINE","863","W","88TH ST","2223",,,,,,,"2","NO INDICATION OF INJURY","0","0","0","0","0","3","0","3","3","12","41.734199309","-87.645819718","POINT (-87.645819718077 41.734199309265)"
"489a3e23a71aab9a2d52c98d667ddface8126efd9a7cd25a8ab7216ee1599e97a86e199d723bf46e980854c79ada6b810ca6cf4d89cae5ad1b9f43b1e69afa81","JE490797","Y","2021-12-28T03:00:00.000","30","NO CONTROLS","NO CONTROLS","CLEAR","DARKNESS","PARKED MOTOR VEHICLE","NOT DIVIDED",,"STRAIGHT AND LEVEL","DRY","NO DEFECTS","ON SCENE","NO INJURY / DRIVE AWAY",,,"Y","OVER $1,500","2021-12-28T09:24:00.000","OPERATING VEHICLE IN ERRATIC, RECKLESS, CARELESS, NEGLIGENT OR AGGRESSIVE MANNER","UNABLE TO DETERMINE","310","W","43RD ST","925",,,,,,,"2","NO INDICATION OF INJURY","0","0","0","0","0","1","0","3","3","12","41.816484999","-87.634056075","POINT (-87.634056074787 41.816484998808)"
"fe6b1e89e340f36d70ae5601d9ab952a4a8d011808f16d7bf3fbd8bf00b4f83076fdb358a1b93ec37ca2c4b2cb5238766f7e2be990d171161948df32c2223017","JE491189",,"2021-12-28T02:30:00.000","30","STOP SIGN/FLASHER","FUNCTIONING PROPERLY","CLEAR","DARKNESS, LIGHTED ROAD","TURNING","OTHER",,"STRAIGHT AND LEVEL","DRY","NO DEFECTS","NOT ON SCENE (DESK REPORT)","INJURY AND / OR TOW DUE TO CRASH",,,"Y","OVER $1,500","2021-12-28T16:10:00.000","OPERATING VEHICLE IN ERRATIC, RECKLESS, CARELESS, NEGLIGENT OR AGGRESSIVE MANNER","FAILING TO REDUCE SPEED TO AVOID CRASH","7001","S","YALE AVE","731",,,,,,,"2","NO INDICATION OF INJURY","0","0","0","0","0","2","0","2","3","12","41.76714573","-87.63089972","POINT (-87.630899719706 41.767145730239)"
"e770a0d2225a9a7821153997dc19878e73c824012e696f73ff81715641cc51b9311ab0cc9da672ac9e5dcd44c6c6c94b3321b6f7e6d014b55a179f4586aabf00","JE490450",,"2021-12-28T02:15:00.000","30","TRAFFIC SIGNAL","FUNCTIONING PROPERLY","CLEAR","DARKNESS, LIGHTED ROAD","FIXED OBJECT","ONE-WAY",,"STRAIGHT AND LEVEL","DRY","UNKNOWN","ON SCENE","INJURY AND / OR TOW DUE TO CRASH","Y",,"N","OVER $1,500","2021-12-28T02:16:00.000","FAILING TO REDUCE SPEED TO AVOID CRASH","IMPROPER TURNING/NO SIGNAL","8057","S","STATE ST","623",,,,,,,"1","NO INDICATION OF INJURY","0","0","0","0","0","2","0","2","3","12","41.747450853","-87.624287308","POINT (-87.624287307616 41.747450852611)"
"17c5f1f84a2e3b570e62b1a27c5fbcfb29963bc2669c46b035aa5d2d8dc9c403f7a37ee97329bee91393e9daa4325480fe7adcebc2bf0fba3e61f950c1f7e21b","JE492675","Y","2021-12-28T02:00:00.000","25","NO CONTROLS","NO CONTROLS","CLEAR","DARKNESS, LIGHTED ROAD","PARKED MOTOR VEHICLE","NOT DIVIDED",,"STRAIGHT AND LEVEL","UNKNOWN","NO DEFECTS","NOT ON SCENE (DESK REPORT)","NO INJURY / DRIVE AWAY",,,"Y","$501 - $1,500","2021-12-30T09:15:00.000","DRIVING SKILLS/KNOWLEDGE/EXPERIENCE","UNABLE TO DETERMINE","13329","S","AVENUE N","433",,,,,,,"2","NO INDICATION OF INJURY","0","0","0","0","0","1","0","2","3","12","41.652782116","-87.538522511","POINT (-87.538522510804 41.652782116316)"
"fd3823895b76a0aa9f65f4b109a07a81319b14ba64ea90ac032ed4ba61937c5fe5a0cb0c92bfc0770d1ef960eedc36afc4bb6f6877e2dedd3c61ffac56f0a9db","JE491087",,"2021-12-28T01:30:00.000","20","NO CONTROLS","NO CONTROLS","CLEAR","DARKNESS, LIGHTED ROAD","PARKED MOTOR VEHICLE","ONE-WAY",,"STRAIGHT AND LEVEL","UNKNOWN","NO DEFECTS","NOT ON SCENE (DESK REPORT)","NO INJURY / DRIVE AWAY",,,"Y","$501 - $1,500","2021-12-28T14:59:00.000","IMPROPER BACKING","NOT APPLICABLE","2255","N","LEAMINGTON AVE","2522",,,,,,,"2","NO INDICATION OF INJURY","0","0","0","0","0","1","0","1","3","12","41.922093654","-87.754710451","POINT (-87.754710451294 41.922093653923)"
"81bc4aa97a72f971b589436a4979ac6a5f8e99d619b3d6c4dff0144a4d9da1c3f008a1d72f30f5355dbd961a444a546ac1ffa297f963ff7e457bf87671f33b05","JE490648",,"2021-12-28T01:05:00.000","30","STOP SIGN/FLASHER","FUNCTIONING PROPERLY","CLEAR","DARKNESS, LIGHTED ROAD","PEDESTRIAN","FIVE POINT, OR MORE",,"STRAIGHT AND LEVEL","DRY","NO DEFECTS","ON SCENE","INJURY AND / OR TOW DUE TO CRASH","Y",,"Y","$500 OR LESS","2021-12-28T01:06:00.000","FAILING TO REDUCE SPEED TO AVOID CRASH","UNABLE TO DETERMINE","4600","S","LAFLIN ST","924",,,,,,,"2","INCAPACITATING INJURY","1","0","1","0","0","1","0","1","3","12","41.810362018","-87.662732332","POINT (-87.66273233223 41.81036201778)"
"c4a8df424753bdb87d114f13ca79c6c689c720c0854129f1f3bd8846fb7eedae7a7a7c59de550c5d0905eeed45a36c79d3eaf6ba9ae7d911ca880b4b8fe34753","JE490644",,"2021-12-28T00:54:00.000","55","UNKNOWN","UNKNOWN","CLEAR","DARKNESS, LIGHTED ROAD","FIXED OBJECT","RAMP",,"CURVE, LEVEL","DRY","UNKNOWN","ON SCENE","INJURY AND / OR TOW DUE TO CRASH",,,,"$500 OR LESS","2021-12-28T01:06:00.000","UNABLE TO DETERMINE","UNABLE TO DETERMINE","2711","S","LAKE SHORE DR SB","133",,,,,,,"1","NO INDICATION OF INJURY","0","0","0","0","0","1","0","0","3","12","41.844273859","-87.610570126","POINT (-87.610570126491 41.844273859099)"
"b13c6b7bb24fde3a86810ec1925fe3d6f600e24b5eba964c0de963c84409c30272feb2fd5fb9f5b0547b0082ff2dd02dcf5029f663f8b146c1327f5453326d95","JE490637",,"2021-12-28T00:36:00.000","45","TRAFFIC SIGNAL","UNKNOWN","CLEAR","UNKNOWN","REAR END","DIVIDED - W/MEDIAN BARRIER",,"STRAIGHT AND LEVEL","DRY","UNKNOWN","ON SCENE","INJURY AND / OR TOW DUE TO CRASH",,,,"OVER $1,500","2021-12-28T00:36:00.000","UNABLE TO DETERMINE","UNABLE TO DETERMINE","5698","S","LAKE SHORE DR SB","331",,,,,,,"2","NO INDICATION OF INJURY","0","0","0","0","0","2","0","0","3","12","41.791533917","-87.580208735","POINT (-87.580208735455 41.791533916538)"
"9f157cdf24410e0e500624f823c26c13bd12f8e2b9b3ec83306aae89fba3a1c607f9b8bca79459fcf30721c7967ceb3acb0605685d5df4e6b55666288feb2f42","JE490617",,"2021-12-28T00:12:00.000","30","NO CONTROLS","FUNCTIONING PROPERLY","CLEAR","DARKNESS, LIGHTED ROAD","PARKED MOTOR VEHICLE","NOT DIVIDED",,"STRAIGHT AND LEVEL","DRY","NO DEFECTS","ON SCENE","INJURY AND / OR TOW DUE TO CRASH","Y",,,"$501 - $1,500","2021-12-28T00:13:00.000","DRIVING SKILLS/KNOWLEDGE/EXPERIENCE","NOT APPLICABLE","2700","W","59TH ST","824",,,,,,,"2","NO INDICATION OF INJURY","0","0","0","0","0","1","0","0","3","12","41.786555633","-87.691220233","POINT (-87.691220232664 41.786555633314)"
"08b2618359fedda66f82f6462b6c6c40505c5a760b74e4f170c4c319999502731bb2755134b49d745cd71341ca707a2c1a25b2e0c624f5278d0abf24837f77d6","JE490816","Y","2021-12-28T00:01:00.000","30","NO CONTROLS","NO CONTROLS","FREEZING RAIN/DRIZZLE","DAYLIGHT","PARKED MOTOR VEHICLE","ONE-WAY",,"STRAIGHT AND LEVEL","WET","NO DEFECTS","ON SCENE","INJURY AND / OR TOW DUE TO CRASH",,,"Y","OVER $1,500","2021-12-28T10:00:00.000","UNABLE TO DETERMINE","UNABLE TO DETERMINE","7840","S","ELLIS AVE","624",,,,,,,"2","NO INDICATION OF INJURY","0","0","0","0","0","1","0","0","3","12","41.751937026","-87.600499755","POINT (-87.600499755164 41.751937026138)"
"a1a8748b3427af6a1b7e765471ab2887fada04bde1fc80398328512b9ca49c85a346bd80c53d8cf0bda50fa41e0863665d51bc900ee322f828d0025bd5858aa4","JE490616",,"2021-12-28T00:01:00.000","30","TRAFFIC SIGNAL","FUNCTIONING PROPERLY","CLEAR","DARKNESS, LIGHTED ROAD","TURNING","FOUR WAY",,"STRAIGHT AND LEVEL","DRY","NO DEFECTS","ON SCENE","NO INJURY / DRIVE AWAY","Y",,"Y","OVER $1,500","2021-12-28T00:05:00.000","UNABLE TO DETERMINE","UNABLE TO DETERMINE","3600","N","LARAMIE AVE","1634",,,,,,,"2","NO INDICATION OF INJURY","0","0","0","0","0","2","0","0","3","12","41.946044103","-87.757069704","POINT (-87.757069703693 41.946044102655)"
"dd554f032d6a9971d5cbc3d1a191c8e76f7652dd185d661dea7fda3d96e0ac06d3ef62e9dae83745136a29e0ff10b868d3523a0bf24c1f4788209157be507450","JE490610",,"2021-12-27T23:55:00.000","30","NO CONTROLS","NO CONTROLS","CLEAR","DARKNESS, LIGHTED ROAD","PARKED MOTOR VEHICLE","DIVIDED - W/MEDIAN (NOT RAISED)",,"STRAIGHT AND LEVEL","DRY","NO DEFECTS","ON SCENE","INJURY AND / OR TOW DUE TO CRASH",,,"Y","OVER $1,500","2021-12-27T23:55:00.000","IMPROPER LANE USAGE","UNABLE TO DETERMINE","2337","S","MICHIGAN AVE","132",,,,,,,"2","NO INDICATION OF INJURY","0","0","0","0","0","1","0","23","2","12","41.850004696","-87.623586244","POINT (-87.623586243667 41.850004695528)"
"e97b54762be26cba1d53dffecaeb33050e2fb8b39ec551a88a0f3c290ee6c3b59643894c07913ac9401e0933653e53d3ce26b92306f60835f4f02a804f227089","JE490613",,"2021-12-27T23:51:00.000","30","TRAFFIC SIGNAL","FUNCTIONING PROPERLY","CLEAR","DARKNESS, LIGHTED ROAD","ANGLE","FOUR WAY",,"STRAIGHT AND LEVEL","DRY","NO DEFECTS","ON SCENE","INJURY AND / OR TOW DUE TO CRASH","Y",,,"OVER $1,500","2021-12-27T23:53:00.000","DISREGARDING TRAFFIC SIGNALS","UNABLE TO DETERMINE","199","N","DEARBORN ST","111",,,,,,,"2","NO INDICATION OF INJURY","0","0","0","0","0","3","0","23","2","12","41.885716516","-87.629349615","POINT (-87.629349614796 41.885716515717)"
"99e1a732d598a1935709c0af5ea61c1d2a7966a34c5e1e1bb9df63e8eea832b77557be5c79f553c7881a031cc4910d14a7edce78a3fa2f293d980ab8d82ecf6b","JE490625",,"2021-12-27T23:50:00.000","30","TRAFFIC SIGNAL","FUNCTIONING PROPERLY","CLEAR","DUSK","ANGLE","DIVIDED - W/MEDIAN (NOT RAISED)",,"STRAIGHT AND LEVEL","DRY","NO DEFECTS","NOT ON SCENE (DESK REPORT)","NO INJURY / DRIVE AWAY","Y",,,"OVER $1,500","2021-12-28T00:30:00.000","DISREGARDING TRAFFIC SIGNALS","FAILING TO YIELD RIGHT-OF-WAY","1000","N","ORLEANS ST","1823",,,,,,,"2","NO INDICATION OF INJURY","0","0","0","0","0","2","0","23","2","12","41.900540899","-87.637471181","POINT (-87.637471180668 41.900540898994)"
"0a7556596af37afc2ae697046cf4ea0536fa748aab9f543871ec74b7f57479ab449aa712bf277a7f5d6f8e17c359bd308fa0cffbd7029e7e7bfd8e246e70318f","JE490842",,"2021-12-27T23:25:00.000","30","TRAFFIC SIGNAL","FUNCTIONING PROPERLY","CLEAR","DARKNESS, LIGHTED ROAD","REAR END","DIVIDED - W/MEDIAN (NOT RAISED)",,"STRAIGHT AND LEVEL","DRY","NO DEFECTS","NOT ON SCENE (DESK REPORT)","NO INJURY / DRIVE AWAY",,,"Y","$500 OR LESS","2021-12-28T10:40:00.000","FAILING TO REDUCE SPEED TO AVOID CRASH","UNABLE TO DETERMINE","255","N","AUSTIN BLVD","1512",,,,,,,"3","NO INDICATION OF INJURY","0","0","0","0","0","3","0","23","2","12","41.885501424","-87.774683506","POINT (-87.774683505755 41.885501424153)"
"9b9b9c959a39dac561240b3c4b299acc193f7e2be95b8ab6123c7f8393300338d667e4b66fdef56ef3fe891209ada4f23126afb11de0a6b39d9fc06dacc499bf","JE490596",,"2021-12-27T23:25:00.000","30","TRAFFIC SIGNAL","FUNCTIONING PROPERLY","CLEAR","DARKNESS, LIGHTED ROAD","REAR END","NOT DIVIDED",,"STRAIGHT AND LEVEL","DRY","NO DEFECTS","ON SCENE","NO INJURY / DRIVE AWAY",,,"Y","OVER $1,500","2021-12-27T23:29:00.000","FAILING TO REDUCE SPEED TO AVOID CRASH","FAILING TO REDUCE SPEED TO AVOID CRASH","429","N","AUSTIN BLVD","1512",,,,,,,"2","NO INDICATION OF INJURY","0","0","0","0","0","2","0","23","2","12","41.887938255","-87.774761085","POINT (-87.774761085076 41.887938254955)"
"ed98c5153333712eb3fd4d43c2ee71e413b5b13374443ac14f4de196f0ab30fc530cacc6e665794e97b948be261e13e8727e66f90c3b84d71af14fd531c1fdd2","JE491205","Y","2021-12-27T23:00:00.000","30","UNKNOWN","UNKNOWN","UNKNOWN","UNKNOWN","SIDESWIPE SAME DIRECTION","UNKNOWN",,"STRAIGHT AND LEVEL","UNKNOWN","UNKNOWN","NOT ON SCENE (DESK REPORT)","NO INJURY / DRIVE AWAY",,,,"OVER $1,500","2021-12-28T17:00:00.000","UNABLE TO DETERMINE","UNABLE TO DETERMINE","6701","S","THROOP ST","724",,,,,,,"2","NO INDICATION OF INJURY","0","0","0","0","0","2","0","23","2","12","41.772208113","-87.65658958","POINT (-87.656589579979 41.772208113377)"
"882e7b3dce57f621648c485dee00eaa651d62878ebc05e2d81f7bf8571feef31d5bac9e8e7e461defe99278897d4975c0b070985f98622983b75a8badd127554","JE490594",,"2021-12-27T22:40:00.000","30","TRAFFIC SIGNAL","FUNCTIONING PROPERLY","CLEAR","DARKNESS, LIGHTED ROAD","REAR END","NOT DIVIDED",,"STRAIGHT AND LEVEL","DRY","UNKNOWN","NOT ON SCENE (DESK REPORT)","NO INJURY / DRIVE AWAY",,,"Y","OVER $1,500","2021-12-27T23:40:00.000","FAILING TO REDUCE SPEED TO AVOID CRASH","FAILING TO REDUCE SPEED TO AVOID CRASH","2602","N","CALIFORNIA AVE","1411",,,,,,,"2","NO INDICATION OF INJURY","0","0","0","0","0","4","0","22","2","12","41.928841277","-87.6976738","POINT (-87.697673799627 41.928841277166)"
"29f8d27ab2d56a0ab904ae9282a384312b59644e687c2cd28d9a7b85af1b5c11b45c784216e9218b2ac7c1d34e40ce73f9009c5ee9bfd739d1be1ac3d651d416","JE490748","Y","2021-12-27T22:24:00.000","30","NO CONTROLS","NO CONTROLS","CLEAR","DAWN","PARKED MOTOR VEHICLE","ONE-WAY",,"STRAIGHT AND LEVEL","DRY","NO DEFECTS",,"INJURY AND / OR TOW DUE TO CRASH",,,"Y","OVER $1,500","2021-12-28T07:18:00.000","UNABLE TO DETERMINE","UNABLE TO DETERMINE","8820","S","JUSTINE ST","2221",,,,,,,"3","NO INDICATION OF INJURY","0","0","0","0","0","1","0","22","2","12","41.733340497","-87.661924024","POINT (-87.661924024187 41.733340496869)"
"52cffb57294631302dc0572c96162c94774fd58718d8a992430f49be76d3c71f218f630738d3487139d5b47db98f2d9c4f915664ccd410bcdba9824ca9cd1d20","JE491979",,"2021-12-27T22:00:00.000","20","NO CONTROLS","NO CONTROLS","CLEAR","DAYLIGHT","PARKED MOTOR VEHICLE","ONE-WAY",,"STRAIGHT ON GRADE","DRY","NO DEFECTS","NOT ON SCENE (DESK REPORT)","NO INJURY / DRIVE AWAY",,,"Y","$500 OR LESS","2021-12-27T22:00:00.000","UNABLE TO DETERMINE","ANIMAL","5707","S","FRANCISCO AVE","824",,,,,,,"2","NO INDICATION OF INJURY","0","0","0","0","0","1","0","22","2","12","41.789749397","-87.695982677","POINT (-87.695982676916 41.789749397166)"
"f7d5383bacb6bf84822038951b7a7da8adec53a59b717cb77e589bc1109bd9892133a36544cda90fb585ada753f814c358b96d3767dc6c5122eadcfea513c59c","JE491325",,"2021-12-27T22:00:00.000","20","NO CONTROLS","NO CONTROLS","CLEAR","DUSK","PARKED MOTOR VEHICLE","PARKING LOT",,"STRAIGHT AND LEVEL","DRY","UNKNOWN","NOT ON SCENE (DESK REPORT)","NO INJURY / DRIVE AWAY",,"Y",,"$501 - $1,500","2021-12-28T18:30:00.000","UNABLE TO DETERMINE","UNABLE TO DETERMINE","723","N","CENTRAL AVE","1524",,,,,,,"2","NO INDICATION OF INJURY","0","0","0","0","0","1","0","22","2","12","41.893661756","-87.765202603","POINT (-87.765202602619 41.893661756073)"
"33874f6db7e76ae652d40a8b09697801aea40957d9582e881e5cde7bfc02564793e7df1f1a809d08291cce69a2cab20722cab14d096f6b6912bc1e65397fba80","JE490572",,"2021-12-27T21:50:00.000","35","TRAFFIC SIGNAL","UNKNOWN","CLEAR","DARKNESS, LIGHTED ROAD","TURNING","NOT DIVIDED",,"STRAIGHT AND LEVEL","DRY","UNKNOWN","NOT ON SCENE (DESK REPORT)","NO INJURY / DRIVE AWAY","Y",,,"$500 OR LESS","2021-12-27T22:00:00.000","UNABLE TO DETERMINE","UNABLE TO DETERMINE","6900","S","SOUTH CHICAGO AVE","322",,,,,,,"2","NO INDICATION OF INJURY","0","0","0","0","0","2","0","21","2","12","41.769258781","-87.610522855","POINT (-87.610522855327 41.769258781089)"
"d2d97e5a17fd6d29d82ad78886ae63ccc34a4ef75a73f9fafdb0345d97d111316f2d200d7da5f36a83ee160c1ea979a382106b0f3315c619bafd60d2f507117f","JE490569",,"2021-12-27T21:45:00.000","30","STOP SIGN/FLASHER","NO CONTROLS","CLEAR","DARKNESS","REAR END","NOT DIVIDED",,"STRAIGHT AND LEVEL","DRY","NO DEFECTS","NOT ON SCENE (DESK REPORT)","NO INJURY / DRIVE AWAY",,,"Y","OVER $1,500","2021-12-27T22:00:00.000","UNABLE TO DETERMINE","UNABLE TO DETERMINE","10700","S","MORGAN ST","2234",,,,,,,"2","NO INDICATION OF INJURY","0","0","0","0","0","2","0","21","2","12","41.699543602","-87.647626107","POINT (-87.647626106943 41.69954360247)"