"crash_record_id","rd_no","crash_date_est_i","crash_date","posted_speed_limit","traffic_control_device","device_condition","weather_condition","lighting_condition","first_crash_type","trafficway_type","lane_cnt","alignment","roadway_surface_cond","road_defect","report_type","crash_type","intersection_related_i","private_property_i","hit_and_run_i","damage","date_police_notified","prim_contributory_cause","sec_contributory_cause","street_no","street_direction","street_name","beat_of_occurrence","photos_taken_i","statements_taken_i","dooring_i","work_zone_i","work_zone_type","workers_present_i","num_units","most_severe_injury","injuries_total","injuries_fatal","injuries_incapacitating","injuries_non_incapacitating","injuries_reported_not_evident","injuries_no_indication","injuries_unknown","crash_hour","crash_day_of_week","crash_month","latitude","longitude","location"
"76937cfe2b677fc6e5fa02e42eb4d951ef27fc0a1041a1d3e881ab7f7b27460a43af3f49fc0b5615e3ec65e2649cf2c5f790e4abd47cd69a535023c04093c282","JE490568",,"2021-12-27T21:38:00.000","35","TRAFFIC SIGNAL","FUNCTIONING PROPERLY","CLEAR","DARKNESS, LIGHTED ROAD","ANGLE","NOT DIVIDED",,"STRAIGHT AND LEVEL","DRY","NO DEFECTS","ON SCENE","NO INJURY / DRIVE AWAY","Y",,,"OVER $1,500","2021-12-27T21:43:00.000","UNABLE TO DETERMINE","UNABLE TO DETERMINE","11100","S","PULASKI RD","2211",,,,,,,"2","NO INDICATION OF INJURY","0","0","0","0","0","4","0","21","2","12","41.691095111","-87.720455524","POINT (-87.720455523992 41.691095110917)"
"0f6db0a84803a1dfda8b181a0f6c0d2a8a7dcb478f6750b20e4d067ee5146bcf558adbea5df4099cf23d070b1517d547388d42e647095713964fe542b991353c","JE490586",,"2021-12-27T21:35:00.000","35","NO CONTROLS","NO CONTROLS","CLEAR","DARKNESS, LIGHTED ROAD","REAR END","DIVIDED - W/MEDIAN BARRIER",,"STRAIGHT ON GRADE","DRY","NO DEFECTS","NOT ON SCENE (DESK REPORT)","NO INJURY / DRIVE AWAY",,,"Y","OVER $1,500","2021-12-27T22:00:00.000","FOLLOWING TOO CLOSELY","FAILING TO REDUCE SPEED TO AVOID CRASH","6801","S","CICERO AVE","833",,,,"Y","CONSTRUCTION",,"2","NO INDICATION OF INJURY","0","0","0","0","0","2","0","21","2","12","41.769320663","-87.741863569","POINT (-87.741863568745 41.769320663386)"
"500eb579525cf1711b62d47609b1004e2ec64377aafd5902fcd3795d0d94978e6cbb5a4c0af435a54f45c8bf36a69957a73b9a9a426017f57ca115b3ea4d0855","JE490570",,"2021-12-27T21:30:00.000","30","NO CONTROLS","NO CONTROLS","CLEAR","DARKNESS","TURNING","DIVIDED - W/MEDIAN (NOT RAISED)",,"STRAIGHT AND LEVEL","DRY","NO DEFECTS","NOT ON SCENE (DESK REPORT)","NO INJURY / DRIVE AWAY",,,"Y","OVER $1,500","2021-12-27T22:15:00.000","IMPROPER TURNING/NO SIGNAL","NOT APPLICABLE","1931","W","OGDEN AVE","1231",,,,,,,"2","NO INDICATION OF INJURY","0","0","0","0","0","2","0","21","2","12","41.874027794","-87.67470847","POINT (-87.674708470215 41.874027793666)"
"37a1b54f321abdab574b793bc2d9f9e13d35bec1dd6fba574a2070232d4f467b65d1bb40eef58b2b17e5406181f5b6130bbd628791136543ad642fb8c92f1dd5","JE490747","Y","2021-12-27T21:00:00.000","30","NO CONTROLS","NO CONTROLS","UNKNOWN","UNKNOWN","PARKED MOTOR VEHICLE","DIVIDED - W/MEDIAN (NOT RAISED)",,"STRAIGHT AND LEVEL","UNKNOWN","NO DEFECTS","NOT ON SCENE (DESK REPORT)","NO INJURY / DRIVE AWAY",,,"Y","OVER $1,500","2021-12-28T08:50:00.000","UNABLE TO DETERMINE","NOT APPLICABLE","3115","W","MARQUETTE RD","831",,,,,,,"2","NO INDICATION OF INJURY","0","0","0","0","0","1","0","21","2","12","41.771592327","-87.70120286","POINT (-87.701202859647 41.771592326928)"
"02f6c6e928d4de01d9da36450da609e18bb2325444afd9af2fbf5b06a8d69b7b2db66196a7aad923e2a38a3212cda55683e8537e92b91654ac64a6f18d2f73b6","JE490553",,"2021-12-27T21:00:00.000","10","NO CONTROLS","NO CONTROLS","CLEAR","DARKNESS","FIXED OBJECT","PARKING LOT",,"STRAIGHT AND LEVEL","DRY","NO DEFECTS","NOT ON SCENE (DESK REPORT)","NO INJURY / DRIVE AWAY",,"Y",,"OVER $1,500","2021-12-27T21:02:00.000","ROAD ENGINEERING/SURFACE/MARKING DEFECTS","NOT APPLICABLE","724","E","83RD ST","631",,,,,,,"1","NO INDICATION OF INJURY","0","0","0","0","0","1","0","21","2","12","41.744056226","-87.60639095","POINT (-87.606390949555 41.744056226411)"
"ebb6c4ab17b6b7acaeedf42ecb1bcda3c8fb42c58eff9ef54f508fc98f7146a34d3d7ec49179b5eb92693c2b74727ce3e5ee0e7605e74e350a09493b9e05762b","JE490547",,"2021-12-27T20:50:00.000","30","TRAFFIC SIGNAL","FUNCTIONING PROPERLY","CLEAR","DARKNESS, LIGHTED ROAD","SIDESWIPE SAME DIRECTION","NOT DIVIDED",,"STRAIGHT AND LEVEL","DRY","UNKNOWN","ON SCENE","NO INJURY / DRIVE AWAY",,,,"OVER $1,500","2021-12-27T21:04:00.000","NOT APPLICABLE","NOT APPLICABLE","5575","N","LINCOLN AVE","2011",,,,,,,"2","NO INDICATION OF INJURY","0","0","0","0","0","5","0","20","2","12","41.98313808","-87.694889559","POINT (-87.694889558719 41.983138080154)"
"4f52281dd92dccd7ac1c9dd64c0fce4d59eb05cf2ec2b2311a0907d40b38d8dc34f4c0037a2d51726fbdf95c51e688e0126ba67d53bd7a981d1eb8d6e6843eeb","JE490532",,"2021-12-27T20:35:00.000","35","NO CONTROLS","NO CONTROLS","CLEAR","DARKNESS, LIGHTED ROAD","OVERTURNED","DIVIDED - W/MEDIAN BARRIER",,"STRAIGHT AND LEVEL","DRY","NO DEFECTS","ON SCENE","INJURY AND / OR TOW DUE TO CRASH",,,,"OVER $1,500","2021-12-27T20:37:00.000","EQUIPMENT - VEHICLE CONDITION","UNABLE TO DETERMINE","526","E","95TH ST","633",,,,,,,"1","NO INDICATION OF INJURY","0","0","0","0","0","2","0","20","2","12","41.72206264","-87.610579847","POINT (-87.610579847248 41.722062640224)"
"f4bcdd6a1c9dcfec965cb5ded4dc3bc59083bd812c88d640469e748bc5646f0a7602da0e00fd43bb7461b72e754102b52e1823635dcb5656cf40ff1473a57ecf","JE490578",,"2021-12-27T20:30:00.000","30","TRAFFIC SIGNAL","FUNCTIONING PROPERLY","CLEAR","DARKNESS, LIGHTED ROAD","TURNING","ONE-WAY",,"STRAIGHT AND LEVEL","DRY","NO DEFECTS","NOT ON SCENE (DESK REPORT)","NO INJURY / DRIVE AWAY",,,,"OVER $1,500","2021-12-27T22:00:00.000","UNABLE TO DETERMINE","NOT APPLICABLE","127","E","OHIO ST","1834",,,,,,,"2","NO INDICATION OF INJURY","0","0","0","0","0","2","0","20","2","12","41.892445015","-87.624238026","POINT (-87.624238026414 41.892445014605)"
"40ab2f373887029bf4b3f5db9c2b5cf62c277414e4d4a28acceada80209bfb8b4561e6797937725f72c6f83509975dfefd3da013d4990c6790b0e259a9179aae","JE490501",,"2021-12-27T20:05:00.000","30","NO CONTROLS","NO CONTROLS","CLEAR","DARKNESS, LIGHTED ROAD","REAR END","NOT DIVIDED",,"STRAIGHT AND LEVEL","DRY","NO DEFECTS","ON SCENE","INJURY AND / OR TOW DUE TO CRASH",,,"Y","OVER $1,500","2021-12-27T20:15:00.000","FOLLOWING TOO CLOSELY","FAILING TO YIELD RIGHT-OF-WAY","6301","N","CALDWELL AVE","1621",,,,,,,"2","NO INDICATION OF INJURY","0","0","0","0","0","3","0","20","2","12","41.995904286","-87.763432241","POINT (-87.763432241016 41.995904285864)"
"96e9dedd70bcdf9b8e0e09bc7885e2f939843ae1e99d63c19db0c25b4602984f0ecff5c8cb003f70d831b80e04f9517f9156035df533d4207e9d475e8e153bf5","JE491670",,"2021-12-27T20:00:00.000","25","TRAFFIC SIGNAL","FUNCTIONING PROPERLY","CLEAR","DARKNESS, LIGHTED ROAD","PARKED MOTOR VEHICLE","NOT DIVIDED",,"STRAIGHT AND LEVEL","DRY","NO DEFECTS","NOT ON SCENE (DESK REPORT)","NO INJURY / DRIVE AWAY",,,,"OVER $1,500","2021-12-29T09:00:00.000","NOT APPLICABLE","NOT APPLICABLE","6001","N","DAMEN AVE","2413",,,,,,,"2","NO INDICATION OF INJURY","0","0","0","0","0","1","0","20","2","12","41.990738351","-87.679682193","POINT (-87.679682193274 41.990738350523)"
"cd8d7b154ef917e41bca0ea6c71ad13ac7f11bb26f93196cde9fce4976bb6ed22d6f06d42f46a2d651205436eeae5e3f0197fdce0395011b9c96d5152e59b9d6","JE491063","Y","2021-12-27T20:00:00.000","30","NO CONTROLS","NO CONTROLS","OTHER","UNKNOWN","PARKED MOTOR VEHICLE","ONE-WAY",,"STRAIGHT AND LEVEL","UNKNOWN","NO DEFECTS","NOT ON SCENE (DESK REPORT)","NO INJURY / DRIVE AWAY",,,"Y","OVER $1,500","2021-12-28T14:15:00.000","UNABLE TO DETERMINE","UNABLE TO DETERMINE","843","N","PINE AVE","1524",,,,,,,"2","NO INDICATION OF INJURY","0","0","0","0","0","1","0","20","2","12","41.896204974","-87.763465457","POINT (-87.763465456905 41.896204974179)"
"4f47b1cea5ba6a4a1ac62899c66592bec6e6ad378f6840a79f55d9a44732654603692b0b1d3f7416da4a6e0393e725231f733d8ab2e73a448a5d3947864aa79d","JE491282",,"2021-12-27T19:55:00.000","30","NO CONTROLS","NO CONTROLS","CLEAR","DARKNESS","SIDESWIPE SAME DIRECTION","NOT DIVIDED",,"STRAIGHT AND LEVEL","UNKNOWN","UNKNOWN","NOT ON SCENE (DESK REPORT)","NO INJURY / DRIVE AWAY",,,,"$501 - $1,500","2021-12-28T04:30:00.000","UNABLE TO DETERMINE","NOT APPLICABLE","1849","W","NORTH AVE","1424",,,,,,,"2","NO INDICATION OF INJURY","0","0","0","0","0","2","0","19","2","12","41.910421398","-87.674532657","POINT (-87.674532656791 41.910421397552)"
"1048c5094203db5f78c4d4727d5045c2a99b438c22ec60ad2458e61166640c6ffbccb108ef0ebc51de3f564e1aa9883ec04886c875aa89065ae51abe77fa7035","JE490517",,"2021-12-27T19:47:00.000","25","NO CONTROLS","NO CONTROLS","CLOUDY/OVERCAST","DARKNESS, LIGHTED ROAD","PARKED MOTOR VEHICLE","ONE-WAY",,"STRAIGHT AND LEVEL","WET","UNKNOWN","ON SCENE","INJURY AND / OR TOW DUE TO CRASH",,,"Y","OVER $1,500","2021-12-27T19:48:00.000","UNABLE TO DETERMINE","UNABLE TO DETERMINE","857","W","77TH ST","621",,,,,,,"3","NO INDICATION OF INJURY","0","0","0","0","0","2","0","19","2","12","41.754136967","-87.64641413","POINT (-87.646414129528 41.754136966958)"
"7823a40ec9aeb06c39cf9ef1c0775caefb8ef63bef372304b35b340b9c4bd97fcc645ca2a29b7e2992bd6c15f08d0f37b090ee6f9d1788c4799efd0edc7ec0d7","JE490508",,"2021-12-27T19:40:00.000","30","NO CONTROLS","NO CONTROLS","CLEAR","DARKNESS, LIGHTED ROAD","SIDESWIPE SAME DIRECTION","NOT DIVIDED",,"STRAIGHT AND LEVEL","DRY","NO DEFECTS","NOT ON SCENE (DESK REPORT)","NO INJURY / DRIVE AWAY",,,,"OVER $1,500","2021-12-27T20:00:00.000","UNABLE TO DETERMINE","UNABLE TO DETERMINE","1849","W","NORTH AVE","1424",,,,,,,"2","NO INDICATION OF INJURY","0","0","0","0","0","2","0","19","2","12","41.910421398","-87.674532657","POINT (-87.674532656791 41.910421397552)"
"b3d415c3aa1836f5657294157a49b6b0a47165eee11421a85fe3a42969338b3070dcee98310e6e3216e4391098c2e693cf68447e9b4ea8082bcee1bcdd534590","JE490509",,"2021-12-27T19:31:00.000","20","NO CONTROLS","NO CONTROLS","CLEAR","DARKNESS, LIGHTED ROAD","PARKED MOTOR VEHICLE","DIVIDED - W/MEDIAN BARRIER",,"STRAIGHT AND LEVEL","DRY","UNKNOWN","ON SCENE","NO INJURY / DRIVE AWAY","N",,,"OVER $1,500","2021-12-27T19:35:00.000","FAILING TO YIELD RIGHT-OF-WAY","UNABLE TO DETERMINE","5118","S","LAKE PARK AVE","234",,"Y",,,,,"2","NO INDICATION OF INJURY","0","0","0","0","0","1","0","19","2","12","41.801829631","-87.587826048","POINT (-87.587826047696 41.801829631168)"
"62e99c067374e9dbfa87723b0fecc2c91fcfd13de710cdf30eebaa0e076bc378f421f75b3a40b728031fc78abe1e4f7b1456b011ee4d0209583786d5159b808f","JE490507",,"2021-12-27T19:28:00.000","30","STOP SIGN/FLASHER","NO CONTROLS","CLEAR","DAYLIGHT","ANGLE","NOT DIVIDED",,"STRAIGHT AND LEVEL","DRY","NO DEFECTS","ON SCENE","INJURY AND / OR TOW DUE TO CRASH","Y",,,"OVER $1,500","2021-12-27T19:50:00.000","FAILING TO YIELD RIGHT-OF-WAY","NOT APPLICABLE","6100","S","CALIFORNIA AVE","823",,,,,,,"3","NO INDICATION OF INJURY","0","0","0","0","0","3","0","19","2","12","41.782665683","-87.693639922","POINT (-87.693639921854 41.782665683171)"
"3432775e2faf74bc2b7a44e32fb86fa7c9ad60c315d3c17ae06126e46b1f26a5a9f2420cf04dede94f1bc11b0d536089d3afe1d9e86b456162173a9359818c40","JE490495",,"2021-12-27T19:15:00.000","30","TRAFFIC SIGNAL","FUNCTIONING PROPERLY","CLEAR","DUSK","REAR TO FRONT","DIVIDED - W/MEDIAN (NOT RAISED)",,"STRAIGHT AND LEVEL","DRY","UNKNOWN","NOT ON SCENE (DESK REPORT)","NO INJURY / DRIVE AWAY","Y",,,"$501 - $1,500","2021-12-27T19:30:00.000","IMPROPER BACKING","IMPROPER BACKING","3","S","CICERO AVE","1113",,,,,,,"2","NO INDICATION OF INJURY","0","0","0","0","0","5","0","19","2","12","41.880382114","-87.745126303","POINT (-87.745126303421 41.880382113593)"
"5b3bb7ee3190e9508811dc06e08742db2b51af80e17e1e564d0bf836bbc167a105852c5d8a2629262597930fca4b90c61152bc4f3a600e319624714d0796ea63","JE490482",,"2021-12-27T19:11:00.000","35","TRAFFIC SIGNAL","FUNCTIONING PROPERLY","CLEAR","DUSK","TURNING","DIVIDED - W/MEDIAN (NOT RAISED)",,"STRAIGHT AND LEVEL","DRY","UNKNOWN","ON SCENE","NO INJURY / DRIVE AWAY","Y",,,"OVER $1,500","2021-12-27T19:11:00.000","FAILING TO REDUCE SPEED TO AVOID CRASH","FAILING TO YIELD RIGHT-OF-WAY","3400","S","CALIFORNIA AVE","911",,,,,,,"2","NO INDICATION OF INJURY","0","0","0","0","0","2","0","19","2","12","41.832127133","-87.695021464","POINT (-87.695021463612 41.832127132976)"
"3e37110ecbbdd8292c4ae36001f533a87d0908224dbb2179a99afbcd7bf6929ae1f00e115cdba7876ae97d3ba0c7ca738e3baedcc1922c6c0a43da8b63b895f6","JE490473",,"2021-12-27T18:26:00.000","30","UNKNOWN","UNKNOWN","UNKNOWN","DARKNESS, LIGHTED ROAD","SIDESWIPE SAME DIRECTION","UNKNOWN",,"STRAIGHT AND LEVEL","UNKNOWN","UNKNOWN","NOT ON SCENE (DESK REPORT)","NO INJURY / DRIVE AWAY",,,,"OVER $1,500","2021-12-27T19:00:00.000","IMPROPER TURNING/NO SIGNAL","IMPROPER TURNING/NO SIGNAL","4650","N","PULASKI RD","1722",,,,,,,"2","NO INDICATION OF INJURY","0","0","0","0","0","5","0","18","2","12","41.966053417","-87.728114561","POINT (-87.728114561023 41.966053417064)"
"90676619f636d79512a39e3c5ce34d26a37ef8d92524c8ad2f555eb3ddc00a3b624f52dc5061f1e49a75df6ec57f48aebadeecba4f55f863246218e12c0b5256","JE490448",,"2021-12-27T18:26:00.000","15","NO CONTROLS","NO CONTROLS","CLEAR","DARKNESS, LIGHTED ROAD","REAR TO FRONT","PARKING LOT",,"STRAIGHT AND LEVEL","DRY","NO DEFECTS","ON SCENE","NO INJURY / DRIVE AWAY",,,,"$501 - $1,500","2021-12-27T18:28:00.000","VISION OBSCURED (SIGNS, TREE LIMBS, BUILDINGS, ETC.)","UNABLE TO DETERMINE","524","W","OHARE ST","1654",,,,,,,"2","NO INDICATION OF INJURY","0","0","0","0","0","2","0","18","2","12",,,
"b22b8ab9b68cea3533c507fb80cd36228284b0c14431b3be217dbbe943b8961131f8cd0eaa2c89f6725bcc1f55aae9861565374dc044069fac652a0923c4fe40","JE490437",,"2021-12-27T18:25:00.000","30","NO CONTROLS","NO CONTROLS","CLEAR","DARKNESS, LIGHTED ROAD","REAR END","NOT DIVIDED",,"STRAIGHT AND LEVEL","DRY","NO DEFECTS","ON SCENE","NO INJURY / DRIVE AWAY",,,,"$501 - $1,500","2021-12-27T18:30:00.000","FOLLOWING TOO CLOSELY","NOT APPLICABLE","2725","N","NARRAGANSETT AVE","2512",,,,,,,"3","NO INDICATION OF INJURY","0","0","0","0","0","4","0","18","2","12","41.929945324","-87.785523931","POINT (-87.785523931455 41.92994532439)"
"10f3d042a7070b6d3217ba2042b452b24ebcc86b5c245c2e76688bd42129813c088e99e3fa90fa1fe81241e1c7eb49d88589f7e48133f729a53b5fea998b18ed","JE490451",,"2021-12-27T18:10:00.000","30","TRAFFIC SIGNAL","FUNCTIONING PROPERLY","CLEAR","DARKNESS, LIGHTED ROAD","TURNING","NOT DIVIDED",,"STRAIGHT AND LEVEL","DRY","UNKNOWN","ON SCENE","INJURY AND / OR TOW DUE TO CRASH","Y",,,"$501 - $1,500","2021-12-27T18:45:00.000","UNABLE TO DETERMINE","UNABLE TO DETERMINE","647","W","ROOSEVELT RD","124",,,,,,,"2","NO INDICATION OF INJURY","0","0","0","0","0","5","0","18","2","12","41.86708389","-87.644064643","POINT (-87.644064643024 41.867083890313)"
"b5bb4e20b7156c2c708848b41dd9a3ed72015c17b6770b22bc2e0891511ab206251304ffb34c008ea25f94ce38e8df6ba81156c8797d1afb6432385e9203b30c","JE490425",,"2021-12-27T17:59:00.000","30","TRAFFIC SIGNAL","FUNCTIONING PROPERLY","CLEAR","DARKNESS, LIGHTED ROAD","PEDESTRIAN","FOUR WAY",,"STRAIGHT AND LEVEL","DRY","NO DEFECTS","ON SCENE","INJURY AND / OR TOW DUE TO CRASH","Y",,"Y","$500 OR LESS","2021-12-27T18:03:00.000","FAILING TO REDUCE SPEED TO AVOID CRASH","UNABLE TO DETERMINE","4659","S","COTTAGE GROVE AVE","221",,"Y",,,,,"2","NONINCAPACITATING INJURY","1","0","0","1","0","1","0","17","2","12","41.809625729","-87.606420603","POINT (-87.606420603054 41.809625728876)"
"0cd1e85572b17a085854922f71a68c2429af15dcc2c7fd1884633e4b456d3159a68f215403d2d135a3a2e895db60f5bf95131e77436de46c535cf0776ef303d0","JE490418",,"2021-12-27T17:56:00.000","30","TRAFFIC SIGNAL","FUNCTIONING PROPERLY","RAIN","DARKNESS, LIGHTED ROAD","ANGLE","FOUR WAY",,"STRAIGHT AND LEVEL","WET","NO DEFECTS","ON SCENE","INJURY AND / OR TOW DUE TO CRASH","Y",,,"OVER $1,500","2021-12-27T17:56:00.000","UNABLE TO DETERMINE","UNABLE TO DETERMINE","3599","W","HARRISON ST","1133",,,,,,,"2","NO INDICATION OF INJURY","0","0","0","0","0","2","0","17","2","12","41.87346057","-87.715533813","POINT (-87.715533813223 41.873460569794)"
"210b2dd1c28903d0cd492262dd13ba99f6ec9b2fb7a6635447ff748e8379a4bb3392be8f3b7fad23b90e4b763f6573997d7ca516b4bf47512fab413f83441b77","JE490461",,"2021-12-27T17:51:00.000","30","STOP SIGN/FLASHER","FUNCTIONING PROPERLY","CLEAR","DARKNESS, LIGHTED ROAD","TURNING","DIVIDED - W/MEDIAN (NOT RAISED)",,"STRAIGHT AND LEVEL","DRY","NO DEFECTS","NOT ON SCENE (DESK REPORT)","NO INJURY / DRIVE AWAY",,,,"OVER $1,500","2021-12-27T18:00:00.000","DRIVING SKILLS/KNOWLEDGE/EXPERIENCE","UNABLE TO DETERMINE","3834","W","OGDEN AVE","1014",,,,,,,"2","NO INDICATION OF INJURY","0","0","0","0","0","3","0","17","2","12","41.852548654","-87.721149949","POINT (-87.721149949385 41.852548654295)"
"2653e464b1b0a4a0d784a33b32ff3c99625d0de1c790d1757e34368f98fb8fe78aed5d180a08756fd5755fd269eaacc9f1147e481f234546990d36277967717d","JE490485",,"2021-12-27T17:50:00.000","30","NO CONTROLS","NO CONTROLS","CLEAR","DAYLIGHT","REAR END","NOT DIVIDED",,"STRAIGHT AND LEVEL","DRY","NO DEFECTS","ON SCENE","NO INJURY / DRIVE AWAY","Y",,,"OVER $1,500","2021-12-27T18:25:00.000","UNABLE TO DETERMINE","NOT APPLICABLE","7601","S","SOUTH SHORE DR","421",,,,,,,"2","NO INDICATION OF INJURY","0","0","0","0","0","2","0","17","2","12","41.758849274","-87.555238961","POINT (-87.555238961355 41.758849273949)"
"a71f10eaf6ad561b58488ff20b3e4bcb46d829adce43c0596f204fcbff07f3ffed266ef5372758b57dd285b3a2b4391c395137dea246c07c1ba4151a93a55429","JE491141",,"2021-12-27T17:45:00.000","30","TRAFFIC SIGNAL","FUNCTIONING PROPERLY","CLEAR","DARKNESS","PEDESTRIAN","FOUR WAY",,"STRAIGHT AND LEVEL","UNKNOWN","UNKNOWN","NOT ON SCENE (DESK REPORT)","INJURY AND / OR TOW DUE TO CRASH","Y",,,"$501 - $1,500","2021-12-28T13:50:00.000","UNABLE TO DETERMINE","NOT APPLICABLE","4201","S","ASHLAND AVE","924",,,,,,,"2","REPORTED, NOT EVIDENT","1","0","0","0","1","1","0","17","2","12","41.817683733","-87.6650402","POINT (-87.665040200043 41.817683733038)"
"affb8d73ccfaf17088395360f374987be98077b8015893301db9bd15dd2d590e40418814f008ecf55f0029dc8838f146a1f6bb7cd9e1c8ed2952ef334bf1f5f9","JE490456",,"2021-12-27T17:30:00.000","10","NO CONTROLS","NO CONTROLS","CLEAR","DAYLIGHT","REAR END","PARKING LOT",,"STRAIGHT AND LEVEL","DRY","NO DEFECTS","NOT ON SCENE (DESK REPORT)","NO INJURY / DRIVE AWAY",,,,"OVER $1,500","2021-12-27T19:00:00.000","IMPROPER OVERTAKING/PASSING","DRIVING SKILLS/KNOWLEDGE/EXPERIENCE","701","N","SACRAMENTO BLVD","1221",,,,,,,"2","NO INDICATION OF INJURY","0","0","0","0","0","2","0","17","2","12","41.89379723","-87.702004213","POINT (-87.702004213035 41.893797229945)"
"0450aaf34faf4d3fd0cc8b23956963a85f08ee48dd7e997e62eef1ea50d3baefb5b858ec3322e49792c8e230864c134b493f6167f84914def96aa86feda93858","JE490408",,"2021-12-27T17:29:00.000","35","TRAFFIC SIGNAL","FUNCTIONING PROPERLY","CLEAR","DUSK","PEDESTRIAN","FOUR WAY",,"STRAIGHT AND LEVEL","DRY","NO DEFECTS","ON SCENE","INJURY AND / OR TOW DUE TO CRASH","Y",,,"$500 OR LESS","2021-12-27T17:33:00.000","DISREGARDING TRAFFIC SIGNALS","NOT APPLICABLE","5199","W","WRIGHTWOOD AVE","2521",,,,,,,"2","INCAPACITATING INJURY","1","0","1","0","0","1","0","17","2","12","41.927669849","-87.756156518","POINT (-87.756156517524 41.927669849098)"
"353e3bb9709d1ccebc608bceb444b7b10c4694a6a840da52153cf7c8f49a6ee0d6d7f742901baeb855d4800389cc531d330bf0fb60b73ea40d67dfdf54d4f1a6","JE490407",,"2021-12-27T17:23:00.000","30","NO CONTROLS","NO CONTROLS","CLEAR","DARKNESS, LIGHTED ROAD","PARKED MOTOR VEHICLE","NOT DIVIDED",,"STRAIGHT AND LEVEL","DRY","NO DEFECTS","ON SCENE","INJURY AND / OR TOW DUE TO CRASH",,,"Y","OVER $1,500","2021-12-27T18:24:00.000","IMPROPER LANE USAGE","NOT APPLICABLE","2321","W","65TH ST","832",,,,,,,"2","NO INDICATION OF INJURY","0","0","0","0","0","1","0","17","2","12","41.775490287","-87.681875153","POINT (-87.681875152602 41.775490286901)"
"f9f84f357fc49fcc8ec0a51020f42ca78fa8bf716970208e281e6c3d256316292fdf2f0a2d474809bee7267d394ac40779137a9d2fda9a10db425f0aaf65f2ab","JE490391",,"2021-12-27T17:20:00.000","35","TRAFFIC SIGNAL","FUNCTIONING PROPERLY","CLEAR","DARKNESS, LIGHTED ROAD","REAR END","FOUR WAY",,"STRAIGHT AND LEVEL","DRY","NO DEFECTS","ON SCENE","NO INJURY / DRIVE AWAY","Y",,"Y","$501 - $1,500","2021-12-27T17:23:00.000","FOLLOWING TOO CLOSELY","FAILING TO REDUCE SPEED TO AVOID CRASH","5463","S","WELLS ST","935",,,,,,,"2","NO INDICATION OF INJURY","0","0","0","0","0","4","0","17","2","12","41.794355892","-87.631633944","POINT (-87.631633944324 41.7943558921)"
"407c59232422fbe8ff2725ce8801fdd3379be02f3d308f9bea339dad0de92763c21c0c6bcebed1ff3de4f6d45bf092bec47a01e0e4f6eedce97925d74ea1430c","JF105065",,"2021-12-27T17:18:00.000","30","NO CONTROLS","NO CONTROLS","CLEAR","DARKNESS, LIGHTED ROAD","PARKED MOTOR VEHICLE","ONE-WAY",,"STRAIGHT AND LEVEL","DRY","NO DEFECTS",,"NO INJURY / DRIVE AWAY",,,,"$501 - $1,500","2022-01-06T15:30:00.000","IMPROPER BACKING","UNABLE TO DETERMINE","4750","N","LINCOLN AVE","1911",,,,,,,"3","NO INDICATION OF INJURY","0","0","0","0","0","3","0","17","2","12","41.967854587","-87.68823795","POINT (-87.688237949792 41.967854587446)"
"c62276dd887078278825901ef8bb8f0f2a853dd41fe9ca43201f121754b20c66f69821d8ccbb8d7d6691bdf8a6676e19fc3f1c8f6c2d3fad82eb9b76153782e6","JE490378",,"2021-12-27T17:17:00.000","40","NO CONTROLS","NO CONTROLS","CLEAR","DARKNESS, LIGHTED ROAD","REAR END","DIVIDED - W/MEDIAN BARRIER",,"STRAIGHT AND LEVEL","DRY","NO DEFECTS","ON SCENE","INJURY AND / OR TOW DUE TO CRASH",,,"Y","$501 - $1,500","2021-12-27T17:26:00.000","FOLLOWING TOO CLOSELY","FAILING TO REDUCE SPEED TO AVOID CRASH","499","N","LAKE SHORE DR NB","1834",,,,,,,"4","NONINCAPACITATING INJURY","1","0","0","1","0","4","0","17","2","12","41.891008904","-87.613743895","POINT (-87.613743894648 41.891008903932)"
"fa410ba63730efcd79b8af44d72a8f8339e5f417afb50385a20d497ac11eb02909d40f387517735396487321dfccba8c0c5118597f323f06754a364dabd485ff","JE491865",,"2021-12-27T17:10:00.000","30","TRAFFIC SIGNAL","FUNCTIONING PROPERLY","FOG/SMOKE/HAZE","DARKNESS, LIGHTED ROAD","TURNING","DIVIDED - W/MEDIAN (NOT RAISED)",,"STRAIGHT AND LEVEL","DRY","NO DEFECTS","NOT ON SCENE (DESK REPORT)","NO INJURY / DRIVE AWAY",,,,"OVER $1,500","2021-12-29T12:47:00.000","FAILING TO YIELD RIGHT-OF-WAY","FOLLOWING TOO CLOSELY","1719","W","PETERSON AVE","2012",,,,,,,"2","NO INDICATION OF INJURY","0","0","0","0","0","2","0","17","2","12","41.990682911","-87.672393299","POINT (-87.672393299423 41.990682911319)"