"crash_record_id","rd_no","crash_date_est_i","crash_date","posted_speed_limit","traffic_control_device","device_condition","weather_condition","lighting_condition","first_crash_type","trafficway_type","lane_cnt","alignment","roadway_surface_cond","road_defect","report_type","crash_type","intersection_related_i","private_property_i","hit_and_run_i","damage","date_police_notified","prim_contributory_cause","sec_contributory_cause","street_no","street_direction","street_name","beat_of_occurrence","photos_taken_i","statements_taken_i","dooring_i","work_zone_i","work_zone_type","workers_present_i","num_units","most_severe_injury","injuries_total","injuries_fatal","injuries_incapacitating","injuries_non_incapacitating","injuries_reported_not_evident","injuries_no_indication","injuries_unknown","crash_hour","crash_day_of_week","crash_month","latitude","longitude","location"
"70d2fa739ed9fd25a36dd76a4cf275fb3fab7ade84613815ffdf93a0c9438cd974a81cf9bec2d51bca61e59fd19f3f256eacfee9e63da789c88fa0f4137bb701","JE490180",,"2021-12-27T13:00:00.000","30","STOP SIGN/FLASHER","FUNCTIONING PROPERLY","CLEAR","DAYLIGHT","ANGLE","DIVIDED - W/MEDIAN (NOT RAISED)",,"STRAIGHT AND LEVEL","WET","UNKNOWN","NOT ON SCENE (DESK REPORT)","NO INJURY / DRIVE AWAY","Y",,"Y","$501 - $1,500","2021-12-27T13:30:00.000","UNABLE TO DETERMINE","UNABLE TO DETERMINE","5900","S","MOZART ST","824",,,,,,,"2","NO INDICATION OF INJURY","0","0","0","0","0","2","0","13","2","12","41.78629249","-87.694959437","POINT (-87.694959437179 41.786292489904)"
"12412b9722603075314c9ee306522ad1eae6795711d3dab8e678f56a13db5de6de71627fcbb42d8005d3e0b06cb6a455829f418d76d1f6b4e89f3f6bb7936d0f","JE490136",,"2021-12-27T13:00:00.000","30","NO CONTROLS","NO CONTROLS","CLEAR","DAYLIGHT","PARKED MOTOR VEHICLE","ONE-WAY",,"STRAIGHT AND LEVEL","DRY","NO DEFECTS","ON SCENE","INJURY AND / OR TOW DUE TO CRASH",,,"Y","OVER $1,500","2021-12-27T13:12:00.000","FAILING TO REDUCE SPEED TO AVOID CRASH","UNABLE TO DETERMINE","5811","S","MOZART ST","824",,,,,,,"2","NO INDICATION OF INJURY","0","0","0","0","0","1","0","13","2","12","41.787836708","-87.694708572","POINT (-87.694708572006 41.78783670847)"
"1d45e0413cbcdb6ab15d1ee988ceede8e65c96eaa92d10b17bccebfbeeae48e4b680e06ae3ae45c012d9a091ad82d4de855c73b271dae1989e9e4415aad06d12","JE490113",,"2021-12-27T12:55:00.000","30","NO CONTROLS","NO CONTROLS","CLEAR","DAYLIGHT","REAR END","NOT DIVIDED",,"STRAIGHT AND LEVEL","WET","NO DEFECTS","ON SCENE","NO INJURY / DRIVE AWAY",,,,"$501 - $1,500","2021-12-27T12:58:00.000","UNABLE TO DETERMINE","UNABLE TO DETERMINE","6409","W","DEVON AVE","1611",,,,,,,"2","NO INDICATION OF INJURY","0","0","0","0","0","2","0","12","2","12","41.997241899","-87.787854153","POINT (-87.787854153156 41.997241899113)"
"e9add9972193dda5c6083ff8a423b24c1e150984bbb9706fcd83f50a19476a31d8a21e37af73a7d54d46d37f593d4ea74ed692cadc9cbc2e3b6c1582ed61ccd8","JE490101",,"2021-12-27T12:54:00.000","35","STOP SIGN/FLASHER","FUNCTIONING PROPERLY","CLEAR","DAYLIGHT","ANGLE","DIVIDED - W/MEDIAN (NOT RAISED)",,"STRAIGHT AND LEVEL","WET","NO DEFECTS","NOT ON SCENE (DESK REPORT)","NO INJURY / DRIVE AWAY","Y",,,"OVER $1,500","2021-12-27T12:56:00.000","FAILING TO YIELD RIGHT-OF-WAY","NOT APPLICABLE","4698","W","JACKSON BLVD","1113",,,,,,,"2","NO INDICATION OF INJURY","0","0","0","0","0","3","0","12","2","12","41.876988065","-87.742590974","POINT (-87.742590973546 41.876988064602)"
"f1a020f7cfc2f318c47ca8921aef9196dccc7167711180e496daba63e75eec4ff8ecdc016f33cc16e755e325d4fdcd23c8a5b73f12a22a2c99b739eee3403a89","JE490783","Y","2021-12-27T12:50:00.000","40","TRAFFIC SIGNAL","FUNCTIONING PROPERLY","UNKNOWN","DAYLIGHT","TURNING","T-INTERSECTION",,"STRAIGHT AND LEVEL","UNKNOWN","UNKNOWN","NOT ON SCENE (DESK REPORT)","NO INJURY / DRIVE AWAY","Y",,,"$500 OR LESS","2021-12-28T09:30:00.000","UNABLE TO DETERMINE","NOT APPLICABLE","300","S","LAKE SHORE DR SB","114",,,,,,,"2","NO INDICATION OF INJURY","0","0","0","0","0","2","0","12","2","12","41.878310135","-87.617575903","POINT (-87.617575903416 41.878310134581)"
"51be0fa6fa4742f015a37205d60613ef553090276aa22a99ff51f18b5aa7086f4fb74b618b09ede21ebd665390993b490cacda3612bb16b82893cc57a83a43b1","JE490124",,"2021-12-27T12:50:00.000","30","NO CONTROLS","NO CONTROLS","CLEAR","DAYLIGHT","PARKED MOTOR VEHICLE","NOT DIVIDED",,"STRAIGHT AND LEVEL","DRY","NO DEFECTS","ON SCENE","NO INJURY / DRIVE AWAY",,,"Y","OVER $1,500","2021-12-27T13:11:00.000","UNABLE TO DETERMINE","NOT APPLICABLE","6145","S","LAFLIN ST","713",,,,,,,"2","NO INDICATION OF INJURY","0","0","0","0","0","1","0","12","2","12","41.781815266","-87.661687727","POINT (-87.661687726664 41.781815265855)"
"18f09c307373324db0881ec14de3db9ba8836fcf109dbaeb462363bb183a0b5d78e1479013aac2e64b732c34c6103aba061914b89b47797de041ef852e3014c5","JE490100",,"2021-12-27T12:48:00.000","40","NO CONTROLS","NO CONTROLS","CLEAR","DAYLIGHT","SIDESWIPE SAME DIRECTION","DIVIDED - W/MEDIAN BARRIER",,"CURVE, LEVEL","WET","NO DEFECTS","ON SCENE","NO INJURY / DRIVE AWAY",,,,"OVER $1,500","2021-12-27T12:48:00.000","EQUIPMENT - VEHICLE CONDITION","NOT APPLICABLE","999","N","LAKE SHORE DR SB","1833",,,,,,,"2","NO INDICATION OF INJURY","0","0","0","0","0","3","0","12","2","12","41.900947667","-87.619335176","POINT (-87.619335175935 41.900947667149)"
"377ee125d6ef8940a20810a977fcbc1fb093c9d9a1f202a0d5457bc1f7d2540682706530fc487097ee71bd07cf40e80242a01ffa0efead620ab54bdf0abae596","JE490212",,"2021-12-27T12:45:00.000","35","UNKNOWN","UNKNOWN","CLOUDY/OVERCAST","DAYLIGHT","ANGLE","NOT DIVIDED",,"STRAIGHT AND LEVEL","UNKNOWN","UNKNOWN","NOT ON SCENE (DESK REPORT)","NO INJURY / DRIVE AWAY",,,"Y","OVER $1,500","2021-12-27T14:45:00.000","NOT APPLICABLE","NOT APPLICABLE","3501","W","26TH ST","1032",,,,,,,"2","NO INDICATION OF INJURY","0","0","0","0","0","2","0","12","2","12","41.844301691","-87.71240564","POINT (-87.712405640224 41.844301691219)"
"6338dc6e9e7d739c144da1f456aa88db42f8499079abe7c31a78afa0fe9c1e3e2bcced20fb1b717ff00471727dab8ebd0335af1a1abd8a3b74c02e29458c7cd5","JE490083",,"2021-12-27T12:40:00.000","30","NO CONTROLS","NO CONTROLS","UNKNOWN","UNKNOWN","PARKED MOTOR VEHICLE","PARKING LOT",,"STRAIGHT AND LEVEL","UNKNOWN","UNKNOWN","NOT ON SCENE (DESK REPORT)","NO INJURY / DRIVE AWAY",,"Y","Y","OVER $1,500","2021-12-27T12:42:00.000","UNABLE TO DETERMINE","UNABLE TO DETERMINE","2001","N","MILWAUKEE AVE","1431",,,,,,,"2","NO INDICATION OF INJURY","0","0","0","0","0","1","0","12","2","12","41.917666944","-87.688534183","POINT (-87.68853418258 41.917666944263)"
"776c2ce72eaf26ddc153e040bc9e1ea4391b26a1ac22de95fede7ae997a3cc864ae0df144bba4092705a201761666d9b3dbf956675f557a5d9d8178ae0023b15","JE490236",,"2021-12-27T12:39:00.000","15","NO CONTROLS","NO CONTROLS","UNKNOWN","DAYLIGHT","REAR END","PARKING LOT",,"STRAIGHT AND LEVEL","UNKNOWN","UNKNOWN","NOT ON SCENE (DESK REPORT)","NO INJURY / DRIVE AWAY",,"Y",,"$501 - $1,500","2021-12-27T15:00:00.000","UNABLE TO DETERMINE","NOT APPLICABLE","7410","N","CLARK ST","2424",,,,,,,"2","NO INDICATION OF INJURY","0","0","0","0","0","4","0","12","2","12","42.016328492","-87.675398269","POINT (-87.675398268846 42.016328491503)"
"d8e4f18604a034bc2b931c61ecca26e6110ba2973c2bac78fcac8e0a2a9120c6ab8261d5e29b751b1e687617cb5ac30d8c14e51df6e48d21a54edbfd23f3f886","JE492079",,"2021-12-27T12:30:00.000","30","TRAFFIC SIGNAL","FUNCTIONING PROPERLY","RAIN","DAYLIGHT","HEAD ON","ONE-WAY",,"STRAIGHT AND LEVEL","WET","NO DEFECTS","NOT ON SCENE (DESK REPORT)","NO INJURY / DRIVE AWAY",,,"Y","OVER $1,500","2021-12-29T15:45:00.000","DRIVING ON WRONG SIDE/WRONG WAY","NOT APPLICABLE","1179","S","DESPLAINES ST","124",,,,,,,"2","NO INDICATION OF INJURY","0","0","0","0","0","2","0","12","2","12","41.86728867","-87.64351698","POINT (-87.643516980391 41.867288669753)"
"e4a65474f96c2af4e736e05270b3454cffad9032c4e611b90b60dbeacd3992e86a3ad7a0e4278e901eab9a0b0e8d55d0c4a9b6439f566654593def85c9b9480b","JE491139",,"2021-12-27T12:30:00.000","25","NO CONTROLS","NO CONTROLS","UNKNOWN","UNKNOWN","PARKED MOTOR VEHICLE","NOT DIVIDED",,"STRAIGHT AND LEVEL","UNKNOWN","UNKNOWN","NOT ON SCENE (DESK REPORT)","NO INJURY / DRIVE AWAY",,,"Y","$501 - $1,500","2021-12-28T15:40:00.000","UNABLE TO DETERMINE","NOT APPLICABLE","800","N","PULASKI RD","1111",,,,,,,"2","NO INDICATION OF INJURY","0","0","0","0","0","1","0","12","2","12","41.895456457","-87.726230541","POINT (-87.726230540513 41.895456456825)"
"3dabae004c64c628c9082c245325b3e924699e52d191ba4ffe5d52640be6668ab24d9d4a82b73dc614e45ae541e2ce6c321b509b55b5f18822655d9670690333","JE491029",,"2021-12-27T12:30:00.000","35","NO CONTROLS","NO CONTROLS","SNOW","DAYLIGHT","REAR END","NOT DIVIDED",,"STRAIGHT AND LEVEL","SNOW OR SLUSH","NO DEFECTS","NOT ON SCENE (DESK REPORT)","NO INJURY / DRIVE AWAY",,,,"OVER $1,500","2021-12-28T13:40:00.000","WEATHER","NOT APPLICABLE","1763","W","95TH ST","2213",,,,,,,"2","NO INDICATION OF INJURY","0","0","0","0","0","2","0","12","2","12","41.721040889","-87.667236552","POINT (-87.66723655206 41.721040888665)"
"b0842f9f3e0bc91255c722f3130488a9c721c7f2fb0a006882a99fb425e7bdda6681923c5a805abab029c7781ad6405bff805be7138d8b8d72a2d77bff189c8c","JE490416",,"2021-12-27T12:30:00.000","25","NO CONTROLS","NO CONTROLS","CLEAR","DAYLIGHT","ANGLE","ALLEY",,"STRAIGHT AND LEVEL","DRY","NO DEFECTS","NOT ON SCENE (DESK REPORT)","NO INJURY / DRIVE AWAY","Y",,,"$501 - $1,500","2021-12-27T18:00:00.000","FAILING TO YIELD RIGHT-OF-WAY","DRIVING SKILLS/KNOWLEDGE/EXPERIENCE","6415","N","HERMITAGE AVE","2432",,,,,,,"2","NO INDICATION OF INJURY","0","0","0","0","0","2","0","12","2","12","41.998491699","-87.673473936","POINT (-87.673473936266 41.998491699054)"
"f169cc72fcd3ed5d144c5211167f6f0926e0574d9c69904406d25776de9ad9129aca07ae466a2935b699ce500c7b8fa72e99ead8df09342358ca5ccca19b9305","JE490097",,"2021-12-27T12:30:00.000","30","TRAFFIC SIGNAL","NO CONTROLS","CLEAR","DAYLIGHT","TURNING","FOUR WAY",,"STRAIGHT AND LEVEL","DRY","NO DEFECTS","NOT ON SCENE (DESK REPORT)","NO INJURY / DRIVE AWAY",,,,"OVER $1,500","2021-12-27T12:50:00.000","IMPROPER OVERTAKING/PASSING","IMPROPER OVERTAKING/PASSING","6301","S","PULASKI RD","823",,,,,,,"2","NO INDICATION OF INJURY","0","0","0","0","0","2","0","12","2","12","41.778639504","-87.722613087","POINT (-87.722613087091 41.778639504347)"
"757820d460366a0691b1aea68fda824b3b2b4d6cd4134c2bbff7c599ef40cd662ddf77923baf7a4ab9dd748254f2d1d802f1d1beed13dc4e693c173be71182ce","JE490071",,"2021-12-27T12:14:00.000","30","TRAFFIC SIGNAL","FUNCTIONING PROPERLY","CLOUDY/OVERCAST","DAYLIGHT","TURNING","FOUR WAY",,"STRAIGHT AND LEVEL","WET","NO DEFECTS","ON SCENE","INJURY AND / OR TOW DUE TO CRASH","Y",,,"OVER $1,500","2021-12-27T12:20:00.000","DISREGARDING TRAFFIC SIGNALS","NOT APPLICABLE","600","E","71ST ST","322",,,,,,,"2","NONINCAPACITATING INJURY","1","0","0","1","0","1","0","12","2","12","41.765904596","-87.610371093","POINT (-87.610371093416 41.765904595979)"
"80d63ee29e198d143aa4188aed0ddb8cca8e54915a09c65f64005b7383ba30be132534644c871a6d13870a8f5f0554ce9949c980a369a107e82ed3ee69a2fea4","JE490168",,"2021-12-27T12:10:00.000","30","NO CONTROLS","NO CONTROLS","RAIN","DAYLIGHT","FIXED OBJECT","DIVIDED - W/MEDIAN (NOT RAISED)",,"STRAIGHT AND LEVEL","WET","NO DEFECTS","ON SCENE","INJURY AND / OR TOW DUE TO CRASH",,,,"OVER $1,500","2021-12-27T12:16:00.000","UNABLE TO DETERMINE","UNABLE TO DETERMINE","6115","S","CORNELL DR","331",,,,,,,"1","NONINCAPACITATING INJURY","2","0","0","2","0","0","0","12","2","12","41.783720265","-87.584320844","POINT (-87.584320843937 41.78372026547)"
"9fde9273e474b4b6977f43921122704f5169b65062b69dc186c56b565df16a10202e1309aa90fd883a7bd18e93d76c83b4c0bed367a6bbb23d5cb544b6cf3510","JE490052","Y","2021-12-27T12:10:00.000","30","NO CONTROLS","NO CONTROLS","RAIN","DAYLIGHT","TURNING","NOT DIVIDED",,"STRAIGHT AND LEVEL","WET","NO DEFECTS","ON SCENE","INJURY AND / OR TOW DUE TO CRASH","Y",,,"OVER $1,500","2021-12-27T12:10:00.000","UNABLE TO DETERMINE","UNABLE TO DETERMINE","632","W","63RD ST","711",,,,,,,"3","NO INDICATION OF INJURY","0","0","0","0","0","4","0","12","2","12","41.779914179","-87.641298993","POINT (-87.641298992543 41.779914179134)"
"a5027b4fa806ab53bb185aaa78f204a088cca1e900a87532679ebedcd6e88be41494b48d033a9fbb9c4ea7f048e610f3e2710d371e1c76a40bbd88039b4d166e","JE490093",,"2021-12-27T12:07:00.000","30","TRAFFIC SIGNAL","FUNCTIONING PROPERLY","CLEAR","DAYLIGHT","TURNING","FOUR WAY",,"STRAIGHT AND LEVEL","DRY","NO DEFECTS","ON SCENE","NO INJURY / DRIVE AWAY","Y",,,"OVER $1,500","2021-12-27T12:25:00.000","EQUIPMENT - VEHICLE CONDITION","UNABLE TO DETERMINE","3953","W","ADDISON ST","1732",,,,,,,"2","NO INDICATION OF INJURY","0","0","0","0","0","2","0","12","2","12","41.946267161","-87.727099169","POINT (-87.727099168671 41.946267161055)"
"26b1a90d057a296e79af4b65f57677d7743bbc1cd582f7ec4300fa5b8318329b09d33fd9fd2ad7c9dcd733d751aa417e16442814847c4186bfe72910cea249e6","JE491900","Y","2021-12-27T12:00:00.000","30","NO CONTROLS","NO CONTROLS","CLEAR","DAYLIGHT","PARKED MOTOR VEHICLE","NOT DIVIDED",,"STRAIGHT AND LEVEL","DRY","NO DEFECTS","ON SCENE","NO INJURY / DRIVE AWAY",,,"Y","$501 - $1,500","2021-12-29T13:17:00.000","UNABLE TO DETERMINE","NOT APPLICABLE","751","N","DRAKE AVE","1121",,,,,,,"2","NO INDICATION OF INJURY","0","0","0","0","0","1","0","12","2","12","41.895179583","-87.714937466","POINT (-87.714937465549 41.895179582536)"
"d75f542278dedbfbe044335c38213e6822df839a152b3b6dbfff2f97d70a203bcda9f78dfac67234ab1b4a4023beed859937b4e0aafbee275edf97bf7f16ed67","JE490427",,"2021-12-27T12:00:00.000","30","UNKNOWN","UNKNOWN","RAIN","DARKNESS","PARKED MOTOR VEHICLE","DIVIDED - W/MEDIAN (NOT RAISED)",,"STRAIGHT AND LEVEL","WET","NO DEFECTS","NOT ON SCENE (DESK REPORT)","INJURY AND / OR TOW DUE TO CRASH",,,,"OVER $1,500","2021-12-27T18:15:00.000","UNABLE TO DETERMINE","UNABLE TO DETERMINE","5432","N","DAMEN AVE","2012",,,,,,,"2","NO INDICATION OF INJURY","0","0","0","0","0","1","0","12","2","12","41.980625444","-87.679691609","POINT (-87.679691609314 41.980625444371)"
"640614a22b10e9510ab9920a0c517026e27c48eb96b2de4ed2d7b6a02a5a094be4e15900d7a0d84b5d341aa5f3d4098344d0f7cc15b3cffc0ed720d0ee480148","JE490046",,"2021-12-27T12:00:00.000","35","TRAFFIC SIGNAL","FUNCTIONING PROPERLY","CLEAR","DAYLIGHT","REAR END","DIVIDED - W/MEDIAN (NOT RAISED)",,"STRAIGHT AND LEVEL","WET","NO DEFECTS","ON SCENE","INJURY AND / OR TOW DUE TO CRASH","Y",,,"OVER $1,500","2021-12-27T12:04:00.000","NOT APPLICABLE","NOT APPLICABLE","7205","W","DEVON AVE","1611",,,,,,,"2","NO INDICATION OF INJURY","0","0","0","0","0","3","0","12","2","12","41.99765603","-87.807040237","POINT (-87.807040236826 41.99765602956)"
"b34b0797cb5dc0cb5573875d4c5f2c3b9a777110d63425463e1297ad44efaf81f424c65f30a7427675ba85cf8c0f60451c86200da3c210c83a8055144199ef39","JE490614",,"2021-12-27T11:55:00.000","55","TRAFFIC SIGNAL","FUNCTIONING PROPERLY","CLEAR","DARKNESS, LIGHTED ROAD","REAR END","DIVIDED - W/MEDIAN (NOT RAISED)",,"STRAIGHT AND LEVEL","DRY","NO DEFECTS","ON SCENE","NO INJURY / DRIVE AWAY",,,"Y","$501 - $1,500","2021-12-28T00:04:00.000","IMPROPER OVERTAKING/PASSING","NOT APPLICABLE","6700","S","JEFFERY BLVD","332",,,,,,,"2","NO INDICATION OF INJURY","0","0","0","0","0","3","0","11","2","12","41.773368409","-87.576638552","POINT (-87.576638552177 41.773368408547)"
"f9f593c3d3f493e24c2a32e3dce5e10555c8586ea4b99c7688b5f184da2b9de4e77ecad2b0014420b7de1a6bb703232acb02a7bf1018d896c02850fbbe914c82","JE490074",,"2021-12-27T11:54:00.000","30","TRAFFIC SIGNAL","FUNCTIONING PROPERLY","CLOUDY/OVERCAST","DAYLIGHT","REAR END","NOT DIVIDED",,"STRAIGHT AND LEVEL","DRY","NO DEFECTS","NOT ON SCENE (DESK REPORT)","NO INJURY / DRIVE AWAY",,,,"OVER $1,500","2021-12-27T12:35:00.000","FAILING TO REDUCE SPEED TO AVOID CRASH","NOT APPLICABLE","7182","W","IRVING PARK RD","1632",,,,,,,"2","NO INDICATION OF INJURY","0","0","0","0","0","4","0","11","2","12","41.952875645","-87.806714121","POINT (-87.806714120846 41.952875645057)"
"183f5b10b41f9243a3510b5f367220b2cce0adfb14f4684c016759146304c831265033772d998374ec3b164571744d250c4d7be1710c69dbf967ee76972b126f","JE490021",,"2021-12-27T11:47:00.000","30","TRAFFIC SIGNAL","UNKNOWN","CLEAR","DAYLIGHT","SIDESWIPE SAME DIRECTION","DIVIDED - W/MEDIAN (NOT RAISED)",,"STRAIGHT AND LEVEL","WET","UNKNOWN","ON SCENE","NO INJURY / DRIVE AWAY",,,"Y","$500 OR LESS","2021-12-27T11:47:00.000","UNABLE TO DETERMINE","UNABLE TO DETERMINE","2800","N","CLARK ST","1934",,,,,,,"2","NO INDICATION OF INJURY","0","0","0","0","0","2","0","11","2","12","41.9328287","-87.645080351","POINT (-87.645080351015 41.932828699843)"
"a3e6afce76391ef75ed73cf57460f9deaafd15edea6a3cc40ca4acbf04a86ad603c7e9ee7db15a5b7f753596ecc40d3224fcaa801323b4932139495b94275075","JE490773",,"2021-12-27T11:45:00.000","30","TRAFFIC SIGNAL","FUNCTIONING PROPERLY","CLEAR","DAYLIGHT","ANGLE","UNKNOWN INTERSECTION TYPE",,"STRAIGHT AND LEVEL","DRY","UNKNOWN","NOT ON SCENE (DESK REPORT)","INJURY AND / OR TOW DUE TO CRASH","Y",,"Y","OVER $1,500","2021-12-28T11:00:00.000","FAILING TO YIELD RIGHT-OF-WAY","FAILING TO YIELD RIGHT-OF-WAY","4700","S","PRINCETON AVE","935",,,,,,,"2","NO INDICATION OF INJURY","0","0","0","0","0","2","0","11","2","12","41.808977318","-87.633513465","POINT (-87.633513464501 41.808977318162)"
"e91a38d64aabd77d766392ff8c87bb3541e7d686e7c01d8efe4c86a339ee26c750a1524f9125726b995ae749956a37178f3d16ca2194e10605f3098a377850e7","JE490024",,"2021-12-27T11:45:00.000","30","TRAFFIC SIGNAL","FUNCTIONING PROPERLY","CLEAR","DAYLIGHT","TURNING","FOUR WAY",,"STRAIGHT AND LEVEL","WET","NO DEFECTS","ON SCENE","INJURY AND / OR TOW DUE TO CRASH","Y",,,"OVER $1,500","2021-12-27T11:49:00.000","FAILING TO YIELD RIGHT-OF-WAY","DISREGARDING OTHER TRAFFIC SIGNS","1200","N","HUMBOLDT DR","1423",,,,,,,"2","NO INDICATION OF INJURY","0","0","0","0","0","2","0","11","2","12","41.902919203","-87.702412734","POINT (-87.702412733963 41.902919202792)"
"028b3576503966b2454ba4f1fd11bcc3c4700afaa5fe1cee000f81340397f8077f9e509b78d5d581b3dceb3ba8866d11403d509a091bda03406e81e41ce327a5","JE490035",,"2021-12-27T11:40:00.000","35","NO CONTROLS","NO CONTROLS","FOG/SMOKE/HAZE","DAYLIGHT","FIXED OBJECT","DIVIDED - W/MEDIAN BARRIER",,"STRAIGHT AND LEVEL","WET","NO DEFECTS","ON SCENE","INJURY AND / OR TOW DUE TO CRASH",,,,"OVER $1,500","2021-12-27T11:40:00.000","WEATHER","UNABLE TO DETERMINE","153","N","LAKE SHORE DR NB","114",,,,,,,"1","REPORTED, NOT EVIDENT","1","0","0","0","1","0","0","11","2","12","41.884474274","-87.613561367","POINT (-87.613561367179 41.88447427434)"
"b595118327d3cba0a9c78261478f0ff88e88f242ad5ab27f6dbab10aecba3f6007e526d37963d19a4ded84bfde5fe2299e90a13993e3e09faa1af0fa4eac089b","JE490026",,"2021-12-27T11:40:00.000","30","TRAFFIC SIGNAL","FUNCTIONING PROPERLY","CLEAR","DAYLIGHT","TURNING","OTHER",,"STRAIGHT AND LEVEL","WET","NO DEFECTS","ON SCENE","INJURY AND / OR TOW DUE TO CRASH",,,"Y","OVER $1,500","2021-12-27T11:46:00.000","FAILING TO YIELD RIGHT-OF-WAY","NOT APPLICABLE","6690","S","WENTWORTH AVE","722",,,,,,,"2","NONINCAPACITATING INJURY","1","0","0","1","0","1","0","11","2","12","41.77279061","-87.630111987","POINT (-87.630111987437 41.772790609568)"
"49f79a130447987784a0f47472cdcf499da8a3f61a06af684a95ee739e9955739c63d818f0d706338a284abb9c5136d6d1205b7f7a7a60516144884a64813066","JE490009",,"2021-12-27T11:34:00.000","30","TRAFFIC SIGNAL","FUNCTIONING PROPERLY","CLEAR","DAYLIGHT","TURNING","FOUR WAY",,"STRAIGHT AND LEVEL","DRY","NO DEFECTS","ON SCENE","NO INJURY / DRIVE AWAY","Y",,,"$500 OR LESS","2021-12-27T11:34:00.000","VISION OBSCURED (SIGNS, TREE LIMBS, BUILDINGS, ETC.)","NOT APPLICABLE","7201","W","IRVING PARK RD","1631",,,,,,,"2","NO INDICATION OF INJURY","0","0","0","0","0","2","0","11","2","12","41.952655406","-87.807331324","POINT (-87.807331324127 41.952655406155)"
"a2f40303b4d75ad3f1b0a8a08b45c40b99890053a90edc17c2f8c1f4cb4af9fe075320c34e8be43d530cb4ced694188909ffa9e47966a3687d4734cfce769994","JE490336","Y","2021-12-27T11:30:00.000","30","NO CONTROLS","NO CONTROLS","CLEAR","DAYLIGHT","PARKED MOTOR VEHICLE","ONE-WAY",,"STRAIGHT AND LEVEL","DRY","NO DEFECTS","ON SCENE","INJURY AND / OR TOW DUE TO CRASH",,,"Y","OVER $1,500","2021-12-27T16:06:00.000","IMPROPER LANE USAGE","UNABLE TO DETERMINE","742","E","93RD ST","633",,,,,,,"2","NO INDICATION OF INJURY","0","0","0","0","0","1","0","11","2","12","41.725806881","-87.605215245","POINT (-87.605215245225 41.725806880539)"
"89e41e025332344f16bc921c62ff53cdbb9f10ee711b24445817873c6b782da32c08b749a9f53dad2da89cb30f153779d0fbf3a7e927161998fe3e1d42e67e47","JE490173",,"2021-12-27T11:30:00.000","30","TRAFFIC SIGNAL","FUNCTIONING PROPERLY","FOG/SMOKE/HAZE","DAYLIGHT","REAR END","CENTER TURN LANE",,"STRAIGHT AND LEVEL","DRY","NO DEFECTS","ON SCENE","NO INJURY / DRIVE AWAY","Y",,,"OVER $1,500","2021-12-27T13:42:00.000","UNABLE TO DETERMINE","FOLLOWING TOO CLOSELY","1900","S","ASHLAND AVE","1234","N",,,,,,"2","NO INDICATION OF INJURY","0","0","0","0","0","2","0","11","2","12","41.855924843","-87.66623983","POINT (-87.666239830496 41.855924842836)"
"ba5b3e28ae08a3351532f71b5ed8413fff58ab70808307b183b8003d2f2348c2aba867d118db66dbf007be4e24b5a774e7428526c330a54368f9182359374d04","JE490040",,"2021-12-27T11:19:00.000","10","NO CONTROLS","NO CONTROLS","CLEAR","DAYLIGHT","PARKED MOTOR VEHICLE","PARKING LOT",,"STRAIGHT AND LEVEL","DRY","NO DEFECTS","ON SCENE","NO INJURY / DRIVE AWAY",,,,"OVER $1,500","2021-12-27T11:40:00.000","UNABLE TO DETERMINE","NOT APPLICABLE","3433","S","CALIFORNIA AVE","911",,,,,,,"2","NO INDICATION OF INJURY","0","0","0","0","0","1","0","11","2","12","41.830859445","-87.694686428","POINT (-87.694686427982 41.830859444523)"
"02e488d3aa07631e45b9f1fae19dbbc889fc38c67dd9b97d80a23878ee704550ecc7763b3c634182fcf067828f62d018d89859ee021a916c768b362299c71a0d","JE490006",,"2021-12-27T11:10:00.000","39","STOP SIGN/FLASHER","FUNCTIONING PROPERLY","RAIN","DAYLIGHT","ANGLE","DIVIDED - W/MEDIAN BARRIER",,"STRAIGHT AND LEVEL","WET","NO DEFECTS","ON SCENE","INJURY AND / OR TOW DUE TO CRASH","Y",,,"OVER $1,500","2021-12-27T11:15:00.000","FAILING TO YIELD RIGHT-OF-WAY","FAILING TO YIELD RIGHT-OF-WAY","5300","S","WESTERN AVE","923",,,,,,,"2","NO INDICATION OF INJURY","0","0","0","0","0","2","0","11","2","12","41.797394748","-87.684272963","POINT (-87.684272963451 41.797394747543)"