"crash_record_id","rd_no","crash_date_est_i","crash_date","posted_speed_limit","traffic_control_device","device_condition","weather_condition","lighting_condition","first_crash_type","trafficway_type","lane_cnt","alignment","roadway_surface_cond","road_defect","report_type","crash_type","intersection_related_i","private_property_i","hit_and_run_i","damage","date_police_notified","prim_contributory_cause","sec_contributory_cause","street_no","street_direction","street_name","beat_of_occurrence","photos_taken_i","statements_taken_i","dooring_i","work_zone_i","work_zone_type","workers_present_i","num_units","most_severe_injury","injuries_total","injuries_fatal","injuries_incapacitating","injuries_non_incapacitating","injuries_reported_not_evident","injuries_no_indication","injuries_unknown","crash_hour","crash_day_of_week","crash_month","latitude","longitude","location"
"7f22b736b9fce31b6313d4d17c743085a8eb3721f1ca7e4c78ca6815d663034ab82aaf0c08ef6d673d849f3061dd305c78cb4c01ead334b78ace2ee3a930d657","JE490012",,"2021-12-27T11:07:00.000","30","TRAFFIC SIGNAL","FUNCTIONING PROPERLY","RAIN","DAYLIGHT","REAR END","DIVIDED - W/MEDIAN (NOT RAISED)",,"STRAIGHT AND LEVEL","WET","NO DEFECTS","ON SCENE","INJURY AND / OR TOW DUE TO CRASH",,,,"OVER $1,500","2021-12-27T11:07:00.000","FOLLOWING TOO CLOSELY","FAILING TO YIELD RIGHT-OF-WAY","1740","W","95TH ST","2221",,,,,,,"2","NO INDICATION OF INJURY","0","0","0","0","0","2","0","11","2","12","41.721272978","-87.666277017","POINT (-87.666277016895 41.72127297772)"
"bca8e99ef3653c2cde570eb342636720df0de64bf69947a77f349c43cdf6f413934ee46e12c4e375ed97b7561887f680ac55028cbcb22a6ea39b693a8e470f0c","JE490499",,"2021-12-27T11:00:00.000","30","NO CONTROLS","NO CONTROLS","CLEAR","DAYLIGHT","REAR END","NOT DIVIDED",,"STRAIGHT AND LEVEL","DRY","NO DEFECTS","NOT ON SCENE (DESK REPORT)","NO INJURY / DRIVE AWAY",,,,"$501 - $1,500","2021-12-27T19:50:00.000","UNABLE TO DETERMINE","NOT APPLICABLE","5044","W","MONTROSE AVE","1623",,,,,,,"2","NO INDICATION OF INJURY","0","0","0","0","0","2","0","11","2","12","41.96074302","-87.754152057","POINT (-87.75415205705 41.960743020077)"
"8a6a4aa42028cb99890ef829e1cf2afc266e1b5a155ecd137ac267adcbc27235acd1837bf5b92dcaa744f2053daca79a9da4d32578a93769bdd0b8ce0c65e877","JE490037",,"2021-12-27T11:00:00.000","30","TRAFFIC SIGNAL","FUNCTIONING PROPERLY","RAIN","DAYLIGHT","TURNING","NOT DIVIDED",,"STRAIGHT AND LEVEL","WET","NO DEFECTS","ON SCENE","NO INJURY / DRIVE AWAY","Y",,,"OVER $1,500","2021-12-27T12:00:00.000","IMPROPER TURNING/NO SIGNAL","NOT APPLICABLE","2199","S","CLARK ST","131",,,,,,,"2","NO INDICATION OF INJURY","0","0","0","0","0","2","0","11","2","12","41.852950417","-87.629921432","POINT (-87.629921431809 41.852950417239)"
"56e549cf005da5f98c63266e2c64ed29d8da7cdd1c089fb02d78b0da94051538a5b9be24cbdf98dc609e701c303f13df5209fc82933c2f3b8ca7ccd942dacb69","JE489979",,"2021-12-27T10:55:00.000","30","TRAFFIC SIGNAL","FUNCTIONING PROPERLY","RAIN","DAYLIGHT","TURNING","DIVIDED - W/MEDIAN BARRIER",,"STRAIGHT AND LEVEL","WET","NO DEFECTS","ON SCENE","INJURY AND / OR TOW DUE TO CRASH","Y",,,"OVER $1,500","2021-12-27T10:57:00.000","FAILING TO YIELD RIGHT-OF-WAY","FAILING TO YIELD RIGHT-OF-WAY","2000","W","IRVING PARK RD","1911",,,,,,,"2","REPORTED, NOT EVIDENT","2","0","0","0","2","3","0","10","2","12","41.95426578","-87.678817869","POINT (-87.678817868741 41.954265779975)"
"3e0cdd1dd778c4220092a4f1624045749bef6c228f56ba078d757b4162a6bc46cf79bf608fb8774466f46e6ee900ff599f5929410ec5231c7a9268628db7cfc9","JE490122",,"2021-12-27T10:53:00.000","30","NO CONTROLS","NO CONTROLS","CLEAR","DAYLIGHT","TURNING","NOT DIVIDED",,"STRAIGHT AND LEVEL","DRY","NO DEFECTS","NOT ON SCENE (DESK REPORT)","NO INJURY / DRIVE AWAY",,,"Y","OVER $1,500","2021-12-27T13:10:00.000","IMPROPER TURNING/NO SIGNAL","OPERATING VEHICLE IN ERRATIC, RECKLESS, CARELESS, NEGLIGENT OR AGGRESSIVE MANNER","356","E","61ST ST","311",,,,,,,"2","NO INDICATION OF INJURY","0","0","0","0","0","3","0","10","2","12","41.783976261","-87.616717127","POINT (-87.616717126642 41.783976261221)"
"ddacc0ed9dc6f5052b1bcab87685bd0d2fae17bac87d3901cb995324237365b5273b6646298c98d2d3096f55596f9f14b38c8d577f3906e17930665fbf1d2020","JE489951",,"2021-12-27T10:47:00.000","30","NO CONTROLS","NO CONTROLS","RAIN","DAYLIGHT","PARKED MOTOR VEHICLE","NOT DIVIDED",,"STRAIGHT AND LEVEL","WET","NO DEFECTS","ON SCENE","INJURY AND / OR TOW DUE TO CRASH",,,,"OVER $1,500","2021-12-27T10:49:00.000","UNABLE TO DETERMINE","WEATHER","3127","W","NORTH AVE","1423",,,,,,,"3","NONINCAPACITATING INJURY","1","0","0","1","0","0","0","10","2","12","41.910017759","-87.705528895","POINT (-87.705528895229 41.910017759479)"
"e131b81f8ded491cc1f5cf278294a7ee7b16f1dce9f5b11c043d1c5c02e3d6a177a8faa2d6d5ed8ffb07ad4187b843b49e616a048cb4f667bf8c9dfe523bf4e3","JE490054",,"2021-12-27T10:45:00.000","30","TRAFFIC SIGNAL","FUNCTIONING PROPERLY","RAIN","DAYLIGHT","REAR END","DIVIDED - W/MEDIAN BARRIER",,"STRAIGHT AND LEVEL","WET","NO DEFECTS","NOT ON SCENE (DESK REPORT)","NO INJURY / DRIVE AWAY","Y",,,"OVER $1,500","2021-12-27T12:25:00.000","UNABLE TO DETERMINE","NOT APPLICABLE","2159","S","WESTERN AVE","1234",,,,,,,"2","NO INDICATION OF INJURY","0","0","0","0","0","2","0","10","2","12","41.85208038","-87.685494836","POINT (-87.685494835572 41.85208038001)"
"e556c54ba3e40d2436ecac75807c0ce0c684afc0b9c303131906ea859ca245656c8170829a0cb387fe1829b6d4ff25fc3a7861f17a1e3e10ae8326c6b7d390dd","JE489955",,"2021-12-27T10:42:00.000","30","NO CONTROLS","NO CONTROLS","FOG/SMOKE/HAZE","DAYLIGHT","REAR END","DIVIDED - W/MEDIAN BARRIER",,"STRAIGHT AND LEVEL","WET","NO DEFECTS","ON SCENE","NO INJURY / DRIVE AWAY",,,,"OVER $1,500","2021-12-27T10:44:00.000","IMPROPER OVERTAKING/PASSING","NOT APPLICABLE","5139","S","ASHLAND AVE","934",,,,,,,"2","NO INDICATION OF INJURY","0","0","0","0","0","5","0","10","2","12","41.800153972","-87.664596944","POINT (-87.664596943729 41.800153972235)"
"2a58accec567477918647039606e2a35bb9248098238bb4cc02271aa5043307f29d27fa8b4036cc954f5ed89f9366b1d2808820ccb105822b91708414ed5137e","JE489939",,"2021-12-27T10:40:00.000","40","DELINEATORS","FUNCTIONING PROPERLY","CLOUDY/OVERCAST","DAYLIGHT","FIXED OBJECT","DIVIDED - W/MEDIAN BARRIER",,"CURVE ON GRADE","WET","NO DEFECTS","ON SCENE","INJURY AND / OR TOW DUE TO CRASH",,,,"OVER $1,500","2021-12-27T10:45:00.000","WEATHER","NOT APPLICABLE","601","N","LAKE SHORE DR NB","1834",,,,,,,"1","NO INDICATION OF INJURY","0","0","0","0","0","1","0","10","2","12","41.892705147","-87.613830934","POINT (-87.613830934311 41.892705147328)"
"a63ae2e71dd33e163db7a0b72bfaeba214312092e97339c6b85bd8a2a7798bd4c66ec5252e757ec1ec5613cb4f9e98ba58618361465a35126620fe63712610c2","JE489950",,"2021-12-27T10:35:00.000","30","NO CONTROLS","NO CONTROLS","FOG/SMOKE/HAZE","DAYLIGHT","TURNING","DIVIDED - W/MEDIAN (NOT RAISED)",,"STRAIGHT AND LEVEL","WET","NO DEFECTS","ON SCENE","INJURY AND / OR TOW DUE TO CRASH",,,,"OVER $1,500","2021-12-27T10:46:00.000","FAILING TO YIELD RIGHT-OF-WAY","IMPROPER OVERTAKING/PASSING","3016","W","31ST ST","1033",,,,,,,"2","NONINCAPACITATING INJURY","1","0","0","1","0","4","0","10","2","12","41.837420412","-87.700660435","POINT (-87.700660435014 41.837420412129)"
"b9e80589c2a434d51fcea5bc994b0bae51f33b54e30a18fc52112c79ea00defc7cb7a88d4d00866a510ab9f727744b01911e6436bd40802ab644e9be7289060b","JE489972",,"2021-12-27T10:30:00.000","30","TRAFFIC SIGNAL","FUNCTIONING PROPERLY","FOG/SMOKE/HAZE","DAYLIGHT","SIDESWIPE SAME DIRECTION","T-INTERSECTION",,"STRAIGHT AND LEVEL","WET","UNKNOWN","NOT ON SCENE (DESK REPORT)","NO INJURY / DRIVE AWAY","Y",,,"$501 - $1,500","2021-12-27T11:00:00.000","UNABLE TO DETERMINE","UNABLE TO DETERMINE","5359","S","WESTERN AVE","923",,,,,,,"2","NO INDICATION OF INJURY","0","0","0","0","0","2","0","10","2","12","41.795797648","-87.68394069","POINT (-87.683940690061 41.795797647621)"
"71f0d3f7763fe2ec61389172b633bf367797a3a8768e49a2a04b097a2cb69c62053193dfb7452d17fe2f2a5a12d59065a37c5acd3b09dfbc9bc93c66a5cb2764","JE489948","Y","2021-12-27T10:30:00.000","30","NO CONTROLS","NO CONTROLS","RAIN","DAYLIGHT","HEAD ON","UNKNOWN INTERSECTION TYPE",,"STRAIGHT AND LEVEL","WET","NO DEFECTS","ON SCENE","NO INJURY / DRIVE AWAY","Y",,,"OVER $1,500","2021-12-27T10:36:00.000","FAILING TO YIELD RIGHT-OF-WAY","DRIVING SKILLS/KNOWLEDGE/EXPERIENCE","6450","W","DIVERSEY AVE","2511",,,,,,,"2","NO INDICATION OF INJURY","0","0","0","0","0","4","0","10","2","12","41.931070817","-87.787760687","POINT (-87.787760687367 41.931070816805)"
"aa76d0d1aa556dd0e8fc7c3c3a652ca92f76c81ee78bfd4dec7d242868627ae130f7dec7aa9107628d781e09b5c434aa116b669dc8f417457bd5091fa142c3d6","JE490061",,"2021-12-27T10:24:00.000","25","NO CONTROLS","NO CONTROLS","CLEAR","DAYLIGHT","REAR END","DIVIDED - W/MEDIAN BARRIER",,"STRAIGHT AND LEVEL","DRY","NO DEFECTS","NOT ON SCENE (DESK REPORT)","NO INJURY / DRIVE AWAY",,,"Y","$501 - $1,500","2021-12-27T12:25:00.000","FOLLOWING TOO CLOSELY","NOT APPLICABLE","504","S","LAKE SHORE DR SB","114",,,,,,,"2","NO INDICATION OF INJURY","0","0","0","0","0","2","0","10","2","12","41.875676425","-87.617513835","POINT (-87.617513835411 41.875676425447)"
"3334718af4cb32e4ff9fa27446f3afdedd1db882e5264127954bc9eeeab85c37c1879df4316b76e2c7900b72d47a3a0025af75dc7a6d168f8ce8be5d2298f5c1","JE490089",,"2021-12-27T10:20:00.000","30","TRAFFIC SIGNAL","FUNCTIONING PROPERLY","CLEAR","DAYLIGHT","REAR END","DIVIDED - W/MEDIAN BARRIER",,"STRAIGHT AND LEVEL","WET","NO DEFECTS","NOT ON SCENE (DESK REPORT)","INJURY AND / OR TOW DUE TO CRASH",,,,"$501 - $1,500","2021-12-27T11:30:00.000","UNABLE TO DETERMINE","UNABLE TO DETERMINE","1600","E","55TH ST","234",,,,,,,"2","REPORTED, NOT EVIDENT","1","0","0","0","1","1","0","10","2","12","41.795294927","-87.587525032","POINT (-87.587525031623 41.795294926626)"
"4fb5b51de9e2702c64c6e003b01bfabd57452160fdd499ac58f5d0b6154bd8ba5538e607ea14c77ae52a3218a7a5bd3d9ea3f18c0e0024691c53759f1225d1a7","JE489918",,"2021-12-27T10:20:00.000","30","STOP SIGN/FLASHER","FUNCTIONING PROPERLY","CLOUDY/OVERCAST","DAYLIGHT","TURNING","T-INTERSECTION",,"STRAIGHT AND LEVEL","WET","NO DEFECTS","ON SCENE","INJURY AND / OR TOW DUE TO CRASH","Y",,,"OVER $1,500","2021-12-27T10:20:00.000","FAILING TO YIELD RIGHT-OF-WAY","DRIVING SKILLS/KNOWLEDGE/EXPERIENCE","5498","W","WASHINGTON BLVD","1523",,,,,,,"2","NONINCAPACITATING INJURY","1","0","0","1","0","2","0","10","2","12","41.882376593","-87.763176412","POINT (-87.76317641174 41.882376593404)"
"a3e13d82e5cbf4f9524da95d7ad56543aa8011bd498b162660731dd484dcf7ec8346cd1ffc6fb49c5aab64fb97cf0120cf373c8d8d81a8b92a15789713b93165","JE489944",,"2021-12-27T10:15:00.000","30","TRAFFIC SIGNAL","FUNCTIONING PROPERLY","CLOUDY/OVERCAST","DAYLIGHT","SIDESWIPE SAME DIRECTION","FOUR WAY",,"STRAIGHT AND LEVEL","UNKNOWN","NO DEFECTS","NOT ON SCENE (DESK REPORT)","NO INJURY / DRIVE AWAY",,,,"OVER $1,500","2021-12-27T10:35:00.000","UNABLE TO DETERMINE","NOT APPLICABLE","5300","S","WESTERN AVE","923",,,,,,,"2","NO INDICATION OF INJURY","0","0","0","0","0","2","0","10","2","12","41.797394748","-87.684272963","POINT (-87.684272963451 41.797394747543)"
"7b4709933ff6c929486bbd0345aaa4ac03d3035351dc0f8791d4e531a026f6de19f48c340b6409a2cab6dcc629f0513c8ed8c6c9d64e3763020997be4f873ebb","JE489911",,"2021-12-27T10:15:00.000","35","NO CONTROLS","NO CONTROLS","RAIN","DAYLIGHT","SIDESWIPE SAME DIRECTION","ONE-WAY",,"STRAIGHT AND LEVEL","WET","NO DEFECTS","ON SCENE","NO INJURY / DRIVE AWAY",,,,"$501 - $1,500","2021-12-27T10:25:00.000","FOLLOWING TOO CLOSELY","WEATHER","3","W","TERMINAL ST","1653",,,,,,,"2","NO INDICATION OF INJURY","0","0","0","0","0","2","0","10","2","12",,,
"5a1f6f23f6b8429aa1d606c060e4aebd3e4118d9b50dcb19b4d500367e90f2a318befe176b954a865e3b1431d3fd9bd5e70a06a41b396bb124fa417d8a8da589","JE489915",,"2021-12-27T10:03:00.000","30","TRAFFIC SIGNAL","FUNCTIONING PROPERLY","FOG/SMOKE/HAZE","DAYLIGHT","FIXED OBJECT","FOUR WAY",,"STRAIGHT AND LEVEL","WET","UNKNOWN","ON SCENE","INJURY AND / OR TOW DUE TO CRASH","Y","N",,"OVER $1,500","2021-12-27T10:07:00.000","UNABLE TO DETERMINE","UNABLE TO DETERMINE","7600","S","STATE ST","623",,,,,,,"1","REPORTED, NOT EVIDENT","2","0","0","0","2","0","0","10","2","12","41.756400407","-87.624869686","POINT (-87.624869685896 41.756400406673)"
"26e830235b9de0c33394ac0c39f207dadda0be3ac43328977bd4433dcc8491239bbf689b21487a3ae5a7eda4c473306a6e977e3c33d1e78cdd504fc145a60c39","JE491716",,"2021-12-27T10:00:00.000","30","NO CONTROLS","NO CONTROLS","FOG/SMOKE/HAZE","DAYLIGHT","PARKED MOTOR VEHICLE","NOT DIVIDED",,"STRAIGHT AND LEVEL","DRY","NO DEFECTS","NOT ON SCENE (DESK REPORT)","NO INJURY / DRIVE AWAY",,,,"$501 - $1,500","2021-12-29T10:30:00.000","UNABLE TO DETERMINE","NOT APPLICABLE","6046","S","RACINE AVE","713",,,,,,,"2","NO INDICATION OF INJURY","0","0","0","0","0","1","0","10","2","12","41.783672737","-87.654752164","POINT (-87.654752164297 41.7836727373)"
"0156448042fb492ccbc274a8e60a3dee07b2303dc3595b4a732c9ce39990cbeb4d98c23702b23f53fa30918fa569f8d3d8700369bba1caeb666b00ec901b77bd","JE491339",,"2021-12-27T10:00:00.000","20","NO CONTROLS","NO CONTROLS","UNKNOWN","UNKNOWN","PARKED MOTOR VEHICLE","ONE-WAY",,"STRAIGHT AND LEVEL","UNKNOWN","UNKNOWN","NOT ON SCENE (DESK REPORT)","NO INJURY / DRIVE AWAY",,,"Y","$501 - $1,500","2021-12-28T19:00:00.000","UNABLE TO DETERMINE","NOT APPLICABLE","1132","W","AINSLIE ST","2033",,,,,,,"2","NO INDICATION OF INJURY","0","0","0","0","0","1","0","10","2","12","41.971630325","-87.659073352","POINT (-87.659073351536 41.971630324955)"
"193fcfb35d352a6b5862c3a26cec0ab61fa42d880eb8fdcd1617b587459819d568aa3750eb11ba13207d5e84297761434518caf767dfc0634210b291e1df7995","JE489993",,"2021-12-27T10:00:00.000","30","STOP SIGN/FLASHER","UNKNOWN","RAIN","DAYLIGHT","REAR TO FRONT","T-INTERSECTION",,"STRAIGHT AND LEVEL","UNKNOWN","UNKNOWN","ON SCENE","NO INJURY / DRIVE AWAY","Y",,"Y","OVER $1,500","2021-12-27T10:10:00.000","UNABLE TO DETERMINE","UNABLE TO DETERMINE","1701","E","67TH ST","332",,,,,,,"2","NO INDICATION OF INJURY","0","0","0","0","0","2","0","10","2","12","41.773252207","-87.583798754","POINT (-87.583798753521 41.773252206692)"
"504526769eb6fbc2a0a17cb18cb6109e5581befd1d72bec4f363b3e6ae4e5919c642bc92ddec20d580b93dc36d33e878c9c4652c1a3a0fbeb75948a6ba48871b","JE489942",,"2021-12-27T10:00:00.000","25","NO CONTROLS","NO CONTROLS","CLEAR","DAYLIGHT","SIDESWIPE SAME DIRECTION","ONE-WAY",,"STRAIGHT AND LEVEL","WET","NO DEFECTS",,"NO INJURY / DRIVE AWAY",,,,"OVER $1,500","2021-12-27T10:50:00.000","NOT APPLICABLE","NOT APPLICABLE","940","W","WINONA ST","2024",,,,,,,"2","NO INDICATION OF INJURY","0","0","0","0","0","2","0","10","2","12","41.97540545","-87.654201414","POINT (-87.654201414407 41.97540545025)"
"d2904df9e6488d60cc6482d4b71501b7a9981aacd0d02aaebcb7efc2f3ca12611bcbb2d4f9d2991eac8cc849016be5be8b6e00bd80143baec5bef708fe5b6fb6","JE489937",,"2021-12-27T10:00:00.000","30","NO CONTROLS","NO CONTROLS","FOG/SMOKE/HAZE","DAYLIGHT","PARKED MOTOR VEHICLE","NOT DIVIDED",,"STRAIGHT AND LEVEL","WET","UNKNOWN","ON SCENE","NO INJURY / DRIVE AWAY",,,"Y","$501 - $1,500","2021-12-27T10:21:00.000","UNABLE TO DETERMINE","UNABLE TO DETERMINE","3755","W","68TH ST","833",,,,,,,"2","NO INDICATION OF INJURY","0","0","0","0","0","1","0","10","2","12","41.7695238","-87.717349268","POINT (-87.717349267541 41.769523800292)"
"5a2cf5d909a087af4de2f279ab0a14b221434c2ba075bc1b41ad9fb6bcf6341c0824bdcc6ff4b18aaf4d7b6a6754911037e5af675977ffa26b8501d92f24adba","JE489901",,"2021-12-27T09:57:00.000","30","NO CONTROLS","NO CONTROLS","RAIN","DAYLIGHT","TURNING","DRIVEWAY",,"STRAIGHT AND LEVEL","WET","NO DEFECTS","ON SCENE","NO INJURY / DRIVE AWAY",,,,"$501 - $1,500","2021-12-27T09:57:00.000","FAILING TO YIELD RIGHT-OF-WAY","NOT APPLICABLE","2332","W","PRATT BLVD","2411",,,,,,,"2","NO INDICATION OF INJURY","0","0","0","0","0","2","0","9","2","12","42.005157621","-87.689287742","POINT (-87.68928774192 42.005157620988)"
"a4570ff0be855a50e53cef72062eeffccbb0de96c7ca002165467e77d3f6ee7169abe8f8dbac684826289f651ca54d420d97151759c717c606efff03ca6004f3","JE490268",,"2021-12-27T09:45:00.000","30","NO CONTROLS","NO CONTROLS","CLEAR","DAYLIGHT","TURNING","DIVIDED - W/MEDIAN (NOT RAISED)",,"STRAIGHT AND LEVEL","DRY","NO DEFECTS","NOT ON SCENE (DESK REPORT)","NO INJURY / DRIVE AWAY",,,,"OVER $1,500","2021-12-27T15:00:00.000","FOLLOWING TOO CLOSELY","NOT APPLICABLE","5333","W","IRVING PARK RD","1634",,,,,,,"2","NO INDICATION OF INJURY","0","0","0","0","0","2","0","9","2","12","41.953145592","-87.76095633","POINT (-87.7609563298 41.953145591995)"
"1d65ec3d74085806d6ed8622e38b6fc9978600c1e6ab1ea66fc0f493886ea060d428d3bbe37f763f6a9e786707af321be6465a84bcff14bda42b36bad5b46dad","JE489914",,"2021-12-27T09:45:00.000","35","TRAFFIC SIGNAL","FUNCTIONING PROPERLY","CLOUDY/OVERCAST","DAYLIGHT","REAR END","NOT DIVIDED",,"STRAIGHT AND LEVEL","DRY","NO DEFECTS","NOT ON SCENE (DESK REPORT)","NO INJURY / DRIVE AWAY","Y",,,"OVER $1,500","2021-12-27T10:11:00.000","FOLLOWING TOO CLOSELY","FAILING TO REDUCE SPEED TO AVOID CRASH","100","W","ROOSEVELT RD","123",,,,,,,"3","NO INDICATION OF INJURY","0","0","0","0","0","3","0","9","2","12","41.86748292","-87.630492795","POINT (-87.630492795017 41.86748291958)"
"84dbe3d16c03bb8bff57558ddbf1e791690eabd7aec2e0d2be58b75f6e2c0b4c4c0d4836bfa6f4cb3f9695322096effb96ae6d166f18e6538def75425d77d79f","JE489897",,"2021-12-27T09:41:00.000","15","NO CONTROLS","NO CONTROLS","RAIN","DAYLIGHT","ANGLE","ALLEY",,"STRAIGHT AND LEVEL","WET","UNKNOWN","NOT ON SCENE (DESK REPORT)","NO INJURY / DRIVE AWAY",,,,"$501 - $1,500","2021-12-27T10:15:00.000","UNABLE TO DETERMINE","UNABLE TO DETERMINE","4748","N","HARDING AVE","1723",,,,,,,"2","NO INDICATION OF INJURY","0","0","0","0","0","2","0","9","2","12","41.967877281","-87.726949295","POINT (-87.726949295291 41.967877281123)"
"deb91f49e69a377e347b83447af8ec8c8476bf59a451e00d8fc5a98b6511bc9b72596bff83c9256e750f56043a1938eb86e9e86878e8b785c4edb1e699da74f6","JE489952",,"2021-12-27T09:30:00.000","25","NO CONTROLS","NO CONTROLS","FOG/SMOKE/HAZE","DAYLIGHT","PARKED MOTOR VEHICLE","NOT DIVIDED",,"STRAIGHT AND LEVEL","OTHER","UNKNOWN","ON SCENE","NO INJURY / DRIVE AWAY",,,,"OVER $1,500","2021-12-27T10:40:00.000","DRIVING SKILLS/KNOWLEDGE/EXPERIENCE","UNABLE TO DETERMINE","1102","W","VAN BUREN ST","1232",,"Y",,,,,"2","NO INDICATION OF INJURY","0","0","0","0","0","1","0","9","2","12","41.876670789","-87.654695313","POINT (-87.65469531329 41.876670788821)"
"0523a292ca47f2c952b53bfb0ccc70237f249c1c9842f78ac000ef1d692f97446ecffa71b8a82bc46ffdb55bf5e791799f49fd68cde2a8efcdd225486d337f7a","JE489875",,"2021-12-27T09:23:00.000","30","TRAFFIC SIGNAL","FUNCTIONING PROPERLY","OTHER","DAYLIGHT","TURNING","FOUR WAY",,"STRAIGHT AND LEVEL","WET","NO DEFECTS","ON SCENE","NO INJURY / DRIVE AWAY","Y",,,"OVER $1,500","2021-12-27T09:23:00.000","FAILING TO YIELD RIGHT-OF-WAY","IMPROPER TURNING/NO SIGNAL","2400","N","WESTERN AVE","1431",,"Y",,,,,"2","NO INDICATION OF INJURY","0","0","0","0","0","5","0","9","2","12","41.924935944","-87.687790255","POINT (-87.687790254713 41.924935944091)"
"c7ffae32987db80f7f4486fe0e35b0b590d2002a54337206f3c5f381ecd7af476cd36ac1d0226db4759b62df46f7d769d188ca86bcae0156a0ce2dda4dc1333a","JE490192",,"2021-12-27T09:20:00.000","30","UNKNOWN","UNKNOWN","UNKNOWN","DAYLIGHT","SIDESWIPE SAME DIRECTION","DIVIDED - W/MEDIAN (NOT RAISED)",,"STRAIGHT AND LEVEL","UNKNOWN","UNKNOWN","NOT ON SCENE (DESK REPORT)","NO INJURY / DRIVE AWAY",,,"Y","$501 - $1,500","2021-12-27T14:15:00.000","UNABLE TO DETERMINE","NOT APPLICABLE","6559","N","RIDGE BLVD","2432",,,,,,,"2","NO INDICATION OF INJURY","0","0","0","0","0","2","0","9","2","12","42.001392368","-87.678258405","POINT (-87.678258405221 42.001392368298)"
"d1ba1244b38e71e84a3066f0025d980fb95030fdbd6dc9c914cfb6386215edc871fe75825300b1bce5bec3039d474fe87f28ef259c9552ae0eb4ecea1d80a9b2","JE489890",,"2021-12-27T09:15:00.000","30","TRAFFIC SIGNAL","UNKNOWN","CLEAR","DAYLIGHT","TURNING","FOUR WAY",,"STRAIGHT AND LEVEL","DRY","UNKNOWN","NOT ON SCENE (DESK REPORT)","NO INJURY / DRIVE AWAY",,,,"$500 OR LESS","2021-12-27T09:58:00.000","FAILING TO YIELD RIGHT-OF-WAY","UNABLE TO DETERMINE","3601","N","CICERO AVE","1731",,,,,,,"2","NO INDICATION OF INJURY","0","0","0","0","0","2","0","9","2","12","41.946175734","-87.74692156","POINT (-87.746921560168 41.946175733934)"
"69d7b94e1fedc18c90e4f82830cbdc66229d9d924add0eabab78552736c745b177313a182a8757262c0c6dc2447e69aae11136c5ac276163eafc0b844ffa7559","JE489861",,"2021-12-27T09:10:00.000","30","TRAFFIC SIGNAL","FUNCTIONING PROPERLY","RAIN","DAYLIGHT","PEDALCYCLIST","FOUR WAY",,"STRAIGHT AND LEVEL","WET","NO DEFECTS","ON SCENE","NO INJURY / DRIVE AWAY","Y",,,"$500 OR LESS","2021-12-27T09:15:00.000","FAILING TO YIELD RIGHT-OF-WAY","UNABLE TO DETERMINE","6300","S","MORGAN ST","724",,,,,,,"2","NO INDICATION OF INJURY","0","0","0","0","0","2","0","9","2","12","41.779581013","-87.649787129","POINT (-87.649787129108 41.779581012899)"
"de2df57ea545bccc97bcecdd12b9c1ed4cc13a5e08953f374abd2e3c1db533eb2b8b76a3cddd0d99337a6f19060c1d4764d8c0be6e39a7db1166e3aecd2118a8","JE489931",,"2021-12-27T09:07:00.000","30","NO CONTROLS","NO CONTROLS","CLEAR","DAYLIGHT","REAR END","FOUR WAY",,"STRAIGHT AND LEVEL","DRY","NO DEFECTS","NOT ON SCENE (DESK REPORT)","NO INJURY / DRIVE AWAY","Y",,"Y","$500 OR LESS","2021-12-27T10:40:00.000","UNABLE TO DETERMINE","UNABLE TO DETERMINE","435","E","111TH ST","531",,,,,,,"2","NO INDICATION OF INJURY","0","0","0","0","0","2","0","9","2","12","41.692642147","-87.61203371","POINT (-87.612033709555 41.692642147155)"
"ad8e4dddb4c950818b89c14054f845a69dd0d1ceec5df78382d5b1719265a8f48af68a21a0bf83d2db503a8f12b960242cb2ab7ec85ab6916ef2abb69df91b57","JE490023",,"2021-12-27T09:00:00.000","30","NO CONTROLS","NO CONTROLS","CLOUDY/OVERCAST","DAYLIGHT","PARKED MOTOR VEHICLE","ONE-WAY",,"STRAIGHT AND LEVEL","DRY","NO DEFECTS","NOT ON SCENE (DESK REPORT)","NO INJURY / DRIVE AWAY",,,,"$501 - $1,500","2021-12-27T11:50:00.000","VISION OBSCURED (SIGNS, TREE LIMBS, BUILDINGS, ETC.)","NOT APPLICABLE","421","W","ALDINE AVE","1925",,,,,,,"2","NO INDICATION OF INJURY","0","0","0","0","0","1","0","9","2","12","41.942168541","-87.640787114","POINT (-87.640787113874 41.942168540756)"
"7f4f99a08d29e39cb5c422a3dd46a6984c4437ae68e48137a0e9e2d5d5c715ae746d68852ee989bda1862b091eba91a40cce5128ce42409d0d6506e522a0137c","JE489887",,"2021-12-27T09:00:00.000","30","UNKNOWN","UNKNOWN","RAIN","DAYLIGHT","REAR END","DIVIDED - W/MEDIAN (NOT RAISED)",,"STRAIGHT AND LEVEL","WET","UNKNOWN","NOT ON SCENE (DESK REPORT)","NO INJURY / DRIVE AWAY",,,,"OVER $1,500","2021-12-27T09:55:00.000","FOLLOWING TOO CLOSELY","FOLLOWING TOO CLOSELY","4002","N","WESTERN AVE","1911",,,,,,,"2","NO INDICATION OF INJURY","0","0","0","0","0","2","0","9","2","12","41.954120583","-87.688616153","POINT (-87.688616153261 41.954120583478)"