"crash_record_id","rd_no","crash_date_est_i","crash_date","posted_speed_limit","traffic_control_device","device_condition","weather_condition","lighting_condition","first_crash_type","trafficway_type","lane_cnt","alignment","roadway_surface_cond","road_defect","report_type","crash_type","intersection_related_i","private_property_i","hit_and_run_i","damage","date_police_notified","prim_contributory_cause","sec_contributory_cause","street_no","street_direction","street_name","beat_of_occurrence","photos_taken_i","statements_taken_i","dooring_i","work_zone_i","work_zone_type","workers_present_i","num_units","most_severe_injury","injuries_total","injuries_fatal","injuries_incapacitating","injuries_non_incapacitating","injuries_reported_not_evident","injuries_no_indication","injuries_unknown","crash_hour","crash_day_of_week","crash_month","latitude","longitude","location"
"86cbf18b9d479ad9241555c380799fd81e61a8b280a73b0ffdc6d78510eeae3b65f79e1a6ba61b96a2499ea39db432cd5b271d5c85739ea3fc8b7d4d09943985","JE489858","Y","2021-12-27T09:00:00.000","30","STOP SIGN/FLASHER","FUNCTIONING PROPERLY","FOG/SMOKE/HAZE","DAYLIGHT","REAR END","NOT DIVIDED",,"STRAIGHT AND LEVEL","WET","NO DEFECTS","ON SCENE","NO INJURY / DRIVE AWAY",,,"Y","$501 - $1,500","2021-12-27T09:02:00.000","FOLLOWING TOO CLOSELY","UNABLE TO DETERMINE","1400","W","99TH ST","2213",,,,,,,"2","NO INDICATION OF INJURY","0","0","0","0","0","2","0","9","2","12","41.714141449","-87.657523273","POINT (-87.657523273026 41.714141448578)"
"c3b1c84926637de92ef10b14de6fa0f9f2be08bdfe1b494331657a49d4fed5fc3add1eaca68a31168c727aaa797682db8cdfffb55e8e8c9d9dbc6a2789c6ac44","JE489896",,"2021-12-27T08:55:00.000","35","NO CONTROLS","NO CONTROLS","RAIN","DAYLIGHT","FIXED OBJECT","DRIVEWAY",,"STRAIGHT AND LEVEL","DRY","NO DEFECTS","ON SCENE","NO INJURY / DRIVE AWAY",,,,"$500 OR LESS","2021-12-27T09:53:00.000","UNABLE TO DETERMINE","NOT APPLICABLE","7974","S","SOUTH CHICAGO AVE","414",,,,,,,"1","NO INDICATION OF INJURY","0","0","0","0","0","1","0","8","2","12","41.749755544","-87.583371017","POINT (-87.583371016797 41.749755544425)"
"0befac0aee313a26259891c624f24d80f28ba6621905576bd1f525878e9bb498f9acfecc0aa0f4114c1a9d74dfda19dbeed0be87c4dc369cba9d1357d5d0607d","JE489860",,"2021-12-27T08:52:00.000","30","NO CONTROLS","NO CONTROLS","CLOUDY/OVERCAST","DAYLIGHT","TURNING","NOT DIVIDED",,"STRAIGHT AND LEVEL","DRY","NO DEFECTS","NOT ON SCENE (DESK REPORT)","NO INJURY / DRIVE AWAY","Y",,,"OVER $1,500","2021-12-27T09:30:00.000","IMPROPER TURNING/NO SIGNAL","IMPROPER OVERTAKING/PASSING","1629","N","SEDGWICK ST","1814",,,,,,,"2","NO INDICATION OF INJURY","0","0","0","0","0","2","0","8","2","12","41.911978816","-87.638472541","POINT (-87.638472540504 41.911978815518)"
"7cf6a1c260450214ee19f4b4cce320a021a0196332f54016906d95beaf523c61472715041bb4a91c205247d9aeb373d42869204348c74d21c6d28c3b5183be17","JE489865",,"2021-12-27T08:35:00.000","30","NO CONTROLS","NO CONTROLS","RAIN","DAYLIGHT","PARKED MOTOR VEHICLE","NOT DIVIDED",,"STRAIGHT AND LEVEL","WET","NO DEFECTS","ON SCENE","NO INJURY / DRIVE AWAY",,,"Y","$501 - $1,500","2021-12-27T08:50:00.000","UNABLE TO DETERMINE","UNABLE TO DETERMINE","655","W","GRACE ST","1925",,,,,,,"2","NO INDICATION OF INJURY","0","0","0","0","0","1","0","8","2","12","41.951719527","-87.647081569","POINT (-87.647081569403 41.951719527273)"
"291872fd8c2c28216ab97920a3a1fd5db854687686a70a5f36669518ee91f1ba32edfe45a2af6b5a569ffda498de8b0ff3c90ba32c4037c951e00199577f2d58","JE489847",,"2021-12-27T08:35:00.000","30","TRAFFIC SIGNAL","FUNCTIONING PROPERLY","FOG/SMOKE/HAZE","DAYLIGHT","TURNING","DIVIDED - W/MEDIAN BARRIER",,"STRAIGHT AND LEVEL","WET","NO DEFECTS","ON SCENE","NO INJURY / DRIVE AWAY","Y",,"Y","$501 - $1,500","2021-12-27T08:42:00.000","IMPROPER TURNING/NO SIGNAL","NOT APPLICABLE","1598","W","HARRISON ST","1231",,,,,,,"2","NO INDICATION OF INJURY","0","0","0","0","0","3","0","8","2","12","41.874311859","-87.666483672","POINT (-87.666483671868 41.874311858635)"
"44750f2511c6d33d28268eb4f09167dbebec974b90fb39ab2daf61ae7eec24cf1d89f434d8fb5b5b2d6c121c67285602fad831c364471b90ae2f9d43702ec1a9","JE489849",,"2021-12-27T08:30:00.000","30","TRAFFIC SIGNAL","FUNCTIONING PROPERLY","CLOUDY/OVERCAST","DAYLIGHT","SIDESWIPE SAME DIRECTION","RAMP",,"STRAIGHT AND LEVEL","WET","OTHER","ON SCENE","NO INJURY / DRIVE AWAY","Y",,,"$501 - $1,500","2021-12-27T08:30:00.000","ROAD CONSTRUCTION/MAINTENANCE","UNABLE TO DETERMINE","5700","N","SHERIDAN RD","2022",,,,,,,"2","NO INDICATION OF INJURY","0","0","0","0","0","3","0","8","2","12","41.985641095","-87.655388544","POINT (-87.655388544127 41.985641095429)"
"1ec71ff4e493a70f06cd17aa831ea6607ef59290830c6959a955fd97543e33f1a690b543209b6fc7024c62ee40ab009885e0c98a9260b61bbf483de75f0e5444","JE489857",,"2021-12-27T08:10:00.000","30","NO CONTROLS","NO CONTROLS","RAIN","DAYLIGHT","TURNING","FOUR WAY",,"STRAIGHT AND LEVEL","WET","NO DEFECTS","ON SCENE","INJURY AND / OR TOW DUE TO CRASH","Y",,,"OVER $1,500","2021-12-27T08:17:00.000","UNABLE TO DETERMINE","NOT APPLICABLE","4013","S","ARCHER AVE","921",,,,,,,"2","NONINCAPACITATING INJURY","1","0","0","1","0","2","0","8","2","12","41.820716282","-87.693210805","POINT (-87.693210805445 41.820716282306)"
"5da099b181ca364f25e7f8c8f4042ce8986ccaa9e0453253f5ed3137db60b03bb0bf50c40a538fb15d566d9cca319874e2585f707ccfa4bd6143d333e71cd410","JE490435",,"2021-12-27T08:00:00.000","30","TRAFFIC SIGNAL","FUNCTIONING PROPERLY","CLEAR","DAYLIGHT","ANGLE","FIVE POINT, OR MORE",,"STRAIGHT AND LEVEL","DRY","NO DEFECTS","NOT ON SCENE (DESK REPORT)","INJURY AND / OR TOW DUE TO CRASH",,,"Y","OVER $1,500","2021-12-27T18:30:00.000","FAILING TO YIELD RIGHT-OF-WAY","UNABLE TO DETERMINE","7900","S","SOUTH CHICAGO AVE","411",,,,,,,"2","NO INDICATION OF INJURY","0","0","0","0","0","2","0","8","2","12","41.751339705","-87.585632266","POINT (-87.585632265652 41.751339704589)"
"4ba16d296de6fb9db0390a89eec46065c40e442a0c2e73f89644f573546b1d22f13891693bab675caf90282f7a1b530ba979dd49950439b0b5a0ec3dac9ee589","JE489824",,"2021-12-27T07:55:00.000","30","TRAFFIC SIGNAL","FUNCTIONING PROPERLY","RAIN","DAYLIGHT","TURNING","FOUR WAY",,"STRAIGHT AND LEVEL","WET","NO DEFECTS","ON SCENE","INJURY AND / OR TOW DUE TO CRASH",,,,"OVER $1,500","2021-12-27T07:57:00.000","OPERATING VEHICLE IN ERRATIC, RECKLESS, CARELESS, NEGLIGENT OR AGGRESSIVE MANNER","DRIVING SKILLS/KNOWLEDGE/EXPERIENCE","2509","S","HALSTED ST","914",,,,,,,"2","NONINCAPACITATING INJURY","1","0","0","1","0","1","0","7","2","12","41.846840469","-87.646325595","POINT (-87.646325594944 41.846840469313)"
"cb5e822f415f133a226ea0ccfee77b66b1f34723f2261013c8154400159be1311fb330d0958944273dac5edb31e26514f1a80e9ec54a1c04260ee55c33777ede","JE489829",,"2021-12-27T07:54:00.000","30","TRAFFIC SIGNAL","FUNCTIONING PROPERLY","CLOUDY/OVERCAST","DAYLIGHT","SIDESWIPE SAME DIRECTION","NOT DIVIDED",,"STRAIGHT AND LEVEL","WET","NO DEFECTS","ON SCENE","NO INJURY / DRIVE AWAY","Y",,,"$501 - $1,500","2021-12-27T07:55:00.000","UNABLE TO DETERMINE","NOT APPLICABLE","1600","N","HALSTED ST","1813",,,,,,,"2","NO INDICATION OF INJURY","0","0","0","0","0","2","0","7","2","12","41.910940644","-87.648419043","POINT (-87.64841904273 41.910940643916)"
"724a6b45fd59f54b00619c6e78b8fb3a5067075eaad73bec556343033967db39c9a5dfa60e8a497e2d27e143964143de77f1e2c6a61d11a8391c197b6f9cf20a","JE489835",,"2021-12-27T07:50:00.000","35","NO CONTROLS","NO CONTROLS","RAIN","DAYLIGHT","REAR END","DIVIDED - W/MEDIAN (NOT RAISED)",,"STRAIGHT AND LEVEL","WET","NO DEFECTS","ON SCENE","NO INJURY / DRIVE AWAY",,,,"OVER $1,500","2021-12-27T08:00:00.000","UNABLE TO DETERMINE","UNABLE TO DETERMINE","3651","W","COLUMBUS AVE","834",,,,,,,"2","NO INDICATION OF INJURY","0","0","0","0","0","2","0","7","2","12","41.741802821","-87.713374352","POINT (-87.713374352356 41.741802821468)"
"7a724a7dd284739573aa1a3c30917fceb67f5ae5dc80b866e75577e2e7a3dfc4d0a0949cac0358258b62fea97628c81097d8ed1d4fb16828cb63703bf548a4ea","JE489816",,"2021-12-27T07:25:00.000","30","TRAFFIC SIGNAL","FUNCTIONING PROPERLY","FREEZING RAIN/DRIZZLE","DAYLIGHT","ANGLE","FOUR WAY",,"STRAIGHT AND LEVEL","WET","NO DEFECTS","ON SCENE","INJURY AND / OR TOW DUE TO CRASH","Y",,,"OVER $1,500","2021-12-27T07:28:00.000","DRIVING SKILLS/KNOWLEDGE/EXPERIENCE","DRIVING SKILLS/KNOWLEDGE/EXPERIENCE","6000","W","FOSTER AVE","1622",,,,,,,"3","NO INDICATION OF INJURY","0","0","0","0","0","3","0","7","2","12","41.975778246","-87.778242621","POINT (-87.778242620892 41.975778245826)"
"d1c97f68cd0218b68d2f1e64050f5cf0eb6aad78bbbf8117230ef84fb266c0f4074ae9b873349394beeca3cdb9f6077662072dd03b108989f7dc90ab368b50d9","JE489806",,"2021-12-27T07:22:00.000","30","NO CONTROLS","NO CONTROLS","RAIN","DAYLIGHT","SIDESWIPE SAME DIRECTION","NOT DIVIDED",,"STRAIGHT AND LEVEL","WET","UNKNOWN","ON SCENE","INJURY AND / OR TOW DUE TO CRASH",,,"Y","$501 - $1,500","2021-12-27T07:25:00.000","FAILING TO YIELD RIGHT-OF-WAY","IMPROPER TURNING/NO SIGNAL","620","W","59TH ST","711",,,,,,,"2","NO INDICATION OF INJURY","0","0","0","0","0","2","0","7","2","12","41.787201304","-87.641068696","POINT (-87.641068696411 41.787201303508)"
"5872c7db5eb949ce5a544b1ac5db2821ab44debefdeb0f0832be9d69fd392fb68b291dd547c19e2a1646bf994a2ffa5208c5eb9523e96bafd505700cb103403d","JE489820",,"2021-12-27T07:06:00.000","35","TRAFFIC SIGNAL","FUNCTIONING PROPERLY","CLEAR","DARKNESS, LIGHTED ROAD","REAR END","DIVIDED - W/MEDIAN BARRIER",,"STRAIGHT AND LEVEL","UNKNOWN","NO DEFECTS","NOT ON SCENE (DESK REPORT)","NO INJURY / DRIVE AWAY","Y",,"Y","OVER $1,500","2021-12-27T07:45:00.000","FOLLOWING TOO CLOSELY","FAILING TO REDUCE SPEED TO AVOID CRASH","200","S","MICHIGAN AVE","113",,,,,,,"3","NO INDICATION OF INJURY","0","0","0","0","0","3","0","7","2","12","41.879489329","-87.624498125","POINT (-87.624498124934 41.879489328698)"
"c33c6cd36d59d2ec87ad6378663720e1198edc195626e5359657762c24b37888a67afecfcca59bfc9a41252e5d3dfb5c25547629e3504ec4dfa5f43dc3d5325a","JE493193",,"2021-12-27T07:00:00.000","30","NO CONTROLS","NO CONTROLS","CLEAR","DAYLIGHT","PARKED MOTOR VEHICLE","NOT DIVIDED",,"STRAIGHT AND LEVEL","DRY","UNKNOWN","NOT ON SCENE (DESK REPORT)","NO INJURY / DRIVE AWAY",,,"Y","$501 - $1,500","2021-12-30T17:00:00.000","UNABLE TO DETERMINE","UNABLE TO DETERMINE","6620","S","KENWOOD AVE","321",,,,,,,"2","NO INDICATION OF INJURY","0","0","0","0","0","1","0","7","2","12","41.77442487","-87.593083423","POINT (-87.593083422998 41.774424869808)"
"389c3d01bdff7aba56a1b82c5d9937b6af25c70aa7fb80815f4f63522ee6748e3f124c00f3ccc8a11ff2628267e52934eef4b34c7ba62f87004fd39bd33ba2da","JE489815",,"2021-12-27T07:00:00.000","25","NO CONTROLS","NO CONTROLS","RAIN","UNKNOWN","PARKED MOTOR VEHICLE","ONE-WAY",,"STRAIGHT AND LEVEL","WET","NO DEFECTS","ON SCENE","NO INJURY / DRIVE AWAY",,,"Y","OVER $1,500","2021-12-27T07:50:00.000","UNABLE TO DETERMINE","NOT APPLICABLE","5354","W","BYRON ST","1634",,,,,,,"2","NO INDICATION OF INJURY","0","0","0","0","0","1","0","7","2","12","41.951507425","-87.761741813","POINT (-87.761741813238 41.951507424804)"
"dd08429a14f13d4f715919916f4d13706982e96b28fc540e1c4c5120320869e3ce9c61afeecac5fc76e2c8fb5436e9ea76b79c5c5404c0b255ac0a14f03c5ac0","JE489805",,"2021-12-27T07:00:00.000","30","STOP SIGN/FLASHER","FUNCTIONING PROPERLY","RAIN","DARKNESS, LIGHTED ROAD","ANGLE","FOUR WAY",,"STRAIGHT AND LEVEL","WET","NO DEFECTS","ON SCENE","NO INJURY / DRIVE AWAY","Y",,,"OVER $1,500","2021-12-27T07:09:00.000","DRIVING SKILLS/KNOWLEDGE/EXPERIENCE","UNABLE TO DETERMINE","3400","W","GRACE ST","1732",,,,,,,"2","NO INDICATION OF INJURY","0","0","0","0","0","2","0","7","2","12","41.95032501","-87.712871562","POINT (-87.712871561643 41.950325009961)"
"24d5e22a503a333d4e0b50e87da3e271e0c295b8452adab0286c6b469d63155da214504f30a90e0b954b2387565ea99606d287e8b97220b53687f3e297c25c3c","JE490953",,"2021-12-27T06:30:00.000","15","NO CONTROLS","NO CONTROLS","CLEAR","DAWN","FIXED OBJECT","ALLEY",,"STRAIGHT AND LEVEL","DRY","NO DEFECTS","NOT ON SCENE (DESK REPORT)","NO INJURY / DRIVE AWAY",,"Y","Y","OVER $1,500","2021-12-28T12:30:00.000","UNABLE TO DETERMINE","UNABLE TO DETERMINE","2259","S","CALIFORNIA AVE","1034",,,,,,,"1","NO INDICATION OF INJURY","0","0","0","0","0","1","0","6","2","12","41.850127929","-87.695253041","POINT (-87.695253040863 41.850127928791)"
"7c47c9210e0cb799c7f2bbf5da27f5537db71ba1abf05284ab145231874997dfa4256c8f900e2cf477f401fee6a343a39e7af426d517346a38c604df4e5da0b0","JE489796",,"2021-12-27T06:23:00.000","30","TRAFFIC SIGNAL","FUNCTIONING PROPERLY","RAIN","DAWN","TURNING","UNKNOWN INTERSECTION TYPE",,"STRAIGHT AND LEVEL","WET","NO DEFECTS","ON SCENE","NO INJURY / DRIVE AWAY","Y",,,"OVER $1,500","2021-12-27T06:30:00.000","IMPROPER OVERTAKING/PASSING","NOT APPLICABLE","399","N","LA SALLE DR","1831",,,,,,,"2","NO INDICATION OF INJURY","0","0","0","0","0","2","0","6","2","12","41.889164591","-87.632377453","POINT (-87.63237745274 41.889164591335)"
"96ed46b621fc5469cc3aae828937b32b71cbb2dbe2e9460b7ea322f21962243c46e0cb35f0c963f67d0e0292cdd203387dac1f43a7b08c31b59ef11a39816162","JE490383",,"2021-12-27T06:00:00.000","30","STOP SIGN/FLASHER","FUNCTIONING PROPERLY","RAIN","DAWN","REAR END","DIVIDED - W/MEDIAN (NOT RAISED)",,"STRAIGHT AND LEVEL","WET","UNKNOWN","NOT ON SCENE (DESK REPORT)","NO INJURY / DRIVE AWAY",,,,"$501 - $1,500","2021-12-27T17:40:00.000","UNABLE TO DETERMINE","UNABLE TO DETERMINE","4631","N","CICERO AVE","1722",,,,,,,"2","NO INDICATION OF INJURY","0","0","0","0","0","2","0","6","2","12","41.965328063","-87.747518707","POINT (-87.747518706529 41.965328062644)"
"952a17af505162e7d805847bb1bebe55dc0de041939171e3ebd48bb7f4cb75ef21ca5ef294f6e83f8808cd85192ba04e64041b36279753345672a29722cb9a28","JE490041",,"2021-12-27T06:00:00.000","30","NO CONTROLS","NO CONTROLS","RAIN","DARKNESS, LIGHTED ROAD","PARKED MOTOR VEHICLE","NOT DIVIDED",,"STRAIGHT AND LEVEL","WET","NO DEFECTS","NOT ON SCENE (DESK REPORT)","NO INJURY / DRIVE AWAY",,,"Y","$501 - $1,500","2021-12-27T12:10:00.000","NOT APPLICABLE","NOT APPLICABLE","6601","N","CLARK ST","2432",,,,,,,"2","NO INDICATION OF INJURY","0","0","0","0","0","1","0","6","2","12","42.001778367","-87.671731737","POINT (-87.671731737383 42.001778367346)"
"83bc0217323cbca4d8bceaf761d722830efcefb84b6a1d5966bd0ca0ee211b7296273751ee3cd4ca0aa2dbc68e600894b6c9a80ffa687f0e13153d91f59b65e0","JE489790",,"2021-12-27T05:45:00.000","25","TRAFFIC SIGNAL","FUNCTIONING PROPERLY","RAIN","DARKNESS, LIGHTED ROAD","REAR END","FOUR WAY",,"STRAIGHT AND LEVEL","WET","NO DEFECTS","ON SCENE","INJURY AND / OR TOW DUE TO CRASH","Y",,"Y","OVER $1,500","2021-12-27T06:00:00.000","UNABLE TO DETERMINE","NOT APPLICABLE","1602","E","69TH ST","332",,"Y",,,,,"3","NONINCAPACITATING INJURY","1","0","0","1","0","1","0","5","2","12","41.769811503","-87.585827445","POINT (-87.585827444982 41.769811503068)"
"37c155b19ef9d4be55e5b1e8c7f284d7a2c94376c816d4a0af4ae6283efebcb6542f907d099c53fd413c85689167a675a120d8a48eb6194ab7b2a5ab89f0c5c4","JE489789",,"2021-12-27T05:20:00.000","30","NO CONTROLS","NO CONTROLS","RAIN","DARKNESS, LIGHTED ROAD","PARKED MOTOR VEHICLE","NOT DIVIDED",,"STRAIGHT AND LEVEL","WET","UNKNOWN","NOT ON SCENE (DESK REPORT)","INJURY AND / OR TOW DUE TO CRASH",,,"Y","OVER $1,500","2021-12-27T06:15:00.000","UNABLE TO DETERMINE","UNABLE TO DETERMINE","3538","S","DAMEN AVE","912",,,,,,,"2","NO INDICATION OF INJURY","0","0","0","0","0","1","0","5","2","12","41.829222682","-87.675399263","POINT (-87.675399262929 41.829222682303)"
"dd286833f4a4f1fd703d12972badd74fed8252dbaecb474ed623a2d7eaf8e55a1a44d87090376bb15785314d6c9ffbff8b9f260d42cffe59abd29909d04ec806","JE489780",,"2021-12-27T05:15:00.000","35","NO CONTROLS","NO CONTROLS","RAIN","DARKNESS","REAR END","NOT DIVIDED",,"STRAIGHT AND LEVEL","WET","NO DEFECTS","NOT ON SCENE (DESK REPORT)","NO INJURY / DRIVE AWAY",,,,"OVER $1,500","2021-12-27T05:22:00.000","OPERATING VEHICLE IN ERRATIC, RECKLESS, CARELESS, NEGLIGENT OR AGGRESSIVE MANNER","OPERATING VEHICLE IN ERRATIC, RECKLESS, CARELESS, NEGLIGENT OR AGGRESSIVE MANNER","2199","S","KOSTNER AVE","1012",,,,,,,"2","NO INDICATION OF INJURY","0","0","0","0","0","4","0","5","2","12","41.85145511","-87.734356137","POINT (-87.734356136894 41.851455110411)"
"34ed00c30eaa1cac9845718199139e31560032f3cbe9c82ae1774808b106f902ad376b4d21c5ef557248a3feabea61c157e5c50a70fda9d6754f7cfc414104a3","JE489777",,"2021-12-27T04:38:00.000","30","NO CONTROLS","NO CONTROLS","CLEAR","DARKNESS, LIGHTED ROAD","PARKED MOTOR VEHICLE","NOT DIVIDED",,"STRAIGHT AND LEVEL","WET","NO DEFECTS","ON SCENE","INJURY AND / OR TOW DUE TO CRASH",,,,"OVER $1,500","2021-12-27T04:39:00.000","UNABLE TO DETERMINE","UNABLE TO DETERMINE","910","W","DIVERSEY PKWY","1933",,,,,,,"2","NO INDICATION OF INJURY","0","0","0","0","0","1","0","4","2","12","41.932781171","-87.651887992","POINT (-87.651887992487 41.932781170778)"
"f3f46725ee6d317f8f5bd57a0df51993ea3583926996a8139faac2c3cc204b84c993ee41f009a8148b5ecf5cd34e6bf6bdccb194223f75fa48c957a0b7195018","JE489774",,"2021-12-27T04:18:00.000","30","NO CONTROLS","NO CONTROLS","RAIN","DARKNESS, LIGHTED ROAD","PARKED MOTOR VEHICLE","NOT DIVIDED",,"STRAIGHT AND LEVEL","WET","NO DEFECTS","ON SCENE","INJURY AND / OR TOW DUE TO CRASH",,,,"OVER $1,500","2021-12-27T04:40:00.000","FAILING TO REDUCE SPEED TO AVOID CRASH","UNDER THE INFLUENCE OF ALCOHOL/DRUGS (USE WHEN ARREST IS EFFECTED)","1351","S","HALSTED ST","1232",,,,,,,"2","NO INDICATION OF INJURY","0","0","0","0","0","1","0","4","2","12","41.863938049","-87.646678527","POINT (-87.646678527432 41.863938049043)"
"4b25fcd7cc0696ccb13ea4b29f08da0beac88351b4c45eed9f7b6441973d9c37ca857ca8cdacad0b44bf98d1f617a4c1e67049d6487e5537e73d2030e5332f47","JE489768",,"2021-12-27T03:45:00.000","30","TRAFFIC SIGNAL","FUNCTIONING PROPERLY","RAIN","DARKNESS, LIGHTED ROAD","REAR END","DIVIDED - W/MEDIAN (NOT RAISED)",,"STRAIGHT AND LEVEL","WET","NO DEFECTS","NOT ON SCENE (DESK REPORT)","NO INJURY / DRIVE AWAY","Y",,"Y","OVER $1,500","2021-12-27T04:15:00.000","FOLLOWING TOO CLOSELY","NOT APPLICABLE","1201","N","AUSTIN BLVD","2531",,,,,,,"3","NO INDICATION OF INJURY","0","0","0","0","0","4","0","3","2","12","41.902091238","-87.775217894","POINT (-87.77521789397 41.902091238174)"
"6a2c44ae383a22a6ac458f8241dafeb199c2596c92306201e265758783cd9a4deb83a31cdbfff84ecc602b3c37bc0bdccd13ce9f6c39cbfac656b1f78c9e7a8c","JE489759",,"2021-12-27T03:39:00.000","25","TRAFFIC SIGNAL","FUNCTIONING PROPERLY","RAIN","DARKNESS, LIGHTED ROAD","REAR END","NOT DIVIDED",,"STRAIGHT AND LEVEL","WET","NO DEFECTS","ON SCENE","NO INJURY / DRIVE AWAY","Y",,"Y","$501 - $1,500","2021-12-27T03:40:00.000","UNABLE TO DETERMINE","UNABLE TO DETERMINE","2101","W","69TH ST","735",,,,,,,"2","NO INDICATION OF INJURY","0","0","0","0","0","2","0","3","2","12","41.768303457","-87.676111943","POINT (-87.676111943395 41.768303457466)"
"1a3c29079dc73d755fc926280211e0ede6211ee8f3d99461320f8fb69949f24320c6f3992d9c0f9f680429bebc1ad75109328bc6906b67a00750f211da43bee2","JE490059","Y","2021-12-27T03:30:00.000","30","TRAFFIC SIGNAL","FUNCTIONING PROPERLY","CLEAR","DARKNESS, LIGHTED ROAD","OTHER OBJECT","NOT DIVIDED",,"STRAIGHT AND LEVEL","WET","NO DEFECTS","NOT ON SCENE (DESK REPORT)","NO INJURY / DRIVE AWAY","Y",,"Y","OVER $1,500","2021-12-27T12:15:00.000","UNABLE TO DETERMINE","UNABLE TO DETERMINE","3201","W","26TH ST","1032",,,,,,,"1","NO INDICATION OF INJURY","0","0","0","0","0","1","0","3","2","12","41.84440733","-87.705099849","POINT (-87.705099849405 41.844407330023)"
"e18f871e1a58bc6029bb06ebc2970f0a3daa26878da7379400f907d3cd4e77600741435151dc735fe52a840aa941f2a9bcacf11efd7ac9d1d5c3a974d7a39ea3","JE490031",,"2021-12-27T03:00:00.000","30","NO CONTROLS","NO CONTROLS","CLEAR","DARKNESS","PARKED MOTOR VEHICLE","ONE-WAY",,"STRAIGHT AND LEVEL","DRY","NO DEFECTS","NOT ON SCENE (DESK REPORT)","NO INJURY / DRIVE AWAY",,,"Y","OVER $1,500","2021-12-27T12:00:00.000","HAD BEEN DRINKING (USE WHEN ARREST IS NOT MADE)","NOT APPLICABLE","10748","S","EBERHART AVE","513",,,,,,,"2","NO INDICATION OF INJURY","0","0","0","0","0","1","0","3","2","12","41.698569492","-87.61123206","POINT (-87.611232060214 41.698569491978)"
"3ba14e3e148a09331ede83eae1cd04ae8015c7d7317933ca8de5027b8dd8d8d1b96204626ac73be8b834f2d5e41e4d65b20baaf27a39a38c2ee12be8d55c7459","JE489751",,"2021-12-27T02:43:00.000","30","NO CONTROLS","NO CONTROLS","RAIN","DARKNESS, LIGHTED ROAD","PARKED MOTOR VEHICLE","NOT DIVIDED",,"STRAIGHT AND LEVEL","WET","NO DEFECTS","NOT ON SCENE (DESK REPORT)","INJURY AND / OR TOW DUE TO CRASH",,,,"OVER $1,500","2021-12-27T02:57:00.000","UNABLE TO DETERMINE","UNABLE TO DETERMINE","9025","S","COTTAGE GROVE AVE","633",,,,,,,"2","NO INDICATION OF INJURY","0","0","0","0","0","1","0","2","2","12","41.730477045","-87.604526479","POINT (-87.60452647942 41.730477045277)"
"c279f1b96a29c26d65381deb667760cbd21955dbf15a3b77d388dcd2ddaa2d4b62c1a3aafb470c78219299a41362781708bffccf24e2efea3a69555829c70808","JE489753",,"2021-12-27T02:35:00.000","30","NO CONTROLS","NO CONTROLS","RAIN","DARKNESS, LIGHTED ROAD","HEAD ON","DIVIDED - W/MEDIAN (NOT RAISED)",,"STRAIGHT AND LEVEL","WET","NO DEFECTS","ON SCENE","INJURY AND / OR TOW DUE TO CRASH",,,,"OVER $1,500","2021-12-27T02:42:00.000","UNABLE TO DETERMINE","UNABLE TO DETERMINE","6327","S","HARLEM AVE","812",,,,,,,"2","NO INDICATION OF INJURY","0","0","0","0","0","3","0","2","2","12","41.776596858","-87.800737033","POINT (-87.800737032626 41.776596857678)"
"c2920855959a0363eb73fe97e691c33d7d4a1282e5ca3c3b0505e1910a3958ab7b33a1efccef5b6634d3454cda74ef16ec349109aa4bb4f9da867c4236e4f511","JE489738",,"2021-12-27T02:05:00.000","30","TRAFFIC SIGNAL","FUNCTIONING PROPERLY","RAIN","DARKNESS, LIGHTED ROAD","TURNING","NOT DIVIDED",,"STRAIGHT AND LEVEL","WET","UNKNOWN","ON SCENE","INJURY AND / OR TOW DUE TO CRASH",,,"Y","$501 - $1,500","2021-12-27T02:13:00.000","UNABLE TO DETERMINE","UNABLE TO DETERMINE","955","W","59TH ST","712",,,,,,,"2","NO INDICATION OF INJURY","0","0","0","0","0","5","0","2","2","12","41.786849266","-87.649597372","POINT (-87.649597372418 41.786849266252)"
"db91a08a8886d5d698a6323ab86cf13f417601e3a34410592575c256229caefe0bd8ffbae30d783333eccd5954d3acc29ef9c5f881a4858909b9bbd22c980519","JE489956","N","2021-12-27T02:00:00.000","20","NO CONTROLS","NO CONTROLS","CLEAR","DARKNESS","PARKED MOTOR VEHICLE","ONE-WAY",,"STRAIGHT AND LEVEL","DRY","NO DEFECTS","NOT ON SCENE (DESK REPORT)","NO INJURY / DRIVE AWAY",,,"Y","$501 - $1,500","2021-12-27T11:05:00.000","UNABLE TO DETERMINE","UNABLE TO DETERMINE","1118","W","77TH ST","612",,,,,,,"2","NO INDICATION OF INJURY","0","0","0","0","0","1","0","2","2","12","41.75427435","-87.652228044","POINT (-87.652228044019 41.754274349584)"